TotalCharges,AvgMonthlyCharge,Tenure,MonthlyCharges,Contract,InternetService_Fiber optic,TotalServicesSubscribed,PaymentMethod_Electronic check,Churn
-0.40279806968610266,-0.7464646972420429,-0.6086956521739131,-0.7451701931922723,0.0,0,-0.3333333333333333,1,0
0.14608698218739397,-0.2722021076934237,0.10869565217391304,-0.24655013799448008,1.0,0,0.0,0,0
-0.3796874308230398,-0.29983037082800185,-0.5869565217391305,-0.3035878564857405,0.0,0,0.0,0,1
0.13169817446613835,-0.5426343315583044,0.34782608695652173,-0.516099356025759,1.0,0,0.3333333333333333,0,0
-0.3668481870102271,0.10117258477593598,-0.5869565217391305,0.006439742410303745,0.0,1,-0.6666666666666666,1,1
-0.16943374507460043,0.5941296664062939,-0.45652173913043476,0.5390984360625578,0.0,1,0.3333333333333333,1,1
0.16376676849515212,0.3368718141669652,-0.15217391304347827,0.344986200551978,0.0,1,0.0,0,0
-0.322501143725742,-0.7401961452923722,-0.41304347826086957,-0.7470101195952161,0.0,0,-0.3333333333333333,0,0
0.48744853234161256,0.708899477837766,-0.021739130434782608,0.6338546458141675,0.0,1,0.6666666666666666,1,1
0.6178775401779785,-0.2595962589309216,0.717391304347826,-0.26126954921803125,1.0,0,0.0,0,0
-0.23821962485795664,-0.4636707472953579,-0.34782608695652173,-0.37534498620055184,0.0,0,-0.3333333333333333,0,0
-0.31515178347426986,-0.920232644670416,-0.2826086956521739,-0.9457221711131554,2.0,0,-0.6666666666666666,0,0
1.2651967946163725,0.5090893844420107,0.6304347826086957,0.5519779208831648,1.0,1,0.3333333333333333,0,0
1.074880831156565,0.5981697970521276,0.43478260869565216,0.613615455381785,0.0,1,0.6666666666666666,0,1
0.3811927214769559,0.6840926053428189,-0.08695652173913043,0.6467341306347748,0.0,1,1.0,1,0
1.9186847891855197,0.8127908399405516,0.8695652173913043,0.7893284268629257,2.0,1,1.3333333333333333,0,0
-0.10967960921474003,-0.9341135162105524,0.5,-0.9144434222631095,1.0,0,-0.6666666666666666,0,0
1.767299774206402,0.620178304246035,0.9130434782608695,0.6688132474701014,2.0,1,0.6666666666666666,0,0
-0.2556632871415711,-0.32269214852680106,-0.41304347826086957,-0.27874885004599803,0.0,0,0.0,0,1
0.13823585838461658,0.33872348726643514,-0.17391304347826086,0.3624655013799449,0.0,1,0.3333333333333333,1,0
-0.39990555039034253,-0.5657829057515331,-0.6086956521739131,-0.5648574057037719,0.0,0,0.0,1,1
-0.35191334248313927,-0.9860678042398746,-0.3695652173913043,-0.9300827966881325,1.0,0,-0.6666666666666666,0,0
-0.4056610734788448,-0.9253027969826497,-0.6086956521739131,-0.9236430542778289,0.0,0,-0.6666666666666666,0,1
0.6229394489455587,-0.18261289965958963,0.6304347826086957,-0.19227230910763562,2.0,0,0.0,0,0
0.4650905388055077,-0.17919084688663411,0.43478260869565216,-0.19779208831646722,0.0,0,0.3333333333333333,0,0
0.04015584185593482,-0.35615515378754353,0.021739130434782608,-0.27690892364305425,0.0,0,0.0,0,0
0.9901270642404922,0.5661653737209276,0.391304347826087,0.5335786568537259,0.0,1,0.3333333333333333,1,1
-0.4026947654255398,-0.7400117761173818,-0.6086956521739131,-0.7387304507819686,0.0,0,-0.3333333333333333,1,1
1.4683667596405012,0.3342075399147378,0.9347826086956522,0.3661453541858327,2.0,0,1.3333333333333333,0,0
-0.08897448384764099,-0.11131288940040358,-0.2608695652173913,-0.1039558417663292,0.0,0,0.0,0,1
1.5856908841368929,0.4604003417509059,0.9130434782608695,0.4783808647654094,2.0,1,0.6666666666666666,0,0
-0.3579935361048391,0.3777263472614103,-0.5869565217391305,0.46274149034038653,0.0,1,0.3333333333333333,0,0
0.14164489898319096,-0.016840758437773037,-0.043478260869565216,-0.07727690892364285,1.0,0,0.6666666666666666,0,0
-0.4056463157273358,-0.924380951107698,-0.6086956521739131,-0.9227230910763569,0.0,0,-0.6666666666666666,0,0
-0.39825268222133675,-0.46253616775695594,-0.6086956521739131,-0.4618215271389144,0.0,0,-0.6666666666666666,0,0
1.7287672850164548,0.5601237963525244,0.9347826086956522,0.5436982520699175,2.0,1,0.6666666666666666,0,0
-0.318073818273048,-0.1282748534995127,-0.5217391304347826,-0.011959521619135079,0.0,1,-0.6666666666666666,1,1
0.6356901462493175,0.1253610189295569,0.3695652173913043,0.08187672493100281,0.0,1,-0.3333333333333333,0,0
0.6359705435279881,0.6278177105129804,0.10869565217391304,0.6623735050597976,0.0,1,0.6666666666666666,1,1
-0.08534407697643184,0.5559359157236411,-0.391304347826087,0.5059797608095676,0.0,1,0.3333333333333333,0,1
-0.2712031994805271,-0.4197625191592026,-0.41304347826086957,-0.38270469181232747,1.0,0,-0.3333333333333333,0,0
1.0264901639586195,-0.013505042068040695,0.8913043478260869,-0.02115915363385449,2.0,0,0.3333333333333333,0,0
-0.2881598559643453,-0.8432042878840207,-0.2608695652173913,-0.9126034958601655,1.0,0,-0.6666666666666666,0,0
1.0232729741296616,0.12589414994626447,0.7391304347826086,0.17479300827966884,2.0,0,1.0,0,0
-0.1219285429671935,0.09510967536760051,-0.34782608695652173,0.10763569457221728,0.0,0,0.6666666666666666,1,0
0.7414737090656867,0.17314240915608436,0.43478260869565216,0.26034958601655944,0.0,1,-0.3333333333333333,1,0
-0.38297840940954236,-0.4026161858851032,-0.5869565217391305,-0.3882244710211591,0.0,0,-0.3333333333333333,0,0
-0.36906184973657413,0.032034144154567394,-0.5869565217391305,0.1895124195032201,0.0,1,-0.3333333333333333,1,1
0.833296438954561,0.19864005824677805,0.5,0.17295308187672506,2.0,0,0.6666666666666666,0,0
0.8440105665500806,-0.1601039203471161,0.8695652173913043,-0.1140754369825205,2.0,0,0.3333333333333333,0,0
0.7214179247649828,0.3491169677236687,0.30434782608695654,0.3661453541858327,0.0,1,0.0,1,0
0.00940068771122036,0.4564212567864436,-0.30434782608695654,0.5289788408463661,0.0,1,0.6666666666666666,0,1
0.10569501630731547,-0.004268146401025764,-0.08695652173913043,-0.015639374425022896,0.0,0,0.3333333333333333,0,0
-0.22468676672422191,0.16270579692895387,-0.45652173913043476,0.1895124195032201,0.0,1,-0.3333333333333333,0,1
0.903705671403905,0.07254927035868948,0.6739130434782609,0.0827966881324747,1.0,0,1.0,0,0
0.10566550080429747,0.4982833022411891,-0.2391304347826087,0.46182152713891467,0.0,1,0.0,1,1
1.4511739791325393,0.5501627395370755,0.7391304347826086,0.5390984360625578,1.0,1,0.3333333333333333,0,0
1.677011850474462,0.6799521206281121,0.8043478260869565,0.7010119595216193,1.0,1,1.0,1,0
-0.14765130384734584,-0.811861528135667,0.10869565217391304,-0.8353265869365225,2.0,0,-0.6666666666666666,0,0
1.9064506131845753,0.7142769121083167,0.9347826086956522,0.6835326586936524,2.0,1,0.6666666666666666,0,0
0.9777157952214401,0.5496702166819006,0.391304347826087,0.5547378104875806,0.0,1,0.3333333333333333,1,0
1.197193075662992,0.3780950856113909,0.6739130434782609,0.35970561177552923,0.0,1,0.0,0,0
0.4626407520550169,-0.5383323841418638,0.9347826086956522,-0.5197792088316466,2.0,0,0.3333333333333333,0,0
-0.1291155679520668,-0.3164748102368498,-0.2391304347826087,-0.29346826126954917,1.0,0,0.0,0,0
-0.15858679771550008,0.4593097071946252,-0.43478260869565216,0.44250229990800394,0.0,1,0.0,1,1
-0.339561104470123,0.2033438359164027,-0.5652173913043478,0.09107635694572223,0.0,0,0.6666666666666666,1,0
0.665810717079146,0.13513377908399263,0.391304347826087,0.15731370745170214,1.0,1,-0.3333333333333333,1,0
0.32545269402753796,0.18837623084998456,0.043478260869565216,0.16283348666053377,2.0,0,1.0,0,0
-0.1368486297427724,-0.9535481545911663,0.45652173913043476,-0.9236430542778289,2.0,0,-0.6666666666666666,0,0
-0.14970263130709405,0.33919318968843415,-0.41304347826086957,0.17479300827966884,0.0,1,0.0,0,0
-0.3971310931066543,-0.3924758812606358,-0.6086956521739131,-0.39190432382704693,0.0,0,-0.3333333333333333,0,0
-0.08969761367158097,-0.9101100678512362,0.5,-0.9190432382704692,1.0,0,-0.6666666666666666,1,0
1.6836971119080297,0.7482507736247614,0.7608695652173914,0.7589696412143515,2.0,1,1.0,0,0
0.008869408656897022,-0.8731738996023232,0.717391304347826,-0.8482060717571297,2.0,0,-0.6666666666666666,0,0
-0.35924794498310236,-0.2065702964787336,-0.5652173913043478,-0.10763569457221701,0.0,0,0.3333333333333333,0,0
1.4004958604507018,0.7245050115780175,0.5869565217391305,0.7387304507819689,1.0,1,1.0,1,0
0.38201915556145866,-0.2191087363865896,0.3695652173913043,-0.27046918123275066,1.0,0,-0.3333333333333333,0,0
-0.26926993403285077,-0.18540625159963686,-0.45652173913043476,-0.28886844526218947,0.0,0,0.0,0,0
0.2115523678812297,0.0007221126020455345,0.021739130434782608,0.08095676172953094,0.0,0,0.6666666666666666,1,0
-0.052522837620460165,-0.7983543772698731,0.34782608695652173,-0.8178472861085556,1.0,0,-0.6666666666666666,0,0
-0.3881878956922124,0.1661627189600223,-0.6086956521739131,0.1655933762649494,0.0,1,-0.3333333333333333,1,1
-0.24474255102492584,-0.3492329293083616,-0.391304347826087,-0.36430542778288866,0.0,0,0.3333333333333333,1,0
-0.2649459128407196,0.011951073307407797,-0.4782608695652174,0.08831646734130656,0.0,1,-0.3333333333333333,0,1
0.8656749457652633,0.6028542791513716,0.2826086956521739,0.6154553817847287,0.0,1,1.0,0,0
-0.12431929871164828,-0.9305704876966587,0.43478260869565216,-0.9236430542778289,2.0,0,-0.6666666666666666,0,0
-0.14043476335945454,0.5852953101046745,-0.43478260869565216,0.532658693652254,0.0,1,0.3333333333333333,0,0
0.24229276427443514,-0.12977614535300533,0.13043478260869565,-0.15087396504139827,1.0,0,0.0,0,0
-0.0996295804371246,-0.8908103971615448,0.41304347826086957,-0.9144434222631095,2.0,0,-0.6666666666666666,0,0
-0.13797021885745486,-0.9252226364717843,0.3695652173913043,-0.9273229070837166,2.0,0,-0.6666666666666666,0,0
-0.11372323312820058,-0.655170167833045,0.0,-0.6734130634774609,0.0,0,-0.3333333333333333,0,0
0.3469990112306489,0.2827454939455657,0.021739130434782608,0.2152713891444343,0.0,1,0.0,0,0
-0.3895603665825475,0.0804310525895254,-0.6086956521739131,0.08003679852805905,0.0,1,-0.3333333333333333,1,0
1.2749811838668261,0.299453252060976,0.8043478260869565,0.25114995400184004,2.0,0,1.0,0,0
1.6860583521494665,0.7190575102675208,0.782608695652174,0.7488500459981602,0.0,1,1.0,0,0
1.7899676805241955,0.6132195580667495,0.9347826086956522,0.5620975160993563,2.0,1,0.6666666666666666,0,0
-0.13789643009990996,0.12798293563911112,-0.3695652173913043,0.15823367065317404,0.0,1,-0.3333333333333333,1,1
0.9899942444769114,-0.06368851377614432,0.9130434782608695,-0.06439742410303588,1.0,0,0.3333333333333333,0,0
-0.3780050471510161,-0.876998073135187,-0.5217391304347826,-0.907083716651334,0.0,0,-0.6666666666666666,0,1
-0.08481279792210857,-0.9042421643010635,0.5,-0.9080036798528058,2.0,0,-0.6666666666666666,0,0
0.3305588760496451,0.5575784774644638,-0.08695652173913043,0.517939282428703,0.0,1,0.6666666666666666,1,1
-0.4056463157273358,-0.924380951107698,-0.6086956521739131,-0.9227230910763569,0.0,0,-0.6666666666666666,0,0
-0.4058676819999705,-0.9382086392319717,-0.6086956521739131,-0.936522539098436,0.0,0,-0.6666666666666666,1,0
0.6526025294786088,0.4525656768462951,0.1956521739130435,0.4535418583256671,1.0,1,0.3333333333333333,0,0
0.48189961777423596,-0.4511527679374781,0.8043478260869565,-0.45630174793008277,1.0,0,0.3333333333333333,0,0
1.8350673691356387,0.7670028810736845,0.8478260869565217,0.7295308187672495,2.0,1,1.0,0,1
-0.38203391331296765,-0.9273308579075432,-0.5217391304347826,-0.8472861085556578,0.0,0,-0.6666666666666666,0,0
1.7439234958161776,0.5732729034855145,0.9347826086956522,0.6218951241950325,1.0,1,0.6666666666666666,1,0
-0.1378078835908561,-0.7623377309013655,0.06521739130434782,-0.7396504139834407,1.0,0,-0.3333333333333333,0,0
0.745782972506309,0.3845115616665772,0.30434782608695654,0.4415823367065318,1.0,1,0.0,0,0
-0.009238352444621525,-0.9477215765248749,0.9347826086956522,-0.937442502299908,2.0,0,-0.6666666666666666,0,0
1.1346792402709522,0.45935998969689523,0.5652173913043478,0.48574057037718504,0.0,1,0.3333333333333333,1,1
0.48632694322693,-0.21815837186834927,0.5,-0.22815087396504127,1.0,0,0.3333333333333333,0,0
0.7554640574962,0.3985750708286292,0.30434782608695654,0.39190432382704715,0.0,1,0.3333333333333333,1,0
0.43494045247266133,0.13237831338071582,0.17391304347826086,0.11315547378104887,0.0,1,-0.6666666666666666,1,1
0.5988547984829032,-0.31057563680790623,0.7608695652173914,-0.28978840846366133,2.0,0,0.6666666666666666,1,0
-0.3382919378403506,0.22977008433168145,-0.5652173913043478,0.3587856485740571,0.0,1,0.3333333333333333,1,0
-0.07916057909416924,-0.7199616283371851,0.15217391304347827,-0.7230910763569457,2.0,0,-0.3333333333333333,0,0
-0.09737164445625061,0.6660797369462649,-0.41304347826086957,0.5501379944802209,0.0,1,0.3333333333333333,1,1
-0.16510972388246928,-0.9212556687511549,0.2608695652173913,-0.9144434222631095,2.0,0,-0.6666666666666666,0,0
0.22344711559746758,0.17241078544580524,-0.043478260869565216,0.2732290708371667,0.0,1,0.0,0,0
1.2163043638671212,0.5190486121981839,0.5869565217391305,0.5418583256669735,1.0,1,0.3333333333333333,0,0
-0.37832971768421364,-0.9503462765855009,-0.5,-0.9135234590616375,0.0,0,-0.6666666666666666,0,0
-0.34385561015923616,0.11392478604609944,-0.5652173913043478,0.07451701931922745,0.0,1,-0.6666666666666666,1,1
-0.3082008825135402,-0.37403896376160406,-0.4782608695652174,-0.36154553817847274,0.0,0,-0.3333333333333333,0,0
-0.39304319593866677,-1.0068861569158647,-0.5434782608695652,-0.9107635694572217,0.0,0,-0.6666666666666666,0,0
0.48201767978630783,0.39472462650104784,0.08695652173913043,0.3422263109475623,2.0,1,0.3333333333333333,1,0
0.218695119611576,0.16141691982601244,-0.043478260869565216,0.141674333026679,0.0,1,-0.3333333333333333,1,1
0.09722406694116088,-0.8553577412206984,0.9347826086956522,-0.8610855565777369,2.0,0,-0.6666666666666666,0,0
-0.4057791354909166,-0.9326775639822623,-0.6086956521739131,-0.9310027598896045,0.0,0,-0.6666666666666666,0,0
0.7646876521893126,-0.26191134438016966,0.9130434782608695,-0.2557497700091995,1.0,0,0.6666666666666666,1,0
-0.05280323489913073,0.4272578352347703,-0.34782608695652173,0.2870285188592458,0.0,1,-0.3333333333333333,1,0
0.031906258762415,-0.18863732139134212,-0.08695652173913043,-0.21619135234590606,0.0,0,1.0,0,1
0.5506264665515562,-0.39969930043003254,0.8260869565217391,-0.36430542778288866,2.0,0,-0.3333333333333333,0,0
-0.40114520151709687,-0.6432179592474658,-0.6086956521739131,-0.6421343146274148,0.0,0,-0.3333333333333333,1,1
-0.3876271011348711,-0.5478069111899772,-0.5869565217391305,-0.4783808647654093,0.0,0,-0.6666666666666666,1,1
-0.06090524047756082,-0.7873474898823374,0.30434782608695654,-0.8215271389144434,2.0,0,-0.6666666666666666,0,0
0.11332477383745815,0.12884800115219963,-0.13043478260869565,0.08555657773689064,0.0,1,-0.3333333333333333,0,0
-0.03447410752497748,-0.9287165074883298,0.7608695652173914,-0.9227230910763569,2.0,0,-0.6666666666666666,0,0
-0.06611472676023082,-0.9181867937374094,0.6086956521739131,-0.9337626494940202,2.0,0,-0.6666666666666666,0,0
-0.3908147754608108,0.002074153218641005,-0.6086956521739131,0.0018399264029440392,0.0,1,-0.6666666666666666,0,1
1.4849544723365948,0.3485985782959263,0.9347826086956522,0.32566697332106725,2.0,0,1.3333333333333333,0,0
-0.24524431457623116,0.002189383953009848,-0.45652173913043476,0.01471941122355127,0.0,0,0.3333333333333333,1,1
1.3508360266229837,0.5079710796101021,0.6956521739130435,0.564857405703772,2.0,1,0.3333333333333333,0,0
1.1494812650344595,0.2268461044470695,0.7608695652173914,0.25666973321067166,1.0,1,0.0,0,0
0.10674281666445304,-0.8407656351261744,0.9130434782608695,-0.8537258509659613,2.0,0,-0.6666666666666666,0,0
1.4823128348164873,0.5232574464278049,0.782608695652174,0.5280588776448943,2.0,1,0.6666666666666666,0,0
-0.3935006862354452,-0.9197717217329402,-0.5652173913043478,-0.9337626494940202,1.0,0,-0.6666666666666666,0,0
-0.39813462020926493,-0.45516140075734335,-0.6086956521739131,-0.4544618215271389,0.0,0,-0.6666666666666666,1,1
0.15802600315815887,-0.11072905367960093,0.021739130434782608,-0.10763569457221701,1.0,0,0.3333333333333333,0,0
-0.0953793480025383,0.020080875976028686,-0.30434782608695654,-0.015639374425022896,0.0,0,0.6666666666666666,0,0
-0.24503770605510544,0.0038026142341752197,-0.45652173913043476,-0.03311867525298983,0.0,0,0.3333333333333333,1,0
-0.21813432505423475,0.4296789469283243,-0.4782608695652174,0.4535418583256671,0.0,1,0.0,0,1
1.9291332772538778,0.7919775450110808,0.8913043478260869,0.6954921803127878,1.0,1,1.0,0,0
1.1276988238072048,0.25405031519935767,0.717391304347826,0.2897884084636615,2.0,0,1.3333333333333333,1,0
-0.37810835141157895,-0.9480416618981219,-0.5,-0.9319227230910763,0.0,0,-0.6666666666666666,0,0
-0.07135372854591875,0.221341779189267,-0.32608695652173914,0.1941122355105798,0.0,1,-0.3333333333333333,0,0
0.12614925989876186,0.23006339892825695,-0.15217391304347827,0.25390984360625596,0.0,1,-0.3333333333333333,0,0
-0.28767285016454897,-0.9449129728679834,-0.15217391304347827,-0.9236430542778289,1.0,0,-0.6666666666666666,0,0
-0.10936969643305146,-0.11684396465011301,-0.2826086956521739,-0.11223551057957673,2.0,0,0.3333333333333333,0,0
-0.33734744174377596,-0.8329338403125013,-0.41304347826086957,-0.8215271389144434,2.0,0,-0.6666666666666666,0,0
-0.18594766901314916,-0.2125032019816271,-0.34782608695652173,-0.264029438822447,0.0,0,0.0,1,0
0.05838166496952524,0.1710945943910132,-0.1956521739130435,0.22171113155473804,0.0,1,-0.3333333333333333,1,1
-0.37170348725668156,-0.050471061653599276,-0.5869565217391305,-0.011959521619135079,0.0,1,-0.6666666666666666,1,0
0.7566889508714453,0.08013536617680514,0.5217391304347826,0.06531738730450803,2.0,0,0.6666666666666666,0,0
-0.3425716857779549,-0.9047707752223645,-0.391304347826087,-0.9153633854645814,1.0,0,-0.6666666666666666,0,0
-0.00917932143858559,-0.9324905227902431,0.8695652173913043,-0.9282428702851886,2.0,0,-0.6666666666666666,0,0
-0.33103112409793245,-0.03848706527922862,-0.5434782608695652,0.010119595216191563,0.0,1,-0.6666666666666666,0,1
1.434423931169847,0.3047596855760066,0.9347826086956522,0.34406623735050607,2.0,0,1.3333333333333333,0,0
0.3709065686751966,-0.45404882814964315,0.6304347826086957,-0.46090156393744247,0.0,0,0.3333333333333333,1,1
-0.31674562063723977,-0.9264551043263392,-0.2826086956521739,-0.9190432382704692,0.0,0,-0.6666666666666666,1,0
0.633018993226192,0.22070169351529736,0.30434782608695654,0.25574977000919974,1.0,1,0.3333333333333333,0,0
-0.33994480600935645,0.9414350997943023,-0.5869565217391305,0.6264949402023922,0.0,1,0.6666666666666666,1,1
-0.06280899042221927,0.25946669073190753,-0.32608695652173914,0.21343146274149052,2.0,0,1.0,0,0
1.0642257345670814,0.44259472821672957,0.5217391304347826,0.4507819687212512,1.0,1,0.3333333333333333,0,1
-0.21841472233290538,-0.9196852986821635,0.06521739130434782,-0.9162833486660534,1.0,0,-0.6666666666666666,0,0
-0.18132849279083837,-0.8737336542132994,0.10869565217391304,-0.8399264029438822,0.0,0,-0.6666666666666666,1,0
-0.0734493292601939,0.11140507398789866,-0.30434782608695654,0.07543698252069933,0.0,1,-0.6666666666666666,0,1
-0.26296837413851626,0.029597837199338298,-0.4782608695652174,0.11223551057957698,0.0,1,-0.3333333333333333,0,1
0.04861203347058044,0.6197108894362003,-0.30434782608695654,0.6439742410303588,0.0,1,0.6666666666666666,0,0
-0.04207434955210223,-0.918396509034242,0.6956521739130435,-0.9162833486660534,1.0,0,-0.6666666666666666,0,0
-0.40276855418308466,-0.7446210054921397,-0.6086956521739131,-0.7433302667893283,0.0,0,-0.3333333333333333,0,1
-0.3982379244698278,-0.4616143218820044,-0.6086956521739131,-0.46090156393744247,0.0,0,-0.6666666666666666,0,0
-0.2160239665884506,0.2303462380035262,-0.45652173913043476,0.26034958601655944,0.0,1,-0.3333333333333333,0,1
0.31249538820265355,0.0738384578474474,0.08695652173913043,0.08095676172953094,1.0,0,0.6666666666666666,0,0
-0.08349935803780932,0.2797624952425173,-0.34782608695652173,0.16375344986200563,0.0,1,0.0,1,1
-0.4042886025885096,-0.8395711306121527,-0.6086956521739131,-0.8380864765409384,0.0,0,-0.6666666666666666,1,1
-0.10941396968757838,-0.3529747855189605,-0.1956521739130435,-0.34130634774609014,0.0,0,-0.3333333333333333,0,0
-0.38736146160770946,-0.7919424270729875,-0.5652173913043478,-0.735050597976081,0.0,0,-0.3333333333333333,1,0
-0.33935449594899725,-0.9496253458371413,-0.34782608695652173,-0.9328426862925483,1.0,0,-0.6666666666666666,1,0
0.29059488496332697,-0.20022492403948355,0.2391304347826087,-0.2529898804047837,0.0,0,-0.3333333333333333,0,0
0.5250217676834757,0.06381638856423512,0.30434782608695654,0.028518859245630388,1.0,0,0.3333333333333333,0,0
-0.25488112631159515,0.33486051407616174,-0.5,0.3799448022079118,0.0,1,0.3333333333333333,1,1
-0.005652218827939336,-0.9292974624407732,0.8695652173913043,-0.9310027598896045,2.0,0,-0.6666666666666666,0,0
1.9877953395020735,0.7848493352018323,0.9347826086956522,0.724011039558418,2.0,1,1.0,0,0
-0.05957704284175261,-0.9240997099933062,0.6521739130434783,-0.939282428702852,2.0,0,-0.6666666666666666,0,0
0.14967311580407613,0.4562215235135376,-0.1956521739130435,0.48206071757129726,0.0,1,0.6666666666666666,1,0
-0.23823438260946564,-0.845563128799338,-0.10869565217391304,-0.8509659613615455,2.0,0,-0.6666666666666666,0,0
1.5127285606764953,0.7405508215866331,0.6521739130434783,0.7543698252069918,0.0,1,1.0,1,0
1.9619250011068314,0.7624049488297471,0.9347826086956522,0.7709291628334869,2.0,1,1.0,0,0
-0.405483980460737,-0.9142406464832307,-0.6086956521739131,-0.9126034958601655,0.0,0,-0.6666666666666666,0,0
0.3797464618290758,0.5340133655055163,-0.043478260869565216,0.5804967801287951,1.0,1,0.6666666666666666,0,0
-0.08330750726819262,0.1680064107099256,-0.32608695652173914,0.17847286108555666,0.0,1,0.0,0,0
1.7741621286580778,0.6262157455397318,0.9130434782608695,0.6476540938362467,2.0,1,0.6666666666666666,1,0
-0.1064329038827644,0.16956645757522837,-0.34782608695652173,0.1462741490340387,0.0,1,-0.3333333333333333,0,0
0.4617405292129691,-0.056944933820872755,0.32608695652173914,-0.027598896044158237,0.0,1,-0.6666666666666666,0,0
0.38083853544074026,0.20320416229898594,0.08695652173913043,0.17663293468261287,1.0,1,0.0,0,0
0.8219034547896282,-0.22664605108879024,0.9347826086956522,-0.27414903403863833,2.0,0,1.0,0,0
-0.38802556042561354,0.1763030235844899,-0.6086956521739131,0.17571297148114098,0.0,1,-0.3333333333333333,1,1
0.15935420079396706,0.5803141078330065,-0.21739130434782608,0.6669733210671573,0.0,1,1.0,1,1
1.552382638981125,0.6200853893228995,0.7608695652173914,0.5906163753449865,1.0,1,1.0,0,0
-0.3866678472867874,-0.5178469202540508,-0.5869565217391305,-0.4480220791168353,0.0,0,-0.6666666666666666,0,1
-0.4041557828249288,-0.8312745177375884,-0.6086956521739131,-0.8298068077276909,0.0,0,-0.6666666666666666,1,0
-0.07979516240905533,-0.957023362417459,0.6956521739130435,-0.9310027598896045,2.0,0,-0.6666666666666666,0,0
-0.2522099732884698,-0.9534667778518601,0.0,-0.9264029438822448,1.0,0,-0.6666666666666666,1,0
0.17157361904340254,0.2870447693449774,-0.13043478260869565,0.30266789328426874,0.0,1,-0.3333333333333333,1,0
0.6029722111539086,-0.18494735025399212,0.6086956521739131,-0.21343146274149025,0.0,0,1.0,0,0
0.5151193164209502,-0.4928034406511995,0.9347826086956522,-0.4618215271389144,2.0,0,0.6666666666666666,0,0
0.7067929930195835,-0.2383041423558548,0.8043478260869565,-0.2529898804047837,2.0,0,1.0,0,0
1.1599445108543263,0.21346050346715342,0.782608695652174,0.2548298068077279,2.0,0,1.0,0,0
-0.22725461548678444,0.14265564914875714,-0.45652173913043476,0.17755289788408476,0.0,1,-0.3333333333333333,0,0
-0.33240359498826755,-0.059919981871852775,-0.5434782608695652,-0.003679852805887556,0.0,1,-0.6666666666666666,1,1
0.13056182759994692,-0.8198098711519229,0.9130434782608695,-0.8390064397424103,2.0,0,-0.6666666666666666,0,0
-0.4056463157273358,-0.924380951107698,-0.6086956521739131,-0.9227230910763569,1.0,0,-0.6666666666666666,1,0
-0.3586723926742522,-0.47014139622530654,-0.5434782608695652,-0.37350505979760806,0.0,0,-0.3333333333333333,0,1
-0.3468661914670681,-0.9597951968037547,-0.3695652173913043,-0.9383624655013799,1.0,0,-0.6666666666666666,0,0
-0.031227402193001862,-0.30678262513492843,-0.10869565217391304,-0.36338546458141663,1.0,0,0.3333333333333333,0,0
0.3397824707427577,0.21725082261056494,0.043478260869565216,0.19871205151793953,1.0,0,1.0,0,0
-0.39531588967104975,-0.27908883864159123,-0.6086956521739131,-0.27874885004599803,0.0,0,-0.3333333333333333,0,1
0.39214297309661905,0.37674304499479544,0.021739130434782608,0.35970561177552923,0.0,1,0.0,0,0
0.800667050368206,0.31436415366500436,0.391304347826087,0.27506899724011047,2.0,0,1.0,0,0
1.2886763772671594,0.6700197745006875,0.5434782608695652,0.6927322907083718,2.0,1,1.0,0,0
0.989640058440696,0.45377863194491574,0.45652173913043476,0.4259429622815089,0.0,1,0.6666666666666666,0,0
-0.3866383317837695,0.26295653582993833,-0.6086956521739131,0.2621895124195032,0.0,1,0.0,0,1
0.05086996945145442,-0.8955732675154612,0.9347826086956522,-0.9218031278748849,2.0,0,-0.6666666666666666,0,0
-0.20440961615088327,-0.8505061299564058,0.0,-0.8316467341306348,0.0,0,-0.6666666666666666,1,0
-0.3779312583934712,-0.24498054126838284,-0.5869565217391305,-0.29346826126954917,0.0,0,-0.3333333333333333,0,1
-0.32334233556175385,-0.7454506667795961,-0.41304347826086957,-0.749770009199632,2.0,0,-0.3333333333333333,0,0
-0.026150735673912698,0.040842893626326884,-0.2391304347826087,0.05151793928242892,0.0,1,-0.6666666666666666,1,0
-0.08094626702675581,0.5809095585177837,-0.391304347826087,0.4535418583256671,0.0,1,0.3333333333333333,1,1
-0.32768111450539394,-0.9691480914100342,-0.2826086956521739,-0.9310027598896045,2.0,0,-0.6666666666666666,0,0
1.4627735718185977,0.32935504565631196,0.9347826086956522,0.2989880404783809,2.0,0,1.0,0,0
1.9137114269269935,0.7205761922538192,0.9347826086956522,0.7148114075436984,2.0,1,1.0,0,0
0.5292424846150441,0.13661868287011078,0.2608695652173913,0.08003679852805905,1.0,0,0.6666666666666666,0,0
1.396555540797804,0.4408444252071333,0.782608695652174,0.44250229990800394,0.0,1,0.6666666666666666,1,0
-0.19576157376662093,-0.2596591640464581,-0.34782608695652173,-0.28610855565777366,0.0,0,0.0,1,0
-0.33091306208586063,-0.03664337352932556,-0.5434782608695652,0.09199632014719412,0.0,1,-0.3333333333333333,1,0
0.3356650580717523,-0.15830454497720353,0.2608695652173913,-0.09843606255749761,1.0,0,0.0,0,0
-0.0945233984150175,0.023645346692507774,-0.30434782608695654,0.07451701931922745,0.0,1,-0.3333333333333333,1,1
-0.3972786706217441,-0.40169434001015164,-0.6086956521739131,-0.40110395584176634,0.0,0,-0.3333333333333333,0,1
0.8571006921385458,0.5901020778812078,0.2826086956521739,0.5271389144434224,1.0,1,0.6666666666666666,1,0
0.951874972329216,0.3731984572285598,0.4782608695652174,0.4259429622815089,1.0,1,0.6666666666666666,1,0
-0.3681763846460353,0.05968952040311483,-0.5869565217391305,0.0009199632014721504,0.0,1,-0.6666666666666666,1,1
-0.3997432151237438,-0.5556426011270655,-0.6086956521739131,-0.5547378104875804,0.0,0,0.0,1,1
0.36562329363498186,0.22037877948061238,0.06521739130434782,0.24563017479300847,1.0,0,1.0,0,0
-0.35462876876079164,-0.9408819922693314,-0.41304347826086957,-0.9291628334866605,0.0,0,-0.6666666666666666,0,0
0.7996782810171041,-0.16750421109148209,0.8260869565217391,-0.19871205151793925,2.0,0,1.0,1,0
1.6568822774162129,0.8213684526387232,0.6956521739130435,0.8233670653173873,2.0,1,1.3333333333333333,0,0
1.2976638479361287,0.8385939739847038,0.45652173913043476,0.8095676172953082,1.0,1,1.3333333333333333,0,0
-0.38783370965599684,-0.5542598323146383,-0.5869565217391305,-0.4737810487580496,0.0,0,-0.6666666666666666,0,1
-0.04896621950679591,-0.5156853506162332,0.0,-0.4664213431462741,0.0,0,0.3333333333333333,1,0
-0.3725889523472204,-0.4843531867974768,-0.5652173913043478,-0.5372585096596136,0.0,0,0.0,1,1
-0.008928439662932957,0.6380768957140819,-0.34782608695652173,0.6724931002759892,0.0,1,0.6666666666666666,1,1
1.0421333805581383,0.2963208874093265,0.6086956521739131,0.3587856485740571,0.0,1,0.0,1,0
0.037056714039049,-0.3927435139340089,0.043478260869565216,-0.3771849126034958,2.0,0,0.6666666666666666,0,0
1.0736854532843376,0.7649528284007939,0.34782608695652173,0.7902483900643975,1.0,1,1.3333333333333333,0,0
1.2196396157081508,0.37362337750650276,0.6956521739130435,0.3265869365225391,2.0,0,1.3333333333333333,0,0
-0.05882439751479464,-0.8560721717737859,0.45652173913043476,-0.8362465501379945,2.0,0,-0.6666666666666666,0,0
0.18084148699104208,0.6509566127766644,-0.21739130434782608,0.6375344986200554,0.0,1,1.0,0,0
-0.08705597615147358,-0.9531925408265237,0.6521739130434783,-0.9383624655013799,2.0,0,-0.6666666666666666,0,1
0.0998804622127773,-0.8468030764198714,0.9130434782608695,-0.8482060717571297,2.0,0,-0.6666666666666666,0,0
0.034429834270450585,0.4445601731954,-0.2826086956521739,0.4434222631094758,0.0,1,0.3333333333333333,1,1
0.6067206800371897,-0.18083947565333058,0.6086956521739131,-0.19503219871205144,2.0,0,0.3333333333333333,1,0
-0.4042886025885096,-0.8395711306121527,-0.6086956521739131,-0.8380864765409384,0.0,0,-0.6666666666666666,0,1
0.2294830359646405,0.7054886481004451,-0.1956521739130435,0.6752529898804049,0.0,1,0.6666666666666666,1,0
-0.3907705022062839,0.004839690843495592,-0.6086956521739131,0.004599816007359706,0.0,1,-0.6666666666666666,0,1
-0.29322176473192546,0.1822028371841799,-0.5217391304347826,0.2769089236430545,0.0,1,0.0,1,1
1.2485943241687698,0.6975182268431714,0.5,0.6384544618215272,0.0,1,0.6666666666666666,1,1
-0.0161597379023332,-0.12053134814991939,-0.17391304347826086,-0.0993560257589695,0.0,0,0.3333333333333333,0,0
-0.18376352178982008,-0.2802082229183181,-0.32608695652173914,-0.28242870285188587,0.0,0,0.6666666666666666,1,0
-0.3393692537005062,-0.3943195730105389,-0.5217391304347826,-0.36430542778288866,0.0,0,-0.3333333333333333,0,0
-0.3163028880919704,-0.30459324118191844,-0.5,-0.27966881324747006,0.0,0,0.0,0,0
-0.2645474535499771,-0.3781872701988862,-0.41304347826086957,-0.35234590616375333,0.0,0,-0.3333333333333333,1,0
-0.4041115095704019,-0.8285089801127337,-0.6086956521739131,-0.8270469181232751,0.0,0,-0.6666666666666666,0,0
0.676849515207863,-0.29694282419028584,0.8478260869565217,-0.29254829806807714,0.0,0,-0.3333333333333333,0,0
0.11375274863121858,0.5263483877674932,-0.2391304347826087,0.45630174793008305,0.0,1,0.3333333333333333,0,1
0.11483006449137409,0.19792449956062672,-0.15217391304347827,0.10395584176632947,1.0,1,-0.6666666666666666,0,0
-0.1379554611059459,-0.4421172816267784,-0.1956521739130435,-0.4783808647654093,0.0,0,-0.6666666666666666,1,0
-0.39094759522439165,-0.006222459655923278,-0.6086956521739131,-0.006439742410303484,0.0,1,-0.6666666666666666,1,1
-0.23258216378152627,0.10105735404156688,-0.45652173913043476,0.07635694572217122,0.0,1,-0.3333333333333333,1,1
-0.2830979471967651,-0.4940632966803,-0.41304347826086957,-0.4691812327506899,0.0,0,-0.6666666666666666,0,1
0.09390357285164036,0.018897840436507257,-0.10869565217391304,0.10579576816927325,0.0,1,-0.6666666666666666,1,1
0.18495889966204754,-0.23210103747263067,0.13043478260869565,-0.16835326586936508,1.0,0,0.3333333333333333,0,0
0.1612284352356075,0.25894851028667054,-0.13043478260869565,0.30266789328426874,1.0,1,0.3333333333333333,0,0
-0.24401942120098583,0.4479402747368889,-0.5,0.3495860165593377,0.0,1,0.0,1,0
-0.3465710364368885,-0.9582587870121687,-0.3695652173913043,-0.9319227230910763,0.0,0,-0.6666666666666666,0,0
-0.40563155797582684,-0.9234591052327465,-0.6086956521739131,-0.9218031278748849,0.0,0,-0.6666666666666666,0,0
1.1929871164829327,0.11490289481482743,0.9130434782608695,0.10487580496780136,2.0,1,-0.3333333333333333,1,0
0.6029869689054176,0.5139619983524688,0.13043478260869565,0.5602575896964123,0.0,1,0.3333333333333333,1,0
0.47850533492717057,0.09322166410447849,0.2391304347826087,0.07727690892364311,0.0,0,0.3333333333333333,1,0
-0.38988503711574507,0.06015044334059046,-0.6086956521739131,0.05979760809567618,0.0,1,-0.3333333333333333,0,1
0.03401661722819911,-0.08654329154300902,-0.13043478260869565,-0.10027598896044139,1.0,0,0.0,0,0
-0.29469753988282343,0.5289090707534697,-0.5434782608695652,0.46182152713891467,0.0,1,0.0,1,1
-0.3063414058234088,0.3470749719192701,-0.5434782608695652,0.36890524379024864,0.0,1,0.3333333333333333,1,0
0.8011835716710202,-0.18272883159518186,0.8478260869565217,-0.18491260349586014,2.0,0,1.0,0,0
0.5156801109782914,0.22748972874627482,0.1956521739130435,0.2115915363385465,0.0,1,-0.3333333333333333,0,0
-0.04883339974321514,-0.8610217750100644,0.5,-0.8380864765409384,2.0,0,-0.6666666666666666,0,0
0.2682368914272222,0.030276875455440836,0.06521739130434782,0.08371665133394686,0.0,1,-0.6666666666666666,1,1
0.19475804666401034,0.009289981274296553,0.0,0.09567617295308194,2.0,0,0.6666666666666666,0,0
0.6928174023405795,0.5186717297211125,0.1956521739130435,0.566697332106716,0.0,1,0.3333333333333333,1,0
0.675285193547911,0.11763137466830063,0.41304347826086957,0.15455381784728622,1.0,0,0.6666666666666666,0,0
-0.4059267130060064,-0.9418960227317782,-0.6086956521739131,-0.9402023919043239,0.0,0,-0.6666666666666666,0,0
0.14512772833931026,0.28394948052769936,-0.15217391304347827,0.34406623735050607,0.0,1,0.3333333333333333,1,0
1.0332049408952053,0.8020434281911587,0.30434782608695654,0.8224471021159155,2.0,1,1.3333333333333333,0,0
-0.3107834890276117,-0.037196481054296265,-0.5217391304347826,-0.018399264029438825,0.0,1,-0.6666666666666666,1,0
-0.28895677454583024,0.2354855287563813,-0.5217391304347826,0.18859245630174795,0.0,1,-0.3333333333333333,1,1
1.2667611162763242,0.7588734657352633,0.4782608695652174,0.7304507819687214,1.0,1,1.0,0,0
-0.011643865940585307,-0.9449212352509855,0.9130434782608695,-0.9282428702851886,2.0,0,-0.6666666666666666,0,0
0.4911674857218755,0.187195360370102,0.1956521739130435,0.18307267709291636,1.0,0,1.0,0,1
0.24689718274523703,0.41709684817080084,-0.10869565217391304,0.4195032198712054,0.0,1,0.3333333333333333,1,1
0.5436165345847906,0.40800239964017726,0.13043478260869565,0.38914443422263123,0.0,1,0.0,0,0
0.8723454494473223,0.1884235897181125,0.5434782608695652,0.22263109475620993,1.0,0,1.0,0,1
0.8469326013488585,-0.20493145936770857,0.9347826086956522,-0.19043238270469173,2.0,0,1.0,1,0
-0.3983855019849176,-0.47083278063152023,-0.6086956521739131,-0.47010119595216193,0.0,0,-0.6666666666666666,1,0
-0.2869644780921179,-0.43170554460579746,-0.43478260869565216,-0.4001839926402943,1.0,0,-0.3333333333333333,0,0
0.8211655672141792,-0.1807853321503778,0.8695652173913043,-0.18951241950321984,2.0,0,1.0,0,0
1.1049276132288486,0.524938042369063,0.5,0.5952161913523462,0.0,1,0.6666666666666666,0,0
-0.15185726302740515,0.17823051950484303,-0.391304347826087,0.23091076356945744,0.0,1,0.0,1,0
-0.37056714039049016,-0.014979995467963194,-0.5869565217391305,0.0,0.0,1,-0.6666666666666666,1,1
-0.12423075220259441,-0.6556958016262748,-0.021739130434782608,-0.6338546458141674,0.0,0,-0.3333333333333333,1,0
0.02228420477855994,0.29749864302665346,-0.2608695652173913,0.22631094756209774,0.0,1,-0.3333333333333333,0,0
-0.19338557577367513,-0.9073399716478788,0.13043478260869565,-0.9291628334866605,2.0,0,-0.6666666666666666,0,0
-0.3638080901993772,-0.9235743359671155,-0.45652173913043476,-0.9411223551057957,1.0,0,-0.6666666666666666,0,0
0.8938474933959062,0.47592297307146997,0.3695652173913043,0.45170193192272334,1.0,1,0.3333333333333333,0,0
-0.26071043815764233,0.049746754180422834,-0.4782608695652174,0.06439742410303588,0.0,1,-0.6666666666666666,1,1
-0.3656232936349818,0.13942918858642664,-0.5869565217391305,0.18859245630174795,0.0,1,-0.3333333333333333,0,1
1.1509275246823394,0.13854801238242856,0.8478260869565217,0.10027598896044164,1.0,0,0.6666666666666666,0,1
0.9932852230634142,0.7440528911738555,0.30434782608695654,0.6301747930082797,2.0,1,0.6666666666666666,1,1
1.4031374979708091,0.37022957124893646,0.8478260869565217,0.32750689972401126,2.0,0,1.3333333333333333,1,0
0.6408110860229337,0.529293173201366,0.15217391304347827,0.4498620055197793,0.0,1,0.3333333333333333,0,0
1.5373002169389474,0.6355578590008442,0.7391304347826086,0.6080956761729533,0.0,1,0.6666666666666666,1,1
0.12855477339472557,-0.2423878497450815,0.06521739130434782,-0.28886844526218947,0.0,0,0.0,0,0
1.4253774294948423,0.3193579228833141,0.9130434782608695,0.283348666053358,2.0,0,1.3333333333333333,0,0
0.919142279482298,-0.0373277742546683,0.8043478260869565,-0.05335786568537244,0.0,0,0.3333333333333333,0,0
-0.019598294003925522,-0.9081242722652979,0.7391304347826086,-0.9172033118675252,1.0,0,-0.6666666666666666,0,0
-0.15629934623160815,-0.9078326934500308,0.2608695652173913,-0.9218031278748849,1.0,0,-0.6666666666666666,0,0
-0.3903277696610145,0.03249506709204303,-0.6086956521739131,0.03219871205151794,0.0,1,-0.6666666666666666,1,0
-0.36196337126075473,0.2537380770804225,-0.5869565217391305,0.36890524379024864,0.0,1,0.0,1,1
-0.026873865497852735,-0.9534849423025981,0.8913043478260869,-0.936522539098436,2.0,0,-0.6666666666666666,0,0
-0.11738315550242764,-0.4977266320268467,-0.13043478260869565,-0.46734130634774596,0.0,0,0.0,1,0
1.4865040362450377,0.5557866395450265,0.7608695652173914,0.49034038638454475,1.0,1,0.6666666666666666,0,0
0.26097607768480396,-0.16131679942818253,0.17391304347826086,-0.13891444342226308,2.0,0,0.3333333333333333,0,0
-0.21048980977258305,-0.5578116502445989,-0.2608695652173913,-0.4737810487580496,1.0,0,-0.6666666666666666,0,0
-0.2420861557533094,0.21594239620740774,-0.4782608695652174,0.3459061637534501,0.0,1,0.0,1,0
-0.30184029161316983,0.41736571988432813,-0.5434782608695652,0.26586936522539106,0.0,1,0.0,0,1
-0.16364870648308022,-0.5592421897816384,-0.17391304347826086,-0.5234590616375345,0.0,0,0.0,1,1
-0.1619072918050206,0.26295653582993833,-0.41304347826086957,0.18215271389144447,0.0,1,-0.3333333333333333,0,1
-0.1492156255072977,-0.27240545604819233,-0.2826086956521739,-0.2989880404783808,0.0,0,-0.3333333333333333,1,0
1.6023523855905315,0.6688567976445564,0.7608695652173914,0.6421343146274151,2.0,1,0.6666666666666666,1,0
-0.17397913253936628,-0.7470451187188644,-0.043478260869565216,-0.7286108555657773,0.0,0,-0.3333333333333333,0,1
0.7739555201369519,0.46644303836984574,0.2826086956521739,0.4921803127874885,1.0,1,0.3333333333333333,1,0
-0.38688921355942213,-0.9879883164793573,-0.5217391304347826,-0.9227230910763569,0.0,0,-0.6666666666666666,0,0
0.756954590398607,0.48354750849213257,0.2608695652173913,0.5234590616375346,2.0,1,0.6666666666666666,0,0
0.4380100647865292,-0.3817792903323183,0.6304347826086957,-0.36890524379024836,1.0,0,-0.3333333333333333,0,0
-0.13248033529611428,-0.9258323680171964,0.391304347826087,-0.9162833486660534,2.0,0,-0.6666666666666666,0,0
-0.00634583314886144,0.10957162496993915,-0.2391304347826087,0.10211591536338568,0.0,1,-0.3333333333333333,0,0
-0.2662298372220009,0.5194140582414684,-0.5217391304347826,0.48114075436982534,0.0,1,0.3333333333333333,0,1
0.0033795250955564547,-0.16974990182124725,-0.13043478260869565,-0.19135234590616362,0.0,0,0.0,0,0
-0.40595622850902435,-0.9437397144816814,-0.6086956521739131,-0.9420423183072677,0.0,0,-0.6666666666666666,0,0
1.6435117545490772,0.5112706535545722,0.9130434782608695,0.5206991720331189,1.0,1,0.3333333333333333,0,0
1.9870131786720975,0.7841707542105484,0.9347826086956522,0.7773689052437903,2.0,1,1.3333333333333333,0,0
-0.2078776877554936,-0.9111678269000587,0.08695652173913043,-0.9153633854645814,1.0,0,-0.6666666666666666,0,0
-0.358037809359366,0.3763435784489829,-0.5869565217391305,0.28150873965041423,0.0,1,-0.3333333333333333,1,1
-0.16639364826375055,-0.6585820571633255,-0.10869565217391304,-0.6366145354185833,2.0,0,0.0,0,0
1.2437390239223152,0.54965060293988,0.5869565217391305,0.5409383624655015,1.0,1,0.6666666666666666,0,0
0.6647629167220083,0.5203757677218233,0.17391304347826086,0.4737810487580497,0.0,1,0.3333333333333333,0,0
0.6693230619382831,0.27343985287299255,0.30434782608695654,0.2713891444342227,1.0,0,1.0,0,0
-0.40412626732191087,-0.8294308259876852,-0.6086956521739131,-0.8279668813247469,0.0,0,-0.6666666666666666,0,0
0.3459069376189844,0.5959272658624495,-0.08695652173913043,0.6366145354185835,0.0,1,0.6666666666666666,0,1
1.1552810613774884,0.3077189535611937,0.6956521739130435,0.35510579576816953,2.0,0,1.3333333333333333,1,0
0.0046339339738197625,0.23264407441241286,-0.2608695652173913,0.3017479300827968,1.0,1,0.0,1,0
0.5739289561842359,0.20470037334214455,0.2608695652173913,0.2916283348666055,1.0,1,0.3333333333333333,0,0
-0.3966588450583669,-0.3629768132621852,-0.6086956521739131,-0.36246550137994477,0.0,0,-0.3333333333333333,0,1
0.9851684597334751,-0.0850018717194937,0.9347826086956522,-0.10211591536338542,2.0,0,1.3333333333333333,0,0
-0.38479361284514696,0.378187270198886,-0.6086956521739131,0.3771849126034959,0.0,1,0.0,0,1
1.0840749103466596,0.6496132650049421,0.41304347826086957,0.6945722171113157,2.0,1,0.6666666666666666,0,0
-0.34822390460589425,-0.9368677725047695,-0.391304347826087,-0.9273229070837166,0.0,0,-0.6666666666666666,0,1
1.0271837782795412,0.3372740741851258,0.5652173913043478,0.2778288868445264,0.0,1,0.0,1,1
0.28154838328832216,-0.2658976631452605,0.2826086956521739,-0.2870285188592456,1.0,0,1.0,1,0
0.7876064402827585,0.40567503810653327,0.32608695652173914,0.36890524379024864,0.0,1,0.0,0,0
-0.39862162600906126,-0.48558231463074547,-0.6086956521739131,-0.4848206071757129,0.0,0,-0.6666666666666666,1,0
0.35439264473664794,0.47535665390674525,-0.043478260869565216,0.4645814167433303,0.0,1,0.0,0,0
0.2700668526143358,0.28026675281514035,-0.043478260869565216,0.26586936522539106,0.0,0,1.0,0,0
-0.38525110314192534,-0.47359831825637494,-0.5869565217391305,-0.47930082796688134,0.0,0,-0.6666666666666666,1,0
-0.3031242159944511,-0.9401493673897646,-0.21739130434782608,-0.9282428702851886,0.0,0,-0.6666666666666666,0,0
0.7526305692064758,0.4347271505292498,0.2826086956521739,0.454461821527139,0.0,1,0.0,1,0
1.3492717049630318,0.3697649510686466,0.8043478260869565,0.3624655013799449,2.0,0,1.3333333333333333,0,0
0.6789008426676111,0.7674017724928368,0.08695652173913043,0.7276908923643057,0.0,1,1.0,0,0
0.3334956685999321,0.07210732660099198,0.10869565217391304,0.06623735050597993,0.0,1,-0.3333333333333333,0,1
0.12076268059798413,-0.2890894696486418,0.08695652173913043,-0.28978840846366133,0.0,0,0.6666666666666666,1,0
-0.289089594309411,-0.9640604039860489,-0.13043478260869565,-0.9254829806807728,1.0,0,-0.6666666666666666,0,0
-0.22738743525036526,-0.9372003703062435,0.06521739130434782,-0.9310027598896045,1.0,0,-0.6666666666666666,0,0
-0.34145009666327236,-0.8984016582681535,-0.391304347826087,-0.9254829806807728,1.0,0,-0.6666666666666666,0,0
1.6567199421496144,0.5756359685453996,0.8695652173913043,0.5354185832566699,0.0,1,0.3333333333333333,0,1
0.7243842328182879,-0.253277154142947,0.8478260869565217,-0.26586936522539095,1.0,0,0.0,0,0
-0.2878204276796387,-0.9101845246334438,-0.1956521739130435,-0.9319227230910763,2.0,0,-0.6666666666666666,0,0
0.02190050323932647,-0.9207063710228216,0.9347826086956522,-0.9300827966881325,2.0,0,-0.6666666666666666,0,0
1.3038325880668822,0.4891160571513929,0.6739130434782609,0.46090156393744275,1.0,1,0.3333333333333333,0,0
0.4329629137704579,0.3518282397119892,0.06521739130434782,0.4342226310947564,0.0,1,0.3333333333333333,0,0
-0.40573486223638966,-0.9299120263574077,-0.6086956521739131,-0.9282428702851886,0.0,0,-0.6666666666666666,0,1
-0.4058234087454436,-0.9354431016071171,-0.6086956521739131,-0.9337626494940202,0.0,0,-0.6666666666666666,0,1
-0.3426307167839908,0.1394291885864264,-0.5652173913043478,0.20239190432382706,0.0,1,-0.3333333333333333,1,1
-0.09692891191098121,-0.8694910412926464,0.3695652173913043,-0.8445262189512419,1.0,0,-0.6666666666666666,0,0
0.22269447027050968,0.06946426545648085,0.0,0.08463661453541875,0.0,1,-0.6666666666666666,1,0
0.9086200026563953,0.32021943253281304,0.4782608695652174,0.31278748850046,0.0,1,0.3333333333333333,1,0
0.6347308924012338,0.06485569832732266,0.41304347826086957,0.005519779208831856,0.0,1,-0.6666666666666666,0,0
-0.05867681999970484,0.08106482162855456,-0.2826086956521739,0.053357865685372693,0.0,1,-0.3333333333333333,0,0
1.6128303891619074,0.5097215073276915,0.8913043478260869,0.5216191352345908,2.0,1,0.6666666666666666,0,0
-0.10916308791192572,-0.8244989505566943,0.2391304347826087,-0.8380864765409384,2.0,0,-0.6666666666666666,0,0
0.13321822287156335,0.25013449775106644,-0.15217391304347827,0.23827046918123282,0.0,1,0.0,1,1
-0.38938327356443975,0.09149320308894428,-0.6086956521739131,0.09107635694572223,0.0,1,-0.3333333333333333,0,1
-0.3725741945957114,-0.8091502167387504,-0.5217391304347826,-0.8472861085556578,0.0,0,-0.6666666666666666,0,0
-0.259470787030888,0.0608089046798417,-0.4782608695652174,-0.009199632014719412,0.0,1,-0.6666666666666666,0,0
0.4238131078348903,0.5026682511061409,0.0,0.5556577736890526,1.0,1,0.6666666666666666,0,0
-0.0838387863225159,-0.8314840281637138,0.32608695652173914,-0.8215271389144434,1.0,0,-0.6666666666666666,0,0
-0.27899529227726866,-0.46843598135664605,-0.41304347826086957,-0.545538178472861,0.0,0,0.3333333333333333,0,0
0.42620386357934514,-0.3452773724631147,0.5652173913043478,-0.34406623735050595,0.0,0,-0.6666666666666666,0,0
1.1752630569206475,0.6094287623694326,0.5,0.6393744250229991,1.0,1,0.6666666666666666,0,0
-0.1581883384247576,0.28618705187871823,-0.41304347826086957,0.2870285188592458,0.0,1,-0.3333333333333333,1,0
0.00014757751508980092,0.13210563524653346,-0.2391304347826087,0.09659613615455383,0.0,1,-0.6666666666666666,0,0
0.7618394061480792,-0.2188706125160778,0.8478260869565217,-0.22263109475620968,1.0,0,0.0,0,0
-0.06257286639807559,-0.9393873929737131,0.6956521739130435,-0.937442502299908,0.0,0,-0.6666666666666666,0,1
1.0005460368058323,-0.07166071336255579,0.9347826086956522,-0.09475620975160978,2.0,0,1.3333333333333333,0,0
-0.37633742123050135,-0.1952008640209974,-0.5869565217391305,-0.31094756209751595,0.0,0,0.0,1,0
-0.25845250217676835,-0.4995636437341778,-0.3695652173913043,-0.4590616375344986,0.0,0,-0.6666666666666666,0,1
-0.14613125544192085,-0.892341185941698,0.2608695652173913,-0.9310027598896045,2.0,0,-0.6666666666666666,1,0
-0.06220392261035109,-0.45735964861299705,-0.06521739130434782,-0.4765409383624654,0.0,0,0.3333333333333333,0,0
-0.19908206785614146,-0.9280427277776447,0.15217391304347827,-0.9107635694572217,1.0,0,-0.6666666666666666,0,0
2.087823379229941,0.8716308815965798,0.9347826086956522,0.8040478380864767,2.0,1,1.3333333333333333,0,0
0.5214356340667936,0.36841570392439915,0.13043478260869565,0.3587856485740571,0.0,1,0.0,0,0
-0.3953601629255767,-0.2818543762664461,-0.6086956521739131,-0.28150873965041395,0.0,0,0.0,0,0
0.1440356547276457,0.872469505274487,-0.2826086956521739,0.7838086476540941,0.0,1,1.0,1,0
1.0849456176856893,0.6110003865769639,0.43478260869565216,0.5740570377184914,0.0,1,0.3333333333333333,0,0
1.3739319077345375,0.7686402119006001,0.5434782608695652,0.8150873965041401,1.0,1,1.3333333333333333,0,0
-0.06725107362642226,-0.10178714869257059,-0.2391304347826087,-0.10211591536338542,0.0,0,0.0,1,0
0.45545372707014364,0.20767139016270336,0.15217391304347827,0.1849126034958604,0.0,1,-0.3333333333333333,1,0
1.4763359454553504,0.6687069976898768,0.6739130434782609,0.6540938362465504,0.0,1,0.6666666666666666,1,1
-0.39108041498797247,-0.014519072530487561,-0.6086956521739131,-0.014719411223551008,0.0,1,-0.6666666666666666,0,1
-0.0366877702513245,-0.8464317912584269,0.5,-0.8334866605335787,2.0,0,-0.6666666666666666,0,0
-0.1874234441640472,0.45366340121054666,-0.45652173913043476,0.4489420423183074,0.0,1,0.3333333333333333,1,0
1.8349788226265848,0.652269973602893,0.9347826086956522,0.6467341306347748,2.0,1,1.0,0,0
0.07325747849057719,-0.823568462376665,0.7608695652173914,-0.8399264029438822,1.0,0,-0.6666666666666666,0,0
0.04452413630259298,-0.0016970344516154393,-0.15217391304347827,-0.01103955841766319,0.0,0,0.6666666666666666,0,0
0.645754932778442,-0.19599979711262205,0.6739130434782609,-0.18675252989880392,0.0,0,1.0,0,0
0.24573132037602752,0.16965256405805332,-0.021739130434782608,0.19687212511499547,0.0,1,-0.3333333333333333,1,1
0.0068918699546937435,-0.8682541383278592,0.6956521739130435,-0.8454461821527139,2.0,0,-0.6666666666666666,0,0
0.32470004870058006,0.6195956587018315,-0.10869565217391304,0.6218951241950325,0.0,1,0.6666666666666666,1,0
0.405483980460737,0.526044763927727,-0.021739130434782608,0.4149034038638457,1.0,1,0.6666666666666666,0,0
0.28770236566756696,0.1592796030937174,0.021739130434782608,0.19227230910763576,2.0,0,1.0,0,0
-0.4003925561901389,-0.946505252106536,-0.5869565217391305,-0.9264029438822448,0.0,0,-0.6666666666666666,0,0
-0.3894423045704757,0.0878058195891379,-0.6086956521739131,0.08739650413983442,0.0,1,-0.6666666666666666,1,0
-0.3818273047918419,-0.9867591886460885,-0.5,-0.9328426862925483,0.0,0,-0.6666666666666666,0,0
0.0647865291244226,-0.056885572533470624,-0.10869565217391304,-0.016559337626494783,0.0,0,0.3333333333333333,0,0
-0.29770812119065543,0.48189493113093884,-0.5434782608695652,0.566697332106716,0.0,1,0.3333333333333333,1,1
-0.21289532326854682,0.4764297020151546,-0.4782608695652174,0.5418583256669735,0.0,1,0.3333333333333333,1,1
2.0691400658195716,0.8554217582953476,0.9347826086956522,0.8408463661453544,2.0,1,1.3333333333333333,0,0
0.41475184840837653,-0.559395830760797,0.8913043478260869,-0.5574977000919963,2.0,0,0.0,0,0
1.5182479597408538,0.5867693032484773,0.7608695652173914,0.5841766329346827,2.0,1,0.6666666666666666,1,0
1.5331532887649237,0.3904145314569243,0.9347826086956522,0.3560257589696414,1.0,1,0.0,1,0
-0.15538436563805139,-0.9330546827492879,0.32608695652173914,-0.9282428702851886,2.0,0,-0.6666666666666666,0,0
-0.19486135092457313,-0.2553335795563005,-0.34782608695652173,-0.2649494020239189,0.0,0,-0.3333333333333333,1,1
-0.31403019435958734,-0.93826286545991,-0.2608695652173913,-0.9144434222631095,1.0,0,-0.6666666666666666,0,0
-0.3953749206770857,-0.28277622214139764,-0.6086956521739131,-0.28242870285188587,0.0,0,-0.3333333333333333,1,1
-0.24502294830359647,-0.14060710275997604,-0.43478260869565216,-0.005519779208831595,0.0,0,0.3333333333333333,0,0
-0.02337627839022448,-0.286348374906835,-0.10869565217391304,-0.3081876724931002,0.0,0,0.0,0,0
-0.3895603665825475,0.0804310525895254,-0.6086956521739131,0.08003679852805905,0.0,1,-0.3333333333333333,1,1
0.1378226413423651,0.13320672893050337,-0.10869565217391304,0.18215271389144447,0.0,1,-0.3333333333333333,1,1
0.3992414515724384,0.15033330836442524,0.13043478260869565,0.10487580496780136,0.0,0,0.6666666666666666,1,0
-0.24807780286595538,0.16247533546021592,-0.4782608695652174,0.09843606255749787,0.0,0,1.0,1,0
-0.27778515665353226,0.37505299422405053,-0.5217391304347826,0.4737810487580497,0.0,1,0.3333333333333333,1,1
-0.11798822331429584,-0.07407031605235978,-0.30434782608695654,-0.02483900643974231,0.0,1,-0.6666666666666666,0,1
-0.3449771992739186,-0.9184308550057378,-0.391304347826087,-0.9328426862925483,2.0,0,-0.6666666666666666,0,0
0.22149909239828222,-0.47290693385016125,0.41304347826086957,-0.46090156393744247,0.0,0,0.3333333333333333,0,1
0.08177270111125869,0.24415087998092613,-0.1956521739130435,0.20423183072677112,0.0,1,-0.3333333333333333,1,0
1.9507533832145336,0.7527127637278257,0.9347826086956522,0.7019319227230912,1.0,1,1.0,0,0
-0.21088826906332553,0.2704465335639199,-0.45652173913043476,0.24287028518859252,0.0,1,0.0,1,1
1.3979427694396482,0.2731096438693359,0.9347826086956522,0.26034958601655944,2.0,1,-0.3333333333333333,0,0
0.006035920367172871,0.44240919948717944,-0.30434782608695654,0.5482980680772772,0.0,1,0.3333333333333333,1,0
1.4189282920854178,0.2913160998996293,0.9347826086956522,0.3357865685372585,2.0,0,1.0,0,0
-0.4116084473369638,-0.32794667001402517,-0.6304347826086957,-0.32750689972401104,2.0,0,0.6666666666666666,0,0
-0.3896636708431104,0.07397813146486418,-0.6086956521739131,0.0735970561177553,0.0,1,-0.6666666666666666,1,1
1.5356030755154146,0.6338751244672023,0.7391304347826086,0.6338546458141675,2.0,1,0.6666666666666666,0,0
-0.3779165006419622,-0.24451961833090696,-0.5869565217391305,-0.20883164673413054,0.0,0,0.0,1,0
-0.3704638361299272,-0.011753534905632712,-0.5869565217391305,0.07451701931922745,0.0,1,-0.3333333333333333,1,1
0.7402635734419505,-0.11726710701894327,0.6956521739130435,-0.11591536338546454,1.0,0,0.0,0,0
-0.40558728472129985,-0.9206935676078918,-0.6086956521739131,-0.9190432382704692,0.0,0,-0.6666666666666666,0,0
-0.1449063620666755,-0.5395522004006381,-0.15217391304347827,-0.4894204231830726,1.0,0,0.3333333333333333,0,1
0.11543513230324233,-0.12102519415435763,-0.021739130434782608,-0.17387304507819681,0.0,0,0.3333333333333333,0,0
0.000914980593556806,-0.9286872882664005,0.8913043478260869,-0.9300827966881325,2.0,0,-0.6666666666666666,0,0
-0.37292838063192696,-0.813575076938518,-0.5217391304347826,-0.7709291628334866,0.0,0,-0.3333333333333333,1,1
-0.04607370021103582,0.6059600218015059,-0.3695652173913043,0.5400183992640296,0.0,1,0.6666666666666666,0,1
0.7392157730848129,0.817501055841253,0.10869565217391304,0.8445262189512421,1.0,1,1.3333333333333333,0,0
1.2636915039624563,0.17710801575698282,0.9130434782608695,0.19043238270469198,2.0,1,-0.3333333333333333,0,0
0.9293251280234942,-0.10021123122062964,0.8913043478260869,-0.09475620975160978,1.0,0,0.0,0,0
0.8654683372441375,0.23728667377359447,0.5,0.25206991720331196,0.0,1,0.3333333333333333,0,0
1.2124968639778044,0.17348404561905814,0.8695652173913043,0.16743330266789347,2.0,0,1.0,0,0
0.11447587845515862,0.34629140292556143,-0.1956521739130435,0.4369825206991721,0.0,1,0.3333333333333333,1,1
-0.16019539262997892,0.1308811632005119,-0.391304347826087,0.14075436982520712,0.0,1,-0.3333333333333333,0,0
-0.3621699797818804,0.24728515595576153,-0.5869565217391305,0.4388224471021161,0.0,1,0.3333333333333333,1,1
-0.26318974041115095,0.24836064280987177,-0.5,0.18675252989880417,0.0,1,-0.3333333333333333,1,1
-0.4057496199878987,-0.9308338722323591,-0.6086956521739131,-0.9291628334866605,0.0,0,-0.6666666666666666,0,0
0.12507194403860628,0.379385669836323,-0.1956521739130435,0.4406623735050599,1.0,1,0.6666666666666666,0,0
1.4479125160490547,0.6073793118302905,0.6956521739130435,0.6642134314627417,0.0,1,0.6666666666666666,1,0
-0.31279054323283306,-0.06227068885297927,-0.5217391304347826,0.0735970561177553,0.0,1,-0.6666666666666666,1,1
1.3348091084842313,0.6512347260528479,0.5869565217391305,0.6458141674333029,0.0,1,0.6666666666666666,0,0
0.4302917607473326,0.4561754312197898,0.021739130434782608,0.4535418583256671,0.0,1,0.6666666666666666,0,0
0.807957379613642,0.6077038469149559,0.2391304347826087,0.6338546458141675,0.0,1,0.6666666666666666,0,1
0.04478977582975458,-0.2786279157041155,-0.021739130434782608,-0.29530818767249306,1.0,0,0.0,0,0
-0.3222945352046162,-0.181004437546743,-0.5217391304347826,-0.005519779208831595,0.0,1,-0.6666666666666666,1,0
0.15784891014005106,0.02064764047692456,-0.043478260869565216,0.08923643054277845,0.0,1,-0.3333333333333333,0,1
-0.33325954457578844,-0.8889667054116415,-0.3695652173913043,-0.9254829806807728,0.0,0,-0.6666666666666666,0,0
1.6513628783518544,0.6265353006895732,0.8260869565217391,0.644894204231831,1.0,1,0.6666666666666666,1,0
0.014005106182022121,-0.38004685584318515,0.0,-0.3449862005519778,0.0,0,-0.6666666666666666,1,0
0.9795752719115715,0.283203623410693,0.5652173913043478,0.2787488500459983,0.0,1,-0.3333333333333333,0,0
0.10745118873688404,0.11289605948999412,-0.13043478260869565,0.09659613615455383,0.0,1,-0.6666666666666666,0,1
0.6155310576880506,0.5902660476656881,0.10869565217391304,0.5464581416743332,0.0,1,0.3333333333333333,1,1
0.9869246321630437,0.3831865112899696,0.5,0.3845446182152715,1.0,1,0.3333333333333333,1,0
2.067442924396039,0.853949365578411,0.9347826086956522,0.8353265869365227,2.0,1,1.3333333333333333,0,0
1.1911866707988372,0.42938150404749026,0.6304347826086957,0.4480220791168355,1.0,1,0.3333333333333333,0,0
-0.20885169935508624,-0.9349426709892862,0.13043478260869565,-0.9337626494940202,2.0,0,-0.6666666666666666,0,0
1.2726347013768984,0.581882285496223,0.5869565217391305,0.5436982520699175,2.0,1,0.6666666666666666,0,0
-0.2667906317793421,-0.9198869524673092,-0.10869565217391304,-0.906163753449862,2.0,0,-0.6666666666666666,0,0
-0.010123817535160331,-0.9385378699015974,0.8913043478260869,-0.9254829806807728,2.0,0,-0.6666666666666666,0,0
-0.3601186523221322,0.3113534442648963,-0.5869565217391305,0.17663293468261287,0.0,1,-0.3333333333333333,1,0
1.766576644382462,0.7040869001082393,0.8478260869565217,0.677092916283349,1.0,1,0.6666666666666666,0,0
-0.3865202697716976,0.2703313028295511,-0.6086956521739131,0.2695492180312789,0.0,1,-0.3333333333333333,1,1
-0.11003379525095557,0.27302001996482644,-0.3695652173913043,0.35326586936522547,0.0,1,0.0,1,0
1.0727409571877629,0.17494220348337078,0.7391304347826086,0.20607175712971487,0.0,1,-0.3333333333333333,0,0
0.16553769867622975,-0.20433551860006302,0.08695652173913043,-0.21895124195032184,1.0,0,0.3333333333333333,0,0
1.578976107200307,0.5052550400056178,0.8695652173913043,0.46550137994480245,1.0,1,0.3333333333333333,0,0
1.0484349404524727,0.22322497861952514,0.6739130434782609,0.18859245630174795,2.0,0,1.0,0,0
2.022977819099482,0.8153726763946735,0.9347826086956522,0.7865685372585097,2.0,1,1.3333333333333333,0,0
-0.23404318118091527,-0.28847490573200735,-0.391304347826087,-0.20975160993560243,0.0,0,-0.3333333333333333,0,0
-0.40583816649695253,-0.9363649474820687,-0.6086956521739131,-0.9346826126954922,0.0,0,-0.6666666666666666,0,0
-0.16541963666415785,0.24101660400609073,-0.41304347826086957,0.2888684452621896,0.0,1,-0.3333333333333333,0,1
-0.23540089431974145,-0.4501267040556847,-0.34782608695652173,-0.45630174793008277,0.0,0,0.3333333333333333,0,1
0.3697259485544782,0.13867002139528994,0.10869565217391304,0.15823367065317404,1.0,1,-0.3333333333333333,0,0
0.5523678812296159,0.24716697058717788,0.21739130434782608,0.2934682612695493,0.0,1,0.0,0,1
1.578990864951816,0.6161653283786943,0.782608695652174,0.6384544618215272,1.0,1,0.6666666666666666,0,0
1.1425303640737297,0.6447850972348834,0.45652173913043476,0.5804967801287951,1.0,1,0.6666666666666666,0,0
-0.3196381399329998,-0.9138104517415866,-0.30434782608695654,-0.9310027598896045,0.0,0,-0.6666666666666666,0,0
1.939862162600906,0.743263843509572,0.9347826086956522,0.7350505979760811,2.0,1,1.0,0,0
2.0146839627514352,0.808177157204079,0.9347826086956522,0.8325666973321068,2.0,1,1.3333333333333333,0,0
-0.07122090878233792,-0.9102180463016238,0.5652173913043478,-0.9383624655013799,2.0,0,-0.6666666666666666,0,0
-0.2596773955520137,-0.8841804549087227,-0.13043478260869565,-0.8233670653173872,2.0,0,-0.6666666666666666,0,0
0.35465828426380963,0.1989746705715803,0.06521739130434782,0.18399264029438825,0.0,1,-0.3333333333333333,0,1
0.71234190758696,-0.043096294653986525,0.5869565217391305,-0.029438822447102015,1.0,0,0.3333333333333333,0,0
-0.40573486223638966,-0.9299120263574077,-0.6086956521739131,-0.9282428702851886,0.0,0,-0.6666666666666666,0,0
0.38773040539543396,0.017163314645480026,0.1956521739130435,0.004599816007359706,1.0,0,0.6666666666666666,0,0
-0.18727586664895737,-0.022899489575501912,-0.391304347826087,-0.0027598896044156666,0.0,1,-0.6666666666666666,1,0
-0.3970573043491094,-0.38786665188587793,-0.6086956521739131,-0.3873045078196872,0.0,0,-0.3333333333333333,1,0
1.3691503962456282,0.6895407144637825,0.5869565217391305,0.6789328426862927,1.0,1,0.6666666666666666,1,0
-0.3853248918994702,-0.7495375168252149,-0.5652173913043478,-0.8601655933762649,0.0,0,-0.6666666666666666,0,0
-0.25926417850976224,0.06265259642974476,-0.4782608695652174,-0.011959521619135079,0.0,0,0.3333333333333333,0,0
1.3185165508183174,0.5349323179533652,0.6521739130434783,0.5363385464581418,2.0,1,0.3333333333333333,0,0
-0.2799840616283703,-0.12224334763197231,-0.4782608695652174,-0.11131554737810484,0.0,0,0.3333333333333333,0,0
1.056315579758268,-0.0053395650151247046,0.9130434782608695,0.009199632014719412,2.0,0,0.6666666666666666,0,0
0.08048877672997744,0.7524566954292281,-0.30434782608695654,0.5804967801287951,1.0,1,0.6666666666666666,1,0
1.169758415607798,0.0944664806292812,0.9130434782608695,0.0579576816927324,2.0,0,0.6666666666666666,0,0
0.6295804371245998,0.5614238916856904,0.13043478260869565,0.5501379944802209,0.0,1,0.3333333333333333,1,1
-0.286875931583064,-0.5884938359435219,-0.391304347826087,-0.5510579576816927,1.0,0,0.3333333333333333,0,0
-0.08597866029131801,-0.9577978640746929,0.6739130434782609,-0.9402023919043239,2.0,0,-0.6666666666666666,0,0
0.40124850577765975,-0.2164817741129648,0.391304347826087,-0.19779208831646722,2.0,0,0.0,0,0
-0.20581160254423636,-0.12815752766088248,-0.391304347826087,-0.10027598896044139,1.0,0,0.3333333333333333,0,0
1.2455247118549018,0.5516424484911148,0.5869565217391305,0.5510579576816929,1.0,1,0.3333333333333333,0,1
0.5341863313705525,0.8131668309081823,-0.021739130434782608,0.7451701931922724,0.0,1,1.0,1,0
0.9896843316952229,0.13814464925247746,0.6956521739130435,0.19687212511499547,2.0,0,1.0,0,0
0.4980888711795871,0.53623923230752,0.043478260869565216,0.5096596136154555,1.0,1,0.3333333333333333,0,0
-0.23513525479257982,-0.07198079873580267,-0.43478260869565216,0.002759889604415928,0.0,1,-0.6666666666666666,1,0
0.5817062912294684,0.4759819483044639,0.13043478260869565,0.4452621895124196,0.0,1,0.3333333333333333,1,0
-0.4001564321659952,-0.9391304851069234,-0.5869565217391305,-0.9328426862925483,0.0,0,-0.6666666666666666,0,0
-0.34267499003851776,-0.9379781777632338,-0.3695652173913043,-0.9448022079116836,0.0,0,-0.6666666666666666,0,1
-0.38938327356443975,0.09149320308894428,-0.6086956521739131,0.09107635694572223,0.0,1,-0.3333333333333333,0,1
-0.30942577588878556,0.29890852495305004,-0.5434782608695652,0.346826126954922,0.0,1,0.0,1,1
-0.40600050176355135,-0.946505252106536,-0.6086956521739131,-0.9448022079116836,0.0,0,-0.6666666666666666,0,0
-0.39339738197488233,-0.9176207480247199,-0.5652173913043478,-0.9264029438822448,0.0,0,-0.6666666666666666,0,0
-0.38631366125057187,0.28323714507887326,-0.6086956521739131,0.2824287028518861,0.0,1,-0.3333333333333333,1,1
0.5749324832868464,-0.11172062892201687,0.5,-0.13063477460901554,2.0,0,0.3333333333333333,0,0
-0.3864907542686797,-0.9830103487546188,-0.5217391304347826,-0.9245630174793008,1.0,0,-0.6666666666666666,0,0
1.7790617021590593,0.6037578344335661,0.9347826086956522,0.5298988040478384,2.0,1,0.6666666666666666,1,0
1.5565000516521303,0.4347184946994379,0.9130434782608695,0.36890524379024864,2.0,0,1.3333333333333333,1,0
1.9706025589941119,0.7699333568085184,0.9347826086956522,0.7644894204231834,2.0,1,1.0,0,0
-0.06486031788196751,-0.8259438437650424,0.3695652173913043,-0.8362465501379945,1.0,0,-0.6666666666666666,1,0
1.1925591416891723,0.29374326155848,0.7391304347826086,0.24195032198712063,2.0,0,1.0,0,0
0.3081566092590133,0.20186888251648022,0.021739130434782608,0.25666973321067166,0.0,1,0.3333333333333333,0,0
-0.39814937796077393,-0.4560832466322949,-0.6086956521739131,-0.4553817847286108,0.0,0,-0.6666666666666666,0,0
-0.20094154454627294,-0.20019419584365186,-0.3695652173913043,-0.1600735970561177,0.0,0,0.3333333333333333,0,1
-0.14120216643792152,-0.24112031166702308,-0.2826086956521739,-0.2851885924563016,2.0,0,1.0,0,0
-0.3415976741783622,-0.2034974768955617,-0.5434782608695652,-0.0883164673413063,0.0,0,0.0,0,0
0.950399197178318,0.3713909162972823,0.4782608695652174,0.3679852805887765,1.0,1,0.0,0,0
0.0058735851005741035,-0.8956051775649788,0.782608695652174,-0.9190432382704692,2.0,0,-0.6666666666666666,0,0
-0.06612948451173978,0.05196906120039528,-0.2826086956521739,0.07727690892364311,0.0,1,-0.3333333333333333,0,0
-0.39752955239739673,-0.8570862022362327,-0.5869565217391305,-0.9273229070837166,1.0,0,-0.6666666666666666,0,0
1.0226236330632665,0.060611366278066355,0.8043478260869565,0.07175712971481152,1.0,1,-0.6666666666666666,0,0
1.03559569663966,0.6684083997869034,0.3695652173913043,0.7046918123275072,2.0,1,1.0,1,0
0.6533109015510397,0.7819557634276786,0.06521739130434782,0.721251149954002,1.0,1,1.0,0,0
1.3871400953350748,0.26373754414066136,0.9347826086956522,0.29990800367985304,2.0,0,1.0,0,0
0.49891530526409006,0.19993138890561718,0.1956521739130435,0.19595216191352358,2.0,0,1.0,0,0
0.28399817003881295,-0.4448222666304354,0.4782608695652174,-0.4139834406623734,1.0,0,-0.3333333333333333,0,0
2.039963991086318,0.8301094069789687,0.9347826086956522,0.8132474701011961,2.0,1,1.3333333333333333,0,0
1.591431649473886,0.6281209602646046,0.782608695652174,0.6421343146274151,0.0,1,0.6666666666666666,0,1
-0.33812960257375185,-0.7868210611010343,-0.43478260869565216,-0.7433302667893283,0.0,0,-0.3333333333333333,1,1
-0.21590590457637876,0.061481998493298315,-0.43478260869565216,-0.09843606255749761,0.0,0,0.6666666666666666,0,1
-0.011053555880226103,-0.91770455219517,0.8043478260869565,-0.9162833486660534,2.0,0,-0.6666666666666666,0,0
1.0229483035964642,0.7397813146486438,0.32608695652173914,0.7258509659613617,1.0,1,1.0,0,0
0.5972904768229512,-0.036385256684339194,0.45652173913043476,-0.015639374425022896,2.0,0,0.3333333333333333,0,0
-0.22524756128156315,-0.5207353706622324,-0.30434782608695654,-0.3955841766329346,0.0,0,-0.6666666666666666,0,0
-0.35662106521450393,-0.867456968329438,-0.45652173913043476,-0.8298068077276909,0.0,0,-0.6666666666666666,0,0
1.6476144094685734,0.6521291360386642,0.8043478260869565,0.5979760809567618,1.0,1,0.6666666666666666,0,0
1.0301796018358644,0.28322097234422494,0.6086956521739131,0.31646734130634785,0.0,1,0.3333333333333333,0,0
-0.25725712430454095,0.08056274485737581,-0.4782608695652174,0.1508739650413984,0.0,1,-0.3333333333333333,0,0
-0.3045852333938401,-0.6282840560732501,-0.41304347826086957,-0.6586936522539099,0.0,0,-0.3333333333333333,0,0
1.2872448753707886,0.4147934725235764,0.717391304347826,0.39926402943882255,1.0,1,0.3333333333333333,1,0
0.5788285296852173,0.24988937055249974,0.2391304347826087,0.27046918123275077,1.0,1,0.0,1,0
-0.29149510780537474,-0.921661505776591,-0.1956521739130435,-0.9319227230910763,2.0,0,-0.6666666666666666,0,0
-0.37099511518425055,-0.9343895634643152,-0.4782608695652174,-0.9264029438822448,0.0,0,-0.6666666666666666,0,1
0.2954944584643084,0.4699662455090653,-0.08695652173913043,0.45630174793008305,0.0,1,0.3333333333333333,1,0
0.16928616755951062,0.2808323297529125,-0.13043478260869565,0.25574977000919974,0.0,1,0.0,1,0
1.601186523221322,0.6081878159993056,0.8043478260869565,0.6301747930082797,1.0,1,0.6666666666666666,0,0
1.9329407771431946,0.7372590419074567,0.9347826086956522,0.7598896044158236,2.0,1,1.0,1,0
0.9305352636472307,0.41415807250311926,0.43478260869565216,0.3624655013799449,0.0,1,0.0,0,1
0.9720488186419917,0.7132032117772198,0.30434782608695654,0.7433302667893286,0.0,1,1.0,0,1
0.3185903395758622,-0.30524120531141335,0.3695652173913043,-0.28242870285188587,0.0,0,-0.3333333333333333,0,0
1.525464500228745,0.3837439522784553,0.9347826086956522,0.3587856485740571,2.0,0,1.3333333333333333,0,0
-0.3595726155163,-0.9717638290802093,-0.41304347826086957,-0.9199632014719411,1.0,0,-0.6666666666666666,0,0
0.24841723115066186,-0.2660908118047741,0.2391304347826087,-0.29070837166513336,1.0,0,0.6666666666666666,0,0
1.6502412892371718,0.6846372035212516,0.782608695652174,0.6467341306347748,0.0,1,0.6666666666666666,1,1
0.50629418101858,0.5527729841292325,0.043478260869565216,0.5354185832566699,2.0,1,0.6666666666666666,0,0
1.038001210135624,0.03481323833640681,0.8478260869565217,0.010119595216191563,2.0,0,0.6666666666666666,0,0
1.298711648293266,0.6109698151576415,0.5869565217391305,0.6292548298068078,1.0,1,0.6666666666666666,0,1
-0.1591623500243503,0.28010286910403787,-0.41304347826086957,0.2741490340386386,0.0,1,-0.3333333333333333,1,1
0.06660173256002719,-0.8575200120597393,0.8478260869565217,-0.8270469181232751,2.0,0,-0.6666666666666666,0,0
0.3260725195909152,-0.22519301237116623,0.30434782608695654,-0.26126954921803125,0.0,0,-0.3333333333333333,1,1
-0.3851773143843804,0.3542192774501449,-0.6086956521739131,0.35326586936522547,0.0,1,0.0,1,1
0.8537801980490252,0.3163107174904013,0.43478260869565216,0.3587856485740571,1.0,1,0.3333333333333333,0,0
-0.29506648367054794,-0.811485559621961,-0.30434782608695654,-0.8298068077276909,0.0,0,-0.6666666666666666,1,0
0.14908280574371693,0.4543778317636343,-0.1956521739130435,0.4452621895124196,0.0,1,0.0,1,1
-0.39811986245775594,-0.45423955488239165,-0.6086956521739131,-0.45354185832566685,0.0,0,-0.6666666666666666,0,1
0.6043594397957528,-0.027553973202302802,0.45652173913043476,-0.012879484820606968,1.0,0,0.3333333333333333,1,0
-0.3639409099629581,0.19197440345866668,-0.5869565217391305,0.3523459061637536,0.0,1,0.0,1,1
0.0997771579522144,0.03418511786278763,-0.10869565217391304,-0.006439742410303484,0.0,1,-0.6666666666666666,0,0
-0.34599548412803827,0.06936890209010653,-0.5652173913043478,-0.014719411223551008,0.0,1,-0.6666666666666666,0,1
-0.3895898820855655,0.07858736083962209,-0.6086956521739131,0.078196872125115,0.0,1,-0.3333333333333333,0,1
-0.21819335606027068,-0.951614912099125,0.13043478260869565,-0.9245630174793008,2.0,0,-0.6666666666666666,0,0
-0.271336019244108,-0.7813863880343264,-0.2608695652173913,-0.8380864765409384,0.0,0,-0.6666666666666666,0,0
-0.3631144758784552,-0.9181584914517749,-0.45652173913043476,-0.9328426862925483,0.0,0,-0.6666666666666666,1,1
-0.1562698307285902,0.29817104825308893,-0.41304347826086957,0.4553817847286109,0.0,1,0.3333333333333333,0,0
1.3984888062454806,0.36595925579879307,0.8478260869565217,0.3403863845446182,2.0,0,1.3333333333333333,0,0
0.6502117737341538,0.17712244214000228,0.34782608695652173,0.15547378104875811,1.0,0,1.0,0,0
-0.401012381753516,-0.9658640154805193,-0.5869565217391305,-0.9291628334866605,1.0,0,-0.6666666666666666,0,1
-0.20569354053216454,-0.9491711307178825,0.17391304347826086,-0.9199632014719411,0.0,0,-0.6666666666666666,0,0
-0.383258806688213,-0.85409020314264,-0.5434782608695652,-0.8482060717571297,0.0,0,-0.6666666666666666,0,1
-0.2850754858989684,-0.5064160314046513,-0.41304347826086957,-0.4618215271389144,0.0,0,-0.6666666666666666,0,0
-0.4056905889818628,-0.9271464887325529,-0.6086956521739131,-0.9254829806807728,0.0,0,-0.6666666666666666,0,0
0.9045321054884077,-0.03199159742187752,0.782608695652174,-0.014719411223551008,2.0,0,0.3333333333333333,0,0
-0.06698543409926065,-0.9191409850816575,0.6086956521739131,-0.9356025758969642,2.0,0,-0.6666666666666666,0,0
-0.3413320346512006,0.16647000091833947,-0.5652173913043478,0.08095676172953094,0.0,1,-0.3333333333333333,0,0
-0.3687666947063945,0.0412526029040832,-0.5869565217391305,-0.012879484820606968,0.0,1,-0.6666666666666666,1,1
0.017281327017015676,-0.750058014836242,0.43478260869565216,-0.7387304507819686,0.0,0,-0.3333333333333333,0,0
-0.35521907882115084,-0.4162134125406389,-0.5434782608695652,-0.4544618215271389,0.0,0,-0.6666666666666666,0,1
0.780611266067502,-0.23291752953330205,0.8913043478260869,-0.2309107635694572,2.0,0,1.0,0,0
-0.1048095512167766,-0.935216988467978,0.5217391304347826,-0.9291628334866605,1.0,0,-0.6666666666666666,0,0
-0.017251811513997743,-0.8320224304285869,0.5217391304347826,-0.8242870285188593,2.0,0,-0.6666666666666666,0,0
-0.3894570623219846,0.08688397371418637,-0.6086956521739131,0.08647654093836253,0.0,1,-0.6666666666666666,0,1
-0.2659789554463482,-0.8833169075871278,-0.15217391304347827,-0.8371665133394663,0.0,0,-0.6666666666666666,0,0
0.34130251914818266,-0.3923695144289106,0.5,-0.390064397424103,0.0,0,0.3333333333333333,1,1
1.727129174598958,0.7585266959596784,0.782608695652174,0.735970561177553,2.0,1,1.0,1,0
-0.056256548752232086,-0.8343665424431552,0.41304347826086957,-0.8426862925482981,1.0,0,-0.6666666666666666,0,0
-0.3932350467082835,-0.7229576274307776,-0.5869565217391305,-0.6559337626494939,0.0,0,-0.3333333333333333,1,1
-0.3190478298726406,0.6304657579773023,-0.5652173913043478,0.6918123275068999,0.0,1,0.6666666666666666,0,0
0.702852673366686,0.25019409182783103,0.34782608695652173,0.20331186752529923,0.0,1,-0.3333333333333333,0,0
-0.3879960449225956,0.17814671533439294,-0.6086956521739131,0.17755289788408476,0.0,1,-0.3333333333333333,1,1
0.9508419297235874,0.09836926658243576,0.6956521739130435,0.06347746090156399,2.0,0,0.6666666666666666,0,0
-0.3538613656823246,-0.09441238169295783,-0.5652173913043478,-0.1094756209751608,0.0,0,0.3333333333333333,0,0
0.8246188810672805,0.6337229467354643,0.2391304347826087,0.6145354185832569,1.0,1,0.6666666666666666,0,0
-0.3906229246911941,0.014058149593011403,-0.6086956521739131,0.013799448022079119,0.0,1,-0.6666666666666666,0,0
-0.3968802113310016,-0.37680450138645893,-0.6086956521739131,-0.3762649494020239,0.0,0,-0.3333333333333333,1,0
-0.03782411711751594,-0.8389927175141438,0.4782608695652174,-0.841766329346826,1.0,0,-0.6666666666666666,0,0
-0.3847198240876021,-0.4570050925072465,-0.5869565217391305,-0.3882244710211591,0.0,0,-0.3333333333333333,1,1
0.06754622865660193,-0.7212203025125996,0.5,-0.7405703771849126,1.0,0,-0.3333333333333333,0,0
0.8131225926417851,0.20325345886983892,0.4782608695652174,0.24011039558417688,0.0,1,-0.3333333333333333,0,0
-0.4055725269697909,-0.9197717217329402,-0.6086956521739131,-0.9181232750689972,0.0,0,-0.6666666666666666,0,0
0.2803825209191128,0.09755954368539982,0.043478260869565216,0.09015639374425034,1.0,0,0.6666666666666666,0,0
-0.1126016440135181,-0.8994126575159245,0.391304347826087,-0.9162833486660534,1.0,0,-0.6666666666666666,0,0
-0.3317099806673455,0.3668178377411499,-0.5652173913043478,0.08739650413983442,0.0,1,-0.6666666666666666,0,1
-0.2885287997520698,-0.9473432938110375,-0.15217391304347827,-0.9254829806807728,1.0,0,-0.6666666666666666,0,0
-0.40551349596375497,-0.916084338233134,-0.6086956521739131,-0.9144434222631095,0.0,0,-0.6666666666666666,0,0
1.4526497542834373,0.32057190301441213,0.9347826086956522,0.2723091076356948,2.0,0,1.0,0,0
-0.36197812901226367,-0.26341745876741435,-0.5652173913043478,-0.37166513339466417,0.0,0,-0.3333333333333333,1,1
0.7743392216761855,0.2793732379008847,0.391304347826087,0.268629254829807,1.0,1,0.0,0,0
1.0085594958752087,-0.06470845905562905,0.9347826086956522,-0.07083716651333936,2.0,0,0.3333333333333333,0,0
0.825002582606514,-0.12642557480491284,0.8043478260869565,-0.12971481140754365,2.0,0,0.0,0,0
0.4291258983781231,0.20366867684376666,0.13043478260869565,0.23551057957681715,0.0,1,-0.3333333333333333,1,0
0.3310606396009504,0.3028819985519791,0.0,0.2677092916283351,0.0,1,-0.3333333333333333,1,0
-0.4016912383229292,-0.9870664706044057,-0.5869565217391305,-0.9162833486660534,0.0,0,-0.6666666666666666,0,0
-0.35008338129602573,-0.3360128214198515,-0.5434782608695652,-0.3882244710211591,0.0,0,-0.3333333333333333,0,0
0.18323224273549682,0.1894669826787982,-0.08695652173913043,0.17479300827966884,0.0,1,0.0,0,1
0.6922123345287112,-0.23603154515923747,0.782608695652174,-0.19779208831646722,2.0,0,0.3333333333333333,0,0
0.4632310621153761,0.7271571475277789,-0.043478260869565216,0.6310947562097519,1.0,1,0.6666666666666666,0,0
0.2564454479715471,0.14216293842248978,0.0,0.09107635694572223,0.0,1,-0.3333333333333333,0,0
0.2412154484142797,0.10935794038973022,0.0,0.17939282428702855,0.0,0,0.6666666666666666,0,0
-0.40583816649695253,-0.9363649474820687,-0.6086956521739131,-0.9346826126954922,0.0,0,-0.6666666666666666,0,1
0.0853440769764319,0.2553052150678403,-0.1956521739130435,0.19595216191352358,0.0,1,0.0,0,0
0.036732043505851464,-0.8139501728462569,0.6304347826086957,-0.8399264029438822,2.0,0,-0.6666666666666666,0,0
-0.06803323445639822,0.23615715932241746,-0.32608695652173914,0.2879484820607177,0.0,1,0.0,0,0
0.09337229379731708,-0.8586994325173979,0.9347826086956522,-0.8270469181232751,2.0,0,-0.6666666666666666,0,0
0.8414869910420449,0.4048205999339003,0.3695652173913043,0.3459061637534501,0.0,1,0.0,0,0
0.8120747922846474,-0.22022054009186642,0.9130434782608695,-0.22263109475620968,2.0,0,1.0,0,0
0.37477309957054955,0.23823954330779926,0.06521739130434782,0.28150873965041423,0.0,1,-0.3333333333333333,0,0
-0.03454789628252238,-0.39091583439533306,-0.06521739130434782,-0.36798528058877633,0.0,0,0.3333333333333333,0,0
1.238101562845885,0.21862659449035515,0.8478260869565217,0.18399264029438825,0.0,1,-0.3333333333333333,0,0
-0.4013518100382226,-0.9764652430424624,-0.5869565217391305,-0.9227230910763569,1.0,0,-0.6666666666666666,0,0
-0.026150735673912698,-0.9020904156068197,0.6956521739130435,-0.9162833486660534,2.0,0,-0.6666666666666666,0,0
-0.2990658343294816,0.46069247600705265,-0.5434782608695652,0.2870285188592458,0.0,1,-0.3333333333333333,1,1
-0.3698440105665501,-0.42719874255047874,-0.5652173913043478,-0.4599816007359705,0.0,0,-0.6666666666666666,1,1
0.5050102566372988,0.43824692568815576,0.08695652173913043,0.4443422263109477,0.0,1,0.0,1,1
-0.3512344859137262,-0.8777765207629238,-0.43478260869565216,-0.9034038638454461,0.0,0,-0.6666666666666666,0,0
-0.232774014551143,-0.789037215830716,-0.15217391304347827,-0.8114075436982521,2.0,0,-0.6666666666666666,0,0
-0.3065037410900075,0.016270579692895283,-0.5217391304347826,0.19319227230910765,0.0,1,-0.3333333333333333,1,0
0.40247339915290514,0.3982527820769988,0.021739130434782608,0.39282428702851907,0.0,1,0.3333333333333333,0,1
1.0068033234456397,0.06629135509219088,0.782608695652174,0.07083716651333963,2.0,0,0.6666666666666666,0,0
0.7518041351219727,0.3181443755437064,0.34782608695652173,0.31094756209751623,0.0,1,0.0,1,1
-0.3842328182878057,-0.9548018649811003,-0.5217391304347826,-0.9199632014719411,0.0,0,-0.6666666666666666,0,0
0.14949602278596835,0.10517339587322581,-0.08695652173913043,0.09475620975161005,0.0,1,-0.3333333333333333,1,0
1.2798364841132805,0.1706439141854814,0.9347826086956522,0.16007359705611782,2.0,1,-0.3333333333333333,0,0
0.3036702528002834,0.35800908826939043,-0.043478260869565216,0.36430542778288894,0.0,1,0.0,0,0
0.07641563731349894,-0.34416539587645445,0.06521739130434782,-0.36338546458141663,0.0,0,0.3333333333333333,0,0
0.5703870958220807,0.7478781942503019,0.021739130434782608,0.737810487580497,1.0,1,1.0,0,0
1.6797125190006053,0.5694044431174141,0.8913043478260869,0.5639374425023,2.0,1,1.0,0,0
0.5754194890866428,0.1711670251383309,0.2826086956521739,0.1655933762649494,0.0,1,-0.3333333333333333,0,0
1.5651480940363929,0.4181723350249111,0.9347826086956522,0.3587856485740571,2.0,0,1.3333333333333333,0,0
0.43840852407727166,-0.1670943717059843,0.391304347826087,-0.09843606255749761,2.0,0,0.3333333333333333,0,0
-0.37114269269934036,-0.03295599002951918,-0.5869565217391305,0.18583256669733228,0.0,1,0.0,1,0
-0.11392984164932632,0.5626486297766973,-0.41304347826086957,0.5188592456301749,0.0,1,0.3333333333333333,1,1
0.04635409748970646,-0.8278440421045719,0.6956521739130435,-0.8509659613615455,2.0,0,-0.6666666666666666,0,0
-0.3519428579861572,-0.5514021101022883,-0.5217391304347826,-0.48390064397424104,0.0,0,-0.6666666666666666,0,0
1.914877289296203,0.7215876620332798,0.9347826086956522,0.7442502299908005,2.0,1,1.0,0,0
2.0076002420271246,0.8020315180377352,0.9347826086956522,0.8206071757129717,2.0,1,1.3333333333333333,0,0
-0.3517214917135225,-0.04985649773696466,-0.5652173913043478,0.08647654093836253,0.0,1,-0.3333333333333333,0,0
-0.15922138103038622,-0.9683606813918465,0.41304347826086957,-0.9402023919043239,2.0,0,-0.6666666666666666,0,0
1.3053083632177802,0.4055353644891162,0.7391304347826086,0.3624655013799449,1.0,1,0.3333333333333333,0,0
0.07626805979840914,-0.16809176680945823,-0.043478260869565216,-0.2511499540018398,0.0,0,0.0,0,0
1.2413039949233333,0.178186223014748,0.8913043478260869,0.1803127874885007,2.0,0,1.0,0,0
-0.2593822405218341,0.061599058286943086,-0.4782608695652174,0.018399264029438825,0.0,0,0.6666666666666666,0,0
-0.4116084473369638,-0.9234591052327465,-0.6304347826086957,-0.9218031278748849,2.0,0,-0.6666666666666666,0,0
-0.3553814140877496,0.4593097071946252,-0.5869565217391305,0.3679852805887765,0.0,1,0.3333333333333333,1,0
0.13230324227800652,0.4019708937726369,-0.1956521739130435,0.5188592456301749,0.0,1,0.3333333333333333,1,1
-0.04154307049777896,-0.9465611215535028,0.8043478260869565,-0.9319227230910763,2.0,0,-0.6666666666666666,0,0
-0.39472557961069055,-0.9452761242732673,-0.5652173913043478,-0.9291628334866605,0.0,0,-0.6666666666666666,0,0
-0.036894378772450234,0.26363255613823633,-0.30434782608695654,0.28610855565777393,0.0,1,0.0,0,1
1.525612077743835,0.3838719864277541,0.9347826086956522,0.3679852805887765,2.0,1,0.3333333333333333,0,0
-0.405469222709228,-0.9133188006082792,-0.6086956521739131,-0.9116835326586937,0.0,0,-0.6666666666666666,0,0
0.15150307699118962,0.3020511813449304,-0.15217391304347827,0.3477460901563939,0.0,1,0.0,1,1
-0.3499653192839539,-0.013289944697218855,-0.5652173913043478,-0.000919963201471889,0.0,1,-0.6666666666666666,1,1
0.9929753102817256,-0.07822886522158559,0.9347826086956522,-0.06439742410303588,2.0,0,0.3333333333333333,0,0
-0.030091055326810424,-0.9301673067535481,0.782608695652174,-0.9282428702851886,2.0,0,-0.6666666666666666,0,0
-0.3044228981272414,-0.688136994608743,-0.391304347826087,-0.6356945722171113,0.0,0,-0.3333333333333333,0,0
0.06071338970794411,0.044269553040288255,-0.15217391304347827,0.15639374425023,0.0,1,-0.3333333333333333,0,0
-0.3302342055164475,-0.9337311021250642,-0.32608695652173914,-0.9190432382704692,1.0,0,-0.6666666666666666,0,0
0.5001549563908443,0.09230262873524327,0.2608695652173913,0.07175712971481152,0.0,1,-0.3333333333333333,1,0
-0.06462419385782384,-0.021839613302162036,-0.2608695652173913,-0.10211591536338542,1.0,0,0.3333333333333333,0,0
-0.34156815867534424,-0.8990720916317546,-0.391304347826087,-0.9181232750689972,0.0,0,-0.6666666666666666,0,0
0.014787267011998093,0.47885283974359877,-0.30434782608695654,0.423183072677093,0.0,1,0.0,1,1
-0.40573486223638966,-0.9299120263574077,-0.6086956521739131,-0.9282428702851886,0.0,0,-0.6666666666666666,0,1
-0.27756379038089757,0.3778185318489054,-0.5217391304347826,0.3413063477460904,0.0,1,0.3333333333333333,0,1
0.4847035905609422,0.39980874617502304,0.08695652173913043,0.46826126954921815,1.0,1,0.3333333333333333,1,1
1.9690087218311418,0.7685505879960909,0.9347826086956522,0.7414903403863848,2.0,1,1.0,0,0
-0.3843066070453506,-0.7283350617013286,-0.5652173913043478,-0.5528978840846366,0.0,0,0.0,0,0
-0.35710807101430025,0.40538172350995777,-0.5869565217391305,0.21435142594296241,0.0,1,-0.3333333333333333,1,1
1.4042738448370007,0.6257263243829183,0.6521739130434783,0.674333026678933,1.0,1,1.0,0,0
-0.3851920721358894,-0.47175462650647176,-0.5869565217391305,-0.4599816007359705,0.0,0,-0.6666666666666666,1,1
1.109768155723794,0.04168755835212371,0.9130434782608695,0.055197792088316475,2.0,0,0.6666666666666666,0,0
-0.34654152093387053,-0.4839229920558327,-0.5217391304347826,-0.47010119595216193,0.0,0,-0.6666666666666666,0,0
0.03416419474328892,-0.26550014759600876,-0.043478260869565216,-0.2870285188592456,0.0,0,0.0,0,0
-0.3962013547615885,-0.3343995911386861,-0.6086956521739131,-0.3339466421343145,0.0,0,-0.3333333333333333,1,1
0.3525331680465164,-0.5391518026973763,0.7391304347826086,-0.5473781048758048,1.0,0,0.3333333333333333,0,0
1.0272132937825593,0.657025607244023,0.3695652173913043,0.7295308187672495,1.0,1,1.0,1,1
0.7641711308864982,-0.2767330102944929,0.9347826086956522,-0.27690892364305425,2.0,0,-0.3333333333333333,0,0
0.1797641711308865,-0.210329981615791,0.10869565217391304,-0.1747930082796687,0.0,0,0.0,0,0
0.1292336299641387,0.11085196646292769,-0.10869565217391304,0.14811407543698274,1.0,0,0.6666666666666666,1,0
1.037086229542067,-0.03995945799616523,0.9347826086956522,-0.012879484820606968,2.0,0,0.6666666666666666,0,0
0.6480571420138427,-0.193602997837748,0.6739130434782609,-0.19319227230910752,2.0,0,1.0,0,0
1.0709552692551763,0.06508503008297857,0.8478260869565217,0.12051517939282451,1.0,0,0.6666666666666666,0,0
-0.36833871991263417,-0.9589501714183823,-0.45652173913043476,-0.9291628334866605,2.0,0,-0.6666666666666666,0,0
0.2788477147621789,-0.028292534426822738,0.10869565217391304,-0.04967801287948462,2.0,0,0.6666666666666666,0,0
-0.32344563982231667,-0.3789554750946793,-0.5,-0.4664213431462741,0.0,0,0.0,0,0
-0.36920942725166395,0.027424914779809486,-0.5869565217391305,-0.11315547378104861,0.0,0,0.3333333333333333,0,0
0.3406384203302785,0.21897556650563563,0.043478260869565216,0.20883164673413082,1.0,1,-0.3333333333333333,0,0
-0.2618467850238338,-0.8290620876377046,-0.1956521739130435,-0.8242870285188593,0.0,0,-0.6666666666666666,0,0
-0.4057053467333717,-0.9280683346075044,-0.6086956521739131,-0.9264029438822448,0.0,0,-0.6666666666666666,1,0
1.3963341745251694,0.5247012903887712,0.717391304347826,0.48574057037718504,1.0,1,0.3333333333333333,1,1
1.1855934829769337,0.12847239190128754,0.8913043478260869,0.09751609935602598,2.0,1,-0.6666666666666666,0,0
-0.09926063664940009,0.6542801097468847,-0.41304347826086957,0.517939282428703,0.0,1,0.3333333333333333,1,1
-0.1448473310606396,-0.8695429400849374,0.21739130434782608,-0.8564857405703772,2.0,0,-0.6666666666666666,0,0
0.47666061598854803,-0.0905913973417092,0.3695652173913043,-0.11315547378104861,2.0,0,0.3333333333333333,0,0
-0.2671448178155576,0.20718486039536782,-0.5,0.2759889604415824,0.0,1,0.0,1,1
1.2024320774486799,0.10349000287824463,0.9347826086956522,0.11867525298988046,2.0,0,0.3333333333333333,0,0
-0.09930490990392705,-0.21302321760339468,-0.2391304347826087,-0.27874885004599803,0.0,0,0.0,0,0
1.836292262510884,0.6808773108009454,0.9130434782608695,0.7028518859245632,2.0,1,1.0,0,0
0.8023937072947567,0.5990154495435376,0.2391304347826087,0.5694572217111317,0.0,1,0.3333333333333333,1,1
-0.39108041498797247,-0.014519072530487561,-0.6086956521739131,-0.014719411223551008,0.0,1,-0.6666666666666666,1,1
1.3645312200233173,0.6160711876195811,0.6304347826086957,0.6053357865685375,1.0,1,0.6666666666666666,0,1
1.7283097947196764,0.6127707069204934,0.8913043478260869,0.6191352345906166,2.0,1,0.6666666666666666,0,1
-0.08451764289192897,-0.8103354471494025,0.2826086956521739,-0.8298068077276909,2.0,0,-0.6666666666666666,1,0
-0.13456117825888048,-0.7878121960450183,0.10869565217391304,-0.735050597976081,1.0,0,-0.3333333333333333,0,0
-0.3838196012455542,-0.9496395280813714,-0.5217391304347826,-0.9254829806807728,0.0,0,-0.6666666666666666,0,0
0.20469001342955395,0.24308153876598243,-0.08695652173913043,0.2621895124195032,0.0,1,-0.3333333333333333,0,0
-0.3588642434438689,0.3505318939503385,-0.5869565217391305,0.2916283348666055,0.0,1,0.0,0,1
1.258009769631499,0.5994302801872654,0.5652173913043478,0.613615455381785,1.0,1,1.0,0,0
0.2722952730921917,0.737487674316919,-0.17391304347826086,0.7516099356025762,0.0,1,1.0,1,1
1.3553223830817136,0.2799316691558324,0.8913043478260869,0.32474701011959534,2.0,1,0.3333333333333333,0,0
1.5810864656660912,0.743752052413292,0.6956521739130435,0.6623735050597976,0.0,1,0.6666666666666666,1,0
0.6410914833016043,0.23242843057572798,0.30434782608695654,0.16191352345906188,2.0,0,1.0,0,0
1.0314930417201635,0.6211426926036784,0.391304347826087,0.6025758969641215,1.0,1,0.6666666666666666,1,0
-0.31771963223683236,-0.12384999329974494,-0.5217391304347826,-0.11775528978840832,0.0,0,0.3333333333333333,0,0
0.04999926211242458,-0.8317354406750642,0.717391304347826,-0.8196872125114996,2.0,0,-0.6666666666666666,0,0
0.0105370345774118,0.3512808937237368,-0.2826086956521739,0.3514259429622817,0.0,1,0.3333333333333333,0,1
-0.2214253036407373,0.400311571197724,-0.4782608695652174,0.4645814167433303,0.0,1,0.0,0,1
-0.301677956346571,-0.8063188329799706,-0.32608695652173914,-0.8242870285188593,0.0,0,-0.6666666666666666,0,0
1.197989994244477,0.37892474689884736,0.6739130434782609,0.37902483900643996,1.0,1,0.3333333333333333,1,1
0.014182199200129857,-0.5145391203498128,0.10869565217391304,-0.4691812327506899,0.0,0,0.3333333333333333,1,0
1.2444178804917283,0.7720735756481977,0.45652173913043476,0.7028518859245632,1.0,1,1.0,1,1
-0.12709375599533654,-0.8291154576620439,0.1956521739130435,-0.8334866605335787,2.0,0,-0.6666666666666666,0,0
1.129779666769971,0.07866637620033248,0.8913043478260869,0.0689972401103956,1.0,0,1.0,0,0
0.5743716887295053,0.3677729032872709,0.17391304347826086,0.33946642134314636,0.0,1,0.0,1,0
-0.3251870545003763,0.05277567634097797,-0.5434782608695652,0.15639374425023,0.0,1,-0.3333333333333333,1,1
1.2927790321866561,0.47760834781241424,0.6739130434782609,0.4213431462741492,0.0,1,0.3333333333333333,1,0
0.9128407195879636,0.03758008788613087,0.717391304347826,0.019319227230910976,1.0,0,0.6666666666666666,0,0
-0.3985035639969894,-0.4782075476311329,-0.6086956521739131,-0.4774609015639374,0.0,0,-0.6666666666666666,0,1
0.4310444060742905,0.16531769357464998,0.15217391304347827,0.16283348666053377,0.0,0,1.0,0,0
-0.1443308097578253,-0.9173623518324986,0.32608695652173914,-0.9190432382704692,2.0,0,-0.6666666666666666,0,0
1.2144891604315167,0.5500025804557708,0.5652173913043478,0.5455381784728612,1.0,1,0.3333333333333333,1,1
1.8285592007201785,0.6467004881083939,0.9347826086956522,0.6375344986200554,2.0,1,0.6666666666666666,0,0
-0.3438408524077272,-0.9440469964399986,-0.3695652173913043,-0.9300827966881325,1.0,0,-0.6666666666666666,0,1
-0.29528784994318263,-0.7378844394828782,-0.34782608695652173,-0.7267709291628335,0.0,0,-0.3333333333333333,0,0
-0.38507401012381753,0.36067219857480615,-0.6086956521739131,0.35970561177552923,0.0,1,0.0,1,1
-0.32425731615531056,-0.933046302332243,-0.30434782608695654,-0.9162833486660534,1.0,0,-0.6666666666666666,0,0
1.1997018934195185,0.2516674694228389,0.782608695652174,0.2667893284268629,2.0,0,1.3333333333333333,0,0
-0.2803382476645858,-0.6134884297802774,-0.3695652173913043,-0.6844526218951242,1.0,0,0.0,0,0
1.5901772405956227,0.4398869267459925,0.9347826086956522,0.39834406623735064,2.0,0,1.3333333333333333,0,0
1.509983618895825,0.370313170017008,0.9347826086956522,0.3578656853725852,2.0,0,1.3333333333333333,0,0
2.0902731659804314,0.8737562484749403,0.9347826086956522,0.8362465501379946,2.0,1,1.3333333333333333,0,0
0.9053290240698928,0.28516947585521424,0.5,0.2723091076356948,2.0,0,1.0,0,0
-0.39330883546582845,-0.7252622421181566,-0.5869565217391305,-0.8371665133394663,0.0,0,-0.6666666666666666,0,0
-0.3075220259441272,0.0035491066185635036,-0.5217391304347826,-0.11039558417663295,0.0,0,0.3333333333333333,1,0
0.008957955165950956,-0.910471923641517,0.8478260869565217,-0.9172033118675252,2.0,0,-0.6666666666666666,0,0
1.4814126119744395,0.6104180882774141,0.717391304347826,0.5482980680772772,1.0,1,0.3333333333333333,1,1
1.4507164888357609,0.3188946556585975,0.9347826086956522,0.2888684452621896,2.0,0,1.0,0,0
-0.39661457180384,-0.3602112756373305,-0.6086956521739131,-0.35970561177552896,0.0,0,-0.3333333333333333,1,1
1.3293930136804357,0.3509509148025894,0.8043478260869565,0.3431462741490342,1.0,1,0.3333333333333333,1,0
0.981449506353212,-0.08822833228182443,0.9347826086956522,-0.10211591536338542,2.0,0,1.3333333333333333,0,0
-0.27663405203583186,-0.9725296702686307,-0.06521739130434782,-0.9300827966881325,1.0,0,-0.6666666666666666,0,0
1.3068726848777321,0.3804630772026728,0.7608695652173914,0.4241030358785651,2.0,1,0.3333333333333333,0,0
0.020350939330883562,0.05231475340350207,-0.1956521739130435,0.06071757129714833,0.0,1,-0.3333333333333333,1,1
-0.32087779105975417,0.5923627951459699,-0.5652173913043478,0.4553817847286109,0.0,1,0.3333333333333333,1,1
0.2095600714275174,0.4668939846203634,-0.15217391304347827,0.44710211591536364,0.0,1,0.0,0,1
-0.31740971945514385,0.17422887036584864,-0.5434782608695652,0.18859245630174795,0.0,1,0.0,0,1
0.2783016779563465,-0.6017200263927908,0.717391304347826,-0.576816927322907,2.0,0,0.0,0,0
-0.3808237776892313,-0.9122125855583373,-0.5217391304347826,-0.9172033118675252,0.0,0,-0.6666666666666666,0,0
1.0891515768657487,0.29209624018222147,0.6521739130434783,0.27966881324747017,1.0,1,-0.3333333333333333,1,1
-0.375820899927687,-0.5516479356689422,-0.5652173913043478,-0.8086476540938362,2.0,0,-0.6666666666666666,0,0
1.6591697289001048,0.4997428915431958,0.9347826086956522,0.5124195032198714,2.0,1,0.6666666666666666,0,0
1.2406694116084473,0.5138926866325478,0.6086956521739131,0.5004599816007361,1.0,1,0.6666666666666666,0,0
-0.037027198536031064,-0.9422871088605456,0.8043478260869565,-0.9273229070837166,2.0,0,-0.6666666666666666,0,0
0.48194389102876295,-0.36654128397866453,0.6739130434782609,-0.35970561177552896,0.0,0,0.3333333333333333,1,1
0.9562432667758741,0.6019295067815789,0.34782608695652173,0.5400183992640296,2.0,1,0.3333333333333333,0,0
-0.37797553164799813,-0.5965111015832524,-0.5652173913043478,-0.6540938362465502,0.0,0,-0.3333333333333333,0,0
0.05554817667980108,0.6485953935180165,-0.30434782608695654,0.6393744250229991,0.0,1,1.0,1,1
0.49658358052567114,-0.1844459954798956,0.4782608695652174,-0.18767249310027592,1.0,0,1.0,0,0
0.7806702970735379,-0.055541213965832816,0.6739130434782609,-0.10303587856485731,1.0,0,0.3333333333333333,1,0
0.07988370891810927,-0.36646865369760784,0.08695652173913043,-0.28886844526218947,0.0,0,-0.3333333333333333,0,0
-0.10367320435058515,0.6267169180858323,-0.41304347826086957,0.7313707451701933,0.0,1,1.3333333333333333,1,1
-0.2627912811204085,-0.9392723075492235,-0.06521739130434782,-0.939282428702852,1.0,0,-0.6666666666666666,0,0
-0.26475406207110286,0.2320746990190604,-0.5,0.24931002759889628,0.0,1,0.0,1,1
1.8054928351116424,0.7702331860327717,0.8260869565217391,0.752529898804048,1.0,1,1.0,1,0
0.11435781644308675,-0.6263049094192725,0.43478260869565216,-0.6356945722171113,1.0,0,0.0,0,0
-0.4056905889818628,-0.9271464887325529,-0.6086956521739131,-0.9254829806807728,0.0,0,-0.6666666666666666,0,0
-0.2316671831879695,0.30891713730966724,-0.4782608695652174,0.2575896964121435,0.0,1,0.0,1,0
0.43182656690426646,0.6545020356056692,-0.043478260869565216,0.7387304507819689,1.0,1,1.0,0,0
0.5469222709228023,0.3214314620059211,0.17391304347826086,0.38362465501379966,1.0,1,0.0,0,0
1.4228833694898246,0.5221122864849777,0.7391304347826086,0.5556577736890526,0.0,1,0.6666666666666666,1,1
0.4216142028600523,0.3821422863720654,0.043478260869565216,0.34866605335786577,0.0,1,0.3333333333333333,1,0
1.0694499786012603,0.5534854817796786,0.45652173913043476,0.6163753449862006,0.0,1,0.6666666666666666,0,1
0.3614763654609584,0.2122838203911937,0.06521739130434782,0.19779208831646736,0.0,1,-0.3333333333333333,0,0
-0.40434763359454556,-0.843258514111959,-0.6086956521739131,-0.841766329346826,0.0,0,-0.6666666666666666,1,1
1.0538657930077775,0.15622726897443326,0.7391304347826086,0.1996320147194114,1.0,1,-0.3333333333333333,0,0
0.3793184870353153,0.35004024281703094,0.021739130434782608,0.4406623735050599,0.0,1,0.3333333333333333,0,0
2.0412921887221263,0.8612345086735143,0.9130434782608695,0.8417663293468263,2.0,1,1.3333333333333333,0,0
1.265536222901079,0.6798569844471922,0.5217391304347826,0.6476540938362467,2.0,1,0.6666666666666666,1,0
-0.08075441625713904,0.42543187129015475,-0.3695652173913043,0.5252989880404787,0.0,1,0.6666666666666666,0,1
1.0390490104927612,0.5155054317316734,0.45652173913043476,0.44250229990800394,0.0,1,0.3333333333333333,0,0
-0.40347692625551573,-1.0428381460389764,-0.5869565217391305,-0.9356025758969642,0.0,0,-0.6666666666666666,0,0
-0.13903277696610145,0.5950259054513858,-0.43478260869565216,0.5142594296228152,0.0,1,0.3333333333333333,0,1
0.06821032747450603,0.4662506643707312,-0.2608695652173913,0.4323827046918124,0.0,1,0.3333333333333333,1,1
1.3795841265624769,0.7011790186350462,0.5869565217391305,0.6485740570377185,1.0,1,1.0,0,0
1.1818154985906348,0.18876858123682033,0.8260869565217391,0.20239190432382706,2.0,0,1.0,0,0
-0.14047903661398148,0.5849880281463574,-0.43478260869565216,0.5547378104875806,0.0,1,0.3333333333333333,1,1
-0.3422912884992843,-0.21432916592624274,-0.5434782608695652,-0.25666973321067155,0.0,0,-0.3333333333333333,1,0
-0.048021723410221234,-0.10146369399960511,-0.21739130434782608,-0.09199632014719412,1.0,0,0.3333333333333333,0,0
-0.3611664526792698,-0.9029480345150739,-0.45652173913043476,-0.9273229070837166,0.0,0,-0.6666666666666666,0,0
1.9449535868715042,0.7764766231568394,0.9130434782608695,0.752529898804048,2.0,1,1.0,1,0
-0.20834993580378094,-0.027148361017324263,-0.41304347826086957,0.04599816007359706,0.0,1,-0.3333333333333333,1,1
-0.031360221956582696,0.28667870301202586,-0.30434782608695654,0.3431462741490342,0.0,1,0.0,0,0
1.9049158070276413,0.7129453569556088,0.9347826086956522,0.6577736890524379,1.0,1,0.6666666666666666,0,0
-0.33280205427901005,-0.8865852702346833,-0.3695652173913043,-0.9254829806807728,1.0,0,-0.6666666666666666,0,0
0.11934593645312205,-0.8361654222408037,0.9347826086956522,-0.8307267709291628,2.0,0,-0.6666666666666666,0,0
-0.38989979486725407,0.05922859746563893,-0.6086956521739131,0.05887764489420429,0.0,1,-0.6666666666666666,1,1
0.07349360251472087,0.020671391739403328,-0.13043478260869565,0.09291628334866628,0.0,1,-0.3333333333333333,0,0
1.007334602499963,-0.0657711424948096,0.9347826086956522,-0.0883164673413063,2.0,0,1.3333333333333333,0,0
0.23566653384690311,0.2582763952340303,-0.06521739130434782,0.19043238270469198,0.0,1,-0.3333333333333333,1,0
0.24936172724723668,0.6692710795705021,-0.17391304347826086,0.6292548298068078,1.0,1,1.0,0,0
0.03286551261049871,-0.8340707835582748,0.6739130434782609,-0.8500459981600736,1.0,0,-0.6666666666666666,0,0
-0.33624061038060243,-0.9044844443066598,-0.3695652173913043,-0.9181232750689972,0.0,0,-0.6666666666666666,0,0
-0.06055105444134528,0.07374766999612649,-0.2826086956521739,0.09291628334866628,0.0,1,-0.6666666666666666,1,0
1.0010478003571375,0.10385764379265999,0.7391304347826086,0.17203311867525317,1.0,0,0.6666666666666666,0,0
0.12583934711707329,0.22918345513853045,-0.15217391304347827,0.20883164673413082,0.0,1,0.0,1,0
0.29798851846932606,0.08835316557739055,0.06521739130434782,0.10947562097516106,0.0,0,1.0,0,0
-0.35108690839863643,-0.0366433735293253,-0.5652173913043478,0.16651333946642158,0.0,1,-0.3333333333333333,1,1
-0.13053231209692892,0.053768433437079634,-0.34782608695652173,0.19871205151793953,0.0,1,0.0,1,1
1.6661206298608344,0.6118074167141889,0.8478260869565217,0.6145354185832569,2.0,1,0.6666666666666666,0,0
0.33750977701037477,0.2629872640257703,0.021739130434782608,0.29622815087396526,1.0,1,0.0,1,0
-0.05362966898363367,0.1007692772056445,-0.2826086956521739,0.08739650413983442,0.0,1,-0.3333333333333333,0,0
0.37087705317217873,0.18434822394770345,0.08695652173913043,0.18859245630174795,2.0,1,0.0,0,0
-0.026490163958619268,-0.9626887685779083,0.9347826086956522,-0.939282428702852,2.0,0,-0.6666666666666666,0,0
-0.3053231209692891,0.36297681326218506,-0.5434782608695652,0.2621895124195032,0.0,1,-0.3333333333333333,1,1
-0.2830831894452561,-0.6277770408420268,-0.3695652173913043,-0.6761729530818766,1.0,0,0.0,0,0
-0.3206859402901374,0.12306642430603604,-0.5434782608695652,0.23735050597976093,0.0,1,-0.3333333333333333,1,0
-0.4116084473369638,0.19381809520856974,-0.6304347826086957,0.19319227230910765,2.0,0,1.0,0,0
-0.28336358672392675,0.0383334243000699,-0.5,0.16007359705611782,0.0,1,-0.3333333333333333,1,1
1.6895706970086037,0.7224328843942663,0.782608695652174,0.6936522539098438,1.0,1,1.0,0,0
-0.31702601791591034,-0.9029326704171581,-0.30434782608695654,-0.9282428702851886,0.0,0,-0.6666666666666666,0,0
-0.2547187910449964,-0.8884673722293762,-0.10869565217391304,-0.907083716651334,1.0,0,-0.6666666666666666,0,0
-0.2988001948023199,-0.7547613101166072,-0.34782608695652173,-0.7396504139834407,0.0,0,-0.3333333333333333,1,0
0.17899676805241957,0.24037131189362468,-0.10869565217391304,0.17479300827966884,0.0,1,-0.3333333333333333,0,0
1.0404657546376235,-0.03702747597722197,0.9347826086956522,-0.08923643054277819,2.0,0,1.3333333333333333,0,0
1.2547778220510324,0.6308071823754323,0.5434782608695652,0.6209751609935603,0.0,1,0.6666666666666666,0,0
-0.3479139918242057,0.029422247508871263,-0.5652173913043478,0.07451701931922745,0.0,1,-0.6666666666666666,0,1
-0.38870441699502667,-0.9391304851069234,-0.5434782608695652,-0.9172033118675252,0.0,0,-0.6666666666666666,0,0
0.44332285532976207,0.3720512335937397,0.06521739130434782,0.3863845446182153,0.0,1,0.0,0,0
0.5906790041469283,0.4919957280750514,0.13043478260869565,0.5280588776448943,0.0,1,0.3333333333333333,1,1
-0.18748247517008307,-0.8968045902198608,0.13043478260869565,-0.9172033118675252,2.0,0,-0.6666666666666666,0,0
-0.38647599651717063,-0.5118549220668654,-0.5869565217391305,-0.46734130634774596,0.0,0,-0.6666666666666666,0,1
-0.253538170924278,-0.06257028876233878,-0.45652173913043476,0.09659613615455383,0.0,1,-0.3333333333333333,1,0
-0.04173492126739566,-0.24661472259216047,-0.15217391304347827,-0.2805887764489419,0.0,0,0.0,0,0
-0.12969112026091706,-0.12280523464146666,-0.30434782608695654,-0.20975160993560243,0.0,0,0.3333333333333333,1,0
0.2266938209294432,0.5155423055666716,-0.15217391304347827,0.4553817847286109,0.0,1,0.0,1,0
-0.39841501748793556,-0.4726764723814233,-0.6086956521739131,-0.4719411223551057,0.0,0,-0.6666666666666666,0,1
0.12361092663921724,-0.8259252149139257,0.9130434782608695,-0.8261269549218031,2.0,0,-0.6666666666666666,0,0
-0.3392511916884343,-0.16685410336623627,-0.5434782608695652,-0.2502299908003679,0.0,0,0.0,1,0
0.18720207789141247,0.19938604429327741,-0.08695652173913043,0.2097516099356027,0.0,0,1.0,0,0
0.3923200661147268,0.2724918790989688,0.06521739130434782,0.2897884084636615,0.0,1,0.0,1,0
-0.34654152093387053,-0.7161754756364911,-0.4782608695652174,-0.7460901563937443,0.0,0,-0.3333333333333333,0,0
-0.30364073729726543,-0.900087600991327,-0.2608695652173913,-0.9172033118675252,1.0,0,-0.6666666666666666,0,0
-0.2486976284293325,-0.024774607889323744,-0.45652173913043476,-0.17387304507819681,0.0,0,0.0,0,0
0.785009076017178,0.03796029620782752,0.5869565217391305,0.053357865685372693,2.0,0,0.6666666666666666,0,0
-0.39811986245775594,-0.45423955488239165,-0.6086956521739131,-0.45354185832566685,0.0,0,-0.6666666666666666,0,1
-0.16593615796697214,0.6214393504517346,-0.45652173913043476,0.5510579576816929,0.0,1,0.6666666666666666,0,1
-0.3784625374477945,-1.0010258509965295,-0.4782608695652174,-0.9402023919043239,0.0,0,-0.6666666666666666,1,1
-0.3937072947565709,-0.9240736691493808,-0.5652173913043478,-0.9107635694572217,0.0,0,-0.6666666666666666,0,0
1.2265314856628446,0.14441494655799575,0.9130434782608695,0.12879484820607176,2.0,0,1.0,0,0
-0.3600153480615694,0.3145799048272271,-0.5869565217391305,0.47194112235510594,0.0,1,0.0,1,1
-0.38488215935420084,0.3726561949491765,-0.6086956521739131,0.3716651333946643,0.0,1,0.0,1,1
0.9853898260061098,0.48408666673158923,0.43478260869565216,0.4323827046918124,0.0,1,0.3333333333333333,0,0
0.7834595121087351,-0.00973501031737673,0.6304347826086957,-0.004599816007359706,2.0,0,0.6666666666666666,0,0
-0.010286152801759098,-0.7270640317828346,0.32608695652173914,-0.7359705611775529,0.0,0,-0.3333333333333333,1,1
0.9290890039993508,0.12263284425468178,0.6521739130434783,0.10303587856485757,2.0,0,0.6666666666666666,0,0
1.8115435132303241,0.6591035709094831,0.9130434782608695,0.6936522539098438,2.0,1,1.0,1,1
-0.39097711072740954,-0.008066151405826335,-0.6086956521739131,-0.008279668813247262,0.0,1,-0.6666666666666666,1,1
-0.14931892976786057,0.19264483682226774,-0.391304347826087,0.09015639374425034,0.0,1,-0.6666666666666666,1,0
1.472469414559998,0.6014077882738554,0.717391304347826,0.6145354185832569,1.0,1,0.6666666666666666,1,1
0.1539085904871534,-0.2875171437840058,0.13043478260869565,-0.28334866605335773,1.0,0,0.0,0,0
-0.2897094198727882,-0.916084338233134,-0.1956521739130435,-0.9356025758969642,0.0,0,-0.6666666666666666,0,0
-0.17284278567317482,-0.9239430743170961,0.2391304347826087,-0.9337626494940202,2.0,0,-0.6666666666666666,0,0
0.14517200159383722,-0.4050271674042072,0.21739130434782608,-0.4139834406623734,1.0,0,-0.3333333333333333,1,0
-0.38604802172341024,0.29983037082800157,-0.6086956521739131,0.2989880404783809,0.0,1,-0.3333333333333333,1,1
0.08403063709213267,-0.8668039941680138,0.9347826086956522,-0.8574057037718491,2.0,0,-0.6666666666666666,0,0
0.3724708903351486,0.18736517408390876,0.08695652173913043,0.18859245630174795,0.0,1,-0.3333333333333333,0,1
-0.25194433376130815,-0.4656858078297071,-0.3695652173913043,-0.48850045998160074,0.0,0,-0.6666666666666666,0,0
-0.4057791354909166,-0.9326775639822623,-0.6086956521739131,-0.9310027598896045,0.0,0,-0.6666666666666666,0,0
-0.2530068918699547,-0.9298778839175945,-0.043478260869565216,-0.9420423183072677,0.0,0,-0.6666666666666666,0,0
-0.21125721285105004,-0.9287190493427643,0.10869565217391304,-0.9337626494940202,1.0,0,-0.6666666666666666,0,0
0.920618054633196,0.1892253273672931,0.5869565217391305,0.18307267709291636,2.0,1,0.0,0,0
0.008648042384262321,-0.8441962538813064,0.6304347826086957,-0.8463661453541858,2.0,0,-0.6666666666666666,0,0
-0.2476793435752129,-0.8313583219080385,-0.15217391304347827,-0.8298068077276909,2.0,0,-0.6666666666666666,0,0
-0.34503623027995456,-0.8809620103974787,-0.41304347826086957,-0.8141674333026678,2.0,0,-0.6666666666666666,0,0
-0.3323740794852496,-0.916084338233134,-0.34782608695652173,-0.9264029438822448,2.0,0,-0.6666666666666666,0,0
0.44950635321202465,0.2400420812239992,0.13043478260869565,0.27506899724011047,0.0,1,0.0,0,1
0.30151562107997226,0.013353208629813252,0.10869565217391304,-0.006439742410303484,0.0,1,-0.6666666666666666,0,1
-0.28632989477723175,0.6595807235278561,-0.5434782608695652,0.4406623735050599,0.0,1,0.0,1,1
0.028792373194020147,-0.9147271762505662,0.9347826086956522,-0.9135234590616375,2.0,0,-0.6666666666666666,0,0
-0.37252992134118446,-0.0762827461522434,-0.5869565217391305,-0.000919963201471889,0.0,0,0.3333333333333333,1,0
-0.2165404878912649,0.44390171185614874,-0.4782608695652174,0.4599816007359706,0.0,1,0.3333333333333333,1,1
0.14740042207169318,-0.0035252069106945266,-0.043478260869565216,0.09475620975161005,0.0,1,-0.6666666666666666,1,1
-0.32751877923879524,0.016362764280390355,-0.5434782608695652,-0.014719411223551008,0.0,1,-0.6666666666666666,0,0
-0.180133114918611,-0.9060187778687976,0.17391304347826086,-0.9291628334866605,2.0,0,-0.6666666666666666,0,0
-0.28832219123094405,-0.9300876160478745,-0.17391304347826086,-0.9264029438822448,0.0,0,-0.6666666666666666,0,0
1.068962972801464,0.44817798342162485,0.5217391304347826,0.46918123275069,1.0,1,0.0,0,0
0.06440282758518914,0.3550899096653771,-0.2391304347826087,0.3633854645814168,0.0,1,0.0,1,1
-0.3762636324729564,-0.19289624933361846,-0.5869565217391305,-0.025758969641214196,0.0,1,-0.6666666666666666,1,1
0.5342601201280973,0.5495641798891034,0.06521739130434782,0.5372585096596137,0.0,1,0.3333333333333333,0,1
-0.26839922669382094,-0.9078678858694351,-0.13043478260869565,-0.9126034958601655,1.0,0,-0.6666666666666666,1,0
-0.36413276073257483,-0.3082806246817247,-0.5652173913043478,-0.37166513339466417,0.0,0,-0.3333333333333333,0,0
0.8118829415150308,-0.22038932877319556,0.9130434782608695,-0.21527138914443417,2.0,0,1.0,0,0
-0.16738241761485217,0.3982630248089429,-0.43478260869565216,0.47010119595216215,0.0,1,0.3333333333333333,0,0
-0.39699827334307347,-0.3841792683860715,-0.6086956521739131,-0.3836246550137994,0.0,0,-0.3333333333333333,1,0
-0.11915408568350525,-0.28190558992616555,-0.2391304347826087,-0.23735050597976068,0.0,0,0.0,1,1
-0.206077242071398,-0.22692772621724763,-0.3695652173913043,-0.3072677092916283,1.0,0,-0.3333333333333333,0,1
1.2369504582281843,0.15358147032864078,0.9130434782608695,0.17939282428702855,2.0,0,1.0,0,0
0.06099378698661475,-0.8355380549092395,0.7608695652173914,-0.8454461821527139,1.0,0,-0.6666666666666666,0,0
-0.36366051268428745,-0.5480373726587151,-0.5434782608695652,-0.5574977000919963,0.0,0,0.0,1,0
-0.27282655214651497,-0.9198919624992382,-0.13043478260869565,-0.9356025758969642,0.0,0,-0.6666666666666666,0,0
0.1981818450140937,-0.32012279861379506,0.21739130434782608,-0.35510579576816925,0.0,0,-0.3333333333333333,0,0
0.009415445462729327,-0.35754450721336334,-0.021739130434782608,-0.29438822447102103,1.0,0,0.0,0,0
-0.29576009799147,0.15049133908584553,-0.5217391304347826,0.2640294388224473,0.0,1,0.0,1,0
0.7281179439500597,0.2852652060037667,0.34782608695652173,0.2897884084636615,0.0,1,0.0,1,0
0.34189282920854186,-0.0247092066617091,0.17391304347826086,0.0,0.0,1,-0.6666666666666666,0,0
1.5565885981611844,0.7522569621563219,0.6739130434782609,0.7295308187672495,2.0,1,1.3333333333333333,0,0
-0.169758415607798,0.591594590250177,-0.45652173913043476,0.5565777368905245,0.0,1,0.3333333333333333,1,1
0.9506058056994436,0.5136397725907076,0.391304347826087,0.45170193192272334,1.0,1,0.3333333333333333,0,0
0.19953955815291982,0.17148106054628157,-0.06521739130434782,0.24655013799448036,0.0,1,-0.3333333333333333,1,1
-0.33080975782529776,0.3855620371984987,-0.5652173913043478,0.33026678932842696,0.0,1,0.3333333333333333,0,1
0.6384646035330056,0.015053743137959149,0.45652173913043476,-0.01103955841766319,0.0,1,-0.6666666666666666,0,0
0.16603946222753502,0.03959669457315165,-0.043478260869565216,0.02299908003679853,0.0,0,0.3333333333333333,0,0
-0.19616003305736338,0.3854468064641299,-0.45652173913043476,0.4001839926402944,0.0,1,0.3333333333333333,1,1
0.006552441669987175,-0.8755082512534103,0.717391304347826,-0.859245630174793,2.0,0,-0.6666666666666666,0,0
1.3370080134590694,0.2416112595141581,0.9130434782608695,0.2115915363385465,2.0,0,1.0,0,0
0.08947624739894633,-0.8225588840107735,0.8043478260869565,-0.8325666973321066,2.0,0,-0.6666666666666666,0,0
1.905314266318384,0.8315320923202952,0.8478260869565217,0.816007359705612,2.0,1,1.3333333333333333,0,0
-0.21993477073833032,-0.37581174429035724,-0.34782608695652173,-0.390064397424103,0.0,0,0.3333333333333333,1,0
0.9335606027065716,0.20366209223037418,0.5869565217391305,0.1941122355105798,1.0,1,-0.3333333333333333,1,0
0.47770841634568567,0.165071059371264,0.1956521739130435,0.16743330266789347,0.0,1,0.0,1,1
-0.03791266362656987,0.37054911866357293,-0.32608695652173914,0.3698252069917205,0.0,1,0.0,0,1
-0.30524933221174416,-0.881572733289634,-0.2826086956521739,-0.939282428702852,1.0,0,-0.6666666666666666,0,0
-0.10272870825401041,0.08135289846447694,-0.32608695652173914,-0.0027598896044156666,0.0,1,-0.6666666666666666,1,0
0.28138604802172346,0.05594452153612403,0.06521739130434782,-0.01103955841766319,0.0,1,-0.6666666666666666,0,1
-0.27945278257404704,-0.26491545831421076,-0.45652173913043476,-0.296228150873965,1.0,0,0.0,0,0
0.830979471967651,0.5082747299478672,0.30434782608695654,0.532658693652254,0.0,1,0.3333333333333333,0,0
0.7328994554389695,0.07803779887570877,0.5,0.06715731370745182,1.0,0,0.6666666666666666,0,0
-0.3666563362406104,-0.3608258395539647,-0.5652173913043478,-0.3698252069917203,0.0,0,-0.3333333333333333,0,0
-0.24272073906819555,-0.933027229658968,0.0,-0.9300827966881325,1.0,0,-0.6666666666666666,0,0
-0.40580865099393454,-0.9345212557321655,-0.6086956521739131,-0.9328426862925483,0.0,0,-0.6666666666666666,0,1
-0.25607650418382255,-0.4871955449119107,-0.3695652173913043,-0.49126034958601655,0.0,0,0.3333333333333333,1,1
-0.2484762621566978,-0.6599264157309632,-0.2826086956521739,-0.641214351425943,0.0,0,-0.3333333333333333,0,0
0.5354407402488158,0.1821336987435586,0.2391304347826087,0.19135234590616387,1.0,0,0.6666666666666666,0,0
-0.34940452472661265,-0.5196906120039541,-0.5217391304347826,-0.5676172953081876,0.0,0,0.0,1,1
0.6825164917873112,0.41181159848774496,0.2391304347826087,0.4921803127874885,0.0,1,0.0,0,1
-0.2283909623529759,-0.9788978918791402,0.15217391304347827,-0.9346826126954922,1.0,0,-0.6666666666666666,0,0
-0.289856997387878,0.224239009081972,-0.5217391304347826,0.17755289788408476,0.0,1,-0.3333333333333333,1,1
-0.16602470447602605,0.23723703591878928,-0.41304347826086957,0.2640294388224473,0.0,1,0.0,0,1
-0.3568424314871386,0.41367833638452206,-0.5869565217391305,0.35326586936522547,0.0,1,0.0,0,1
0.16193680730803858,0.26087236254743923,-0.13043478260869565,0.3725850965961362,0.0,1,0.0,1,1
-0.2622895175691032,-0.9380668167896716,-0.06521739130434782,-0.9254829806807728,1.0,0,-0.6666666666666666,0,0
1.9634598072637655,0.763736503982455,0.9347826086956522,0.7736890524379028,2.0,1,1.0,1,0
0.12418647894806749,-0.3124379688236632,0.10869565217391304,-0.37074517019319214,0.0,0,-0.3333333333333333,0,0
-0.2306931715883768,-0.16671582648499353,-0.41304347826086957,-0.14903403863845438,0.0,0,0.3333333333333333,0,0
-0.17691592508965334,-0.24965561677706583,-0.32608695652173914,-0.2695492180312786,1.0,0,0.0,0,0
0.2288189371467364,0.44251608016833355,-0.13043478260869565,0.3624655013799449,0.0,1,0.0,0,1
-0.12439308746919318,-0.9150840373901012,0.391304347826087,-0.9328426862925483,2.0,0,-0.6666666666666666,0,0
0.24074320036599223,0.40107977609351675,-0.10869565217391304,0.3477460901563939,0.0,1,0.3333333333333333,1,0
1.0210002803972786,0.5294828727776741,0.43478260869565216,0.5280588776448943,0.0,1,0.3333333333333333,0,1
-0.09995425097032212,-0.32342962522676233,-0.1956521739130435,-0.3008279668813247,1.0,0,0.0,0,0
-0.3689437877245023,0.035721527654373766,-0.5869565217391305,-0.01103955841766319,0.0,1,-0.6666666666666666,0,1
-0.3847198240876021,-0.4570050925072465,-0.5869565217391305,-0.39190432382704693,0.0,0,-0.3333333333333333,0,1
-0.0264754062071103,-0.2032879664694364,-0.15217391304347827,-0.2502299908003679,2.0,0,0.6666666666666666,0,0
-0.20116291081890764,0.5811250549560842,-0.4782608695652174,0.5096596136154555,0.0,1,0.3333333333333333,0,1
-0.4053806762001742,-0.9077877253585697,-0.6086956521739131,-0.906163753449862,0.0,0,-0.6666666666666666,0,0
1.2355927450893582,0.44713821674399334,0.6521739130434783,0.48390064397424126,0.0,1,0.3333333333333333,0,0
0.03050427236906189,-0.8206573962812495,0.6304347826086957,-0.84360625574977,1.0,0,-0.6666666666666666,0,0
0.9246911940496746,0.7391011722652953,0.2608695652173913,0.8123275068997242,0.0,1,1.3333333333333333,0,1
0.9432564454479717,0.13763237035558884,0.6521739130434783,0.16283348666053377,2.0,1,-0.3333333333333333,0,0
-0.35251841029500747,-0.06644972348609322,-0.5652173913043478,-0.014719411223551008,0.0,1,-0.6666666666666666,1,0
-0.23025043904310738,-0.9427890609231374,0.06521739130434782,-0.9254829806807728,2.0,0,-0.6666666666666666,0,0
0.9357447499299006,0.5328168956581554,0.3695652173913043,0.5243790248390064,0.0,1,0.3333333333333333,1,0
-0.4116084473369638,-0.8220560589880725,-0.6304347826086957,-0.8206071757129715,2.0,0,-0.6666666666666666,0,0
-0.3610926639217249,0.2809325303914943,-0.5869565217391305,0.19503219871205169,0.0,1,-0.3333333333333333,1,1
-0.11279349478313484,-0.9378540831262212,0.5,-0.9337626494940202,1.0,0,-0.6666666666666666,0,0
-0.13405941470757515,0.036820651582200645,-0.34782608695652173,0.07267709291628341,0.0,1,-0.3333333333333333,1,1
-0.10237452221779487,0.45922590302417515,-0.391304347826087,0.3560257589696414,0.0,1,0.0,0,1
0.4049084281518869,0.29706483320314697,0.06521739130434782,0.31830726770929185,0.0,1,0.0,0,0
0.0672658313779313,0.4627801857826782,-0.2608695652173913,0.5538178472861087,0.0,1,0.3333333333333333,0,1
-0.07827511400363042,0.004551614007573222,-0.2826086956521739,0.08095676172953094,0.0,1,-0.6666666666666666,0,0
1.2651377636103363,0.7568851707108579,0.4782608695652174,0.6826126954921805,1.0,1,1.0,0,0
0.25068992488304487,0.12976570079383065,0.0,0.09199632014719412,1.0,0,0.6666666666666666,0,0
0.9234515429229203,-0.1054525834810684,0.8913043478260869,-0.0993560257589695,2.0,0,0.6666666666666666,0,0
1.7016130222399315,0.562387656507873,0.9130434782608695,0.5538178472861087,2.0,1,0.6666666666666666,1,0
0.4266170806215965,-0.01973537113996965,0.2608695652173913,-0.03403863845446172,1.0,0,0.3333333333333333,0,0
-0.38783370965599684,0.1882870199588603,-0.6086956521739131,0.18767249310027606,0.0,1,-0.3333333333333333,1,0
-0.24038901432977672,0.23108700701018392,-0.4782608695652174,0.20055197792088328,0.0,0,1.0,0,0
0.23141630141231684,0.30986005394747473,-0.08695652173913043,0.36890524379024864,1.0,1,0.0,1,1
1.370699960154071,0.3648686611398841,0.8260869565217391,0.35326586936522547,1.0,1,0.3333333333333333,1,0
-0.3350452325083751,-0.3402994047383764,-0.5217391304347826,-0.2695492180312786,0.0,0,-0.3333333333333333,0,0
-0.3159339443042459,-0.8983848974340636,-0.30434782608695654,-0.8380864765409384,0.0,0,-0.6666666666666666,1,0
-0.28833694898245305,-0.911797754914609,-0.1956521739130435,-0.9264029438822448,0.0,0,-0.6666666666666666,1,0
-0.36197812901226367,-0.26341745876741435,-0.5652173913043478,-0.26126954921803125,0.0,0,0.0,0,1
1.2524313395611046,0.6280928584102973,0.5434782608695652,0.6412143514259432,1.0,1,0.6666666666666666,1,0
-0.16385531500420597,-0.928331719143205,0.2826086956521739,-0.9346826126954922,1.0,0,-0.6666666666666666,0,0
-0.18460471362583197,0.2787303430235545,-0.43478260869565216,0.17295308187672506,0.0,1,-0.3333333333333333,1,0
1.4339959563760867,0.5331305395617796,0.7391304347826086,0.4986200551977923,2.0,1,0.3333333333333333,0,0
0.07297708121190656,-0.8581149287923381,0.8695652173913043,-0.8482060717571297,2.0,0,-0.6666666666666666,0,0
0.08367645105591713,-0.8484288670627744,0.8695652173913043,-0.841766329346826,2.0,0,-0.6666666666666666,0,0
0.19596818228774668,-0.34799681779422204,0.2391304347826087,-0.37166513339466417,0.0,0,-0.3333333333333333,0,0
0.30399492333348094,-0.5518015766481008,0.6739130434782609,-0.5657773689052438,2.0,0,0.3333333333333333,0,0
-0.2973244196514219,0.48788692931812416,-0.5434782608695652,0.44250229990800394,0.0,1,0.6666666666666666,0,1
1.4459349773468515,0.33744427927496967,0.9130434782608695,0.3587856485740571,2.0,0,1.3333333333333333,0,0
0.4265285341125427,0.11817690395578598,0.17391304347826086,0.15823367065317404,0.0,1,-0.3333333333333333,0,1
0.5169197621050458,0.5157151516682251,0.06521739130434782,0.5243790248390064,0.0,1,0.3333333333333333,0,0
0.237939227579286,-0.25644452202098594,0.21739130434782608,-0.3035878564857405,2.0,0,-0.3333333333333333,0,0
-0.14171868774073582,-0.8531562277167022,0.1956521739130435,-0.8482060717571297,1.0,0,-0.6666666666666666,1,0
0.9395374920677085,0.3262625285117094,0.5,0.3514259429622817,2.0,1,0.0,0,0
1.0634288159855965,0.6227452987745825,0.41304347826086957,0.6421343146274151,0.0,1,0.6666666666666666,0,0
0.81175012175145,-0.20513046101690435,0.8913043478260869,-0.19963201471941114,2.0,0,1.0,0,0
0.029220347987780584,0.08001622194579705,-0.1956521739130435,0.0036798528058878174,0.0,1,-0.6666666666666666,0,0
0.8218739392866105,0.24418775381592436,0.45652173913043476,0.22355105795768182,1.0,0,1.0,0,0
-0.14787267011998054,-0.42973786189025764,-0.21739130434782608,-0.4691812327506899,1.0,0,0.0,0,1
0.06388630628237484,-0.10873172095053914,-0.08695652173913043,-0.1609935602575896,1.0,0,0.3333333333333333,0,0
-0.23656675668895089,-0.3856388576880783,-0.3695652173913043,-0.39190432382704693,0.0,0,-0.3333333333333333,0,0
0.8530718259765943,0.7287959846388042,0.21739130434782608,0.6494940202391907,0.0,1,0.6666666666666666,1,1
-0.25088177565266156,0.13745380456867293,-0.4782608695652174,0.07911683532658716,0.0,1,-0.3333333333333333,0,1
0.04110033795250956,-0.06730476893532364,-0.13043478260869565,-0.07543698252069908,1.0,0,0.6666666666666666,0,0
-0.2552353123478107,-0.9350333923293609,-0.043478260869565216,-0.937442502299908,0.0,0,-0.6666666666666666,1,0
0.7293428373253052,0.21957093848115347,0.391304347826087,0.2888684452621896,0.0,1,-0.3333333333333333,0,0
-0.2593822405218341,-0.9310820615063846,-0.06521739130434782,-0.9420423183072677,2.0,0,-0.6666666666666666,0,0
-0.1338675639379584,-0.05758244411751148,-0.32608695652173914,-0.1039558417663292,0.0,0,0.0,0,1
-0.07700594737385809,0.6032852720279722,-0.391304347826087,0.6200551977920884,0.0,1,0.6666666666666666,0,1
-0.39733770162778004,-0.8510942040490475,-0.5869565217391305,-0.9402023919043239,0.0,0,-0.6666666666666666,0,0
0.19937722288632112,0.17109104882995607,-0.06521739130434782,0.21343146274149052,0.0,1,0.0,1,0
2.048198816428329,0.8372537125098438,0.9347826086956522,0.8150873965041401,2.0,1,1.3333333333333333,0,0
-0.054692227092280214,-0.9429202959261688,0.7391304347826086,-0.9264029438822448,2.0,0,-0.6666666666666666,0,0
0.0005017635513053366,-0.9342356133483777,0.9130434782608695,-0.9300827966881325,2.0,0,-0.6666666666666666,0,0
-0.19810805625654876,-0.08441175068590728,-0.391304347826087,-0.09567617295308167,0.0,0,0.0,0,0
-0.3441212496863978,-0.9956923141485955,-0.32608695652173914,-0.9328426862925483,1.0,0,-0.6666666666666666,0,0
-0.0687120910258113,0.3508155388349391,-0.34782608695652173,0.3422263109475623,2.0,0,1.3333333333333333,0,0
-0.3825799501187999,-0.9945948785831769,-0.5,-0.9227230910763569,0.0,0,-0.6666666666666666,0,0
-0.18277475243871846,0.002660782411792002,-0.391304347826087,0.08923643054277845,0.0,1,-0.6666666666666666,0,0
-0.0944200941544546,-0.19607149623622938,-0.2391304347826087,-0.249310027598896,0.0,0,-0.3333333333333333,0,0
-0.40111568601407893,-0.6413742674975628,-0.6086956521739131,-0.640294388224471,0.0,0,-0.3333333333333333,1,1
0.27453845132155663,0.042577756349325944,0.06521739130434782,0.09475620975161005,0.0,1,-0.3333333333333333,0,0
-0.09502516196632284,-0.6148950394342984,0.0,-0.639374425022999,1.0,0,0.0,0,0
-0.36128451469134165,-0.24897520672650628,-0.5652173913043478,-0.18583256669733203,0.0,0,-0.3333333333333333,1,0
-0.3534924218946001,0.5183078431915265,-0.5869565217391305,0.45630174793008305,0.0,1,0.0,1,1
-0.06838742049261376,0.3523755857002416,-0.34782608695652173,0.48390064397424126,0.0,1,0.3333333333333333,0,1
0.0836174200498812,-0.5423095620088635,0.2608695652173913,-0.5519779208831646,0.0,0,0.0,1,0
-0.4060447750180783,-0.9492707897313908,-0.6086956521739131,-0.9475620975160993,0.0,0,-0.6666666666666666,1,0
-0.3022830241584393,-0.32123036435366364,-0.4782608695652174,-0.2851885924563016,0.0,0,-0.3333333333333333,0,0
0.5950472985935863,-0.08755763031511293,0.5,-0.11131554737810484,1.0,0,0.3333333333333333,0,0
-0.07548589896843318,-0.83022975907931,0.34782608695652173,-0.8408463661453542,2.0,0,-0.6666666666666666,0,0
1.1421614202860053,0.08971535747296616,0.8913043478260869,0.10579576816927325,2.0,0,0.6666666666666666,0,0
-0.11477103348533815,-0.9469574783848141,0.5217391304347826,-0.9503219871205151,2.0,0,-0.6666666666666666,0,0
1.3405941470757516,0.46854303442599504,0.717391304347826,0.5078196872125117,1.0,1,0.3333333333333333,0,0
1.204630982423518,0.3858385909609842,0.6739130434782609,0.4369825206991721,0.0,1,0.3333333333333333,0,0
-0.345478962825224,0.08012377063120822,-0.5652173913043478,0.1849126034958604,0.0,1,-0.3333333333333333,1,1
0.2749369106122992,0.5677668783954505,-0.13043478260869565,0.4553817847286109,0.0,1,0.3333333333333333,1,0
-0.40235533714083327,-0.7188093209934955,-0.6086956521739131,-0.7175712971481141,0.0,0,-0.3333333333333333,0,1
1.061657885804519,0.07674366908971902,0.8260869565217391,0.03679852805887765,1.0,0,0.6666666666666666,0,0
-0.10098729357595074,0.3201109800769365,-0.3695652173913043,0.3569457221711133,0.0,1,0.0,0,1
1.3094995646463305,0.21740955936049958,0.9130434782608695,0.22723091076356963,2.0,0,1.0,0,0
-0.26084325792122315,-0.9201035862479228,-0.08695652173913043,-0.9282428702851886,1.0,0,-0.6666666666666666,0,0
-0.3277991765174658,-0.24977413981813104,-0.5217391304347826,-0.30450781968721247,0.0,0,-0.3333333333333333,1,0
-0.029264621242307484,-0.3782227258094613,-0.06521739130434782,-0.34590616375344985,1.0,0,-0.6666666666666666,0,0
-0.40580865099393454,-0.9345212557321655,-0.6086956521739131,-0.9328426862925483,1.0,0,-0.6666666666666666,0,0
0.4772951993034342,-0.5035846476458713,0.8913043478260869,-0.48390064397424104,1.0,0,0.3333333333333333,0,0
1.9771254851610809,0.7755924662075265,0.9347826086956522,0.8031278748850048,2.0,1,1.3333333333333333,1,0
1.2442850607281475,0.4271219220608991,0.6739130434782609,0.44250229990800394,1.0,1,0.3333333333333333,1,1
0.5380971355204321,0.5570541776230851,0.06521739130434782,0.5528978840846369,0.0,1,0.3333333333333333,1,0
-0.4057496199878987,-0.9308338722323591,-0.6086956521739131,-0.9291628334866605,0.0,0,-0.6666666666666666,1,1
-0.18339457800209558,-0.27856206957019025,-0.32608695652173914,-0.296228150873965,1.0,0,-0.3333333333333333,0,0
-0.10779061702159061,0.163042625229417,-0.34782608695652173,0.17755289788408476,0.0,1,-0.3333333333333333,0,0
-0.21401691238322929,0.7602923853663165,-0.5,0.7276908923643057,0.0,1,1.0,0,1
0.6491197001224894,0.14359753515142512,0.3695652173913043,0.16283348666053377,2.0,0,0.6666666666666666,0,0
0.04704771181062856,0.6131965119198758,-0.30434782608695654,0.5703771849126036,0.0,1,0.6666666666666666,1,1
0.7551836602175295,0.39816774358155743,0.30434782608695654,0.4406623735050599,0.0,1,0.3333333333333333,1,0
0.17018639040155847,-0.36496232745438856,0.21739130434782608,-0.37810487580496777,2.0,0,-0.3333333333333333,0,0
-0.046752556780448894,-0.2115307052344253,-0.17391304347826086,-0.18951241950321984,0.0,0,0.0,0,1
0.5317070291170438,-0.2630454858705041,0.6086956521739131,-0.3054277828886844,0.0,0,0.6666666666666666,1,0
1.0264458907040923,0.39806783312472865,0.5217391304347826,0.425022999080037,1.0,1,0.3333333333333333,1,0
0.03127167544752883,0.2401152435950271,-0.2391304347826087,0.32290708371665156,0.0,1,0.3333333333333333,0,0
-0.39385487227166066,-0.18782609702138478,-0.6086956521739131,-0.18767249310027592,0.0,0,-0.3333333333333333,1,1
0.6151621139003262,-0.1909889820061324,0.6304347826086957,-0.171113155473781,1.0,0,0.0,0,0
1.7765381266510236,0.6283061284392699,0.9130434782608695,0.6200551977920884,2.0,1,0.3333333333333333,0,0
0.6308791192573899,0.5637416755998542,0.13043478260869565,0.5317387304507821,1.0,1,0.6666666666666666,1,0
-0.335827393338351,0.2810861713706528,-0.5652173913043478,0.2824287028518861,0.0,1,0.0,0,0
0.7357329437286935,0.5892171982568809,0.1956521739130435,0.6347746090156394,1.0,1,0.6666666666666666,1,0
0.32337185106477184,0.014927318560822926,0.13043478260869565,-0.02207911683532638,2.0,0,0.6666666666666666,0,0
-0.236448694676879,0.26624884252619424,-0.4782608695652174,0.3698252069917205,0.0,1,0.0,1,1
0.6244742551024927,0.08019568768528255,0.391304347826087,0.07543698252069933,2.0,0,0.6666666666666666,0,0
-0.1856820294859875,-0.28876822032858285,-0.32608695652173914,-0.36614535418583244,0.0,0,-0.3333333333333333,1,0
-0.03990496008028219,-0.13588008196786328,-0.1956521739130435,-0.19043238270469173,0.0,0,0.0,1,0
1.2230634140582342,0.25031607345370854,0.8043478260869565,0.2741490340386386,2.0,0,1.0,1,0
-0.3110048553002464,-0.8778584626184749,-0.30434782608695654,-0.936522539098436,0.0,0,-0.6666666666666666,0,0
-0.16236478210179894,-0.9261148993010594,0.2826086956521739,-0.9126034958601655,2.0,0,-0.6666666666666666,0,0
-0.013459069376189818,0.16616271896002255,-0.2608695652173913,0.15731370745170214,0.0,1,-0.3333333333333333,1,0
0.703487256681572,0.5857520805832543,0.17391304347826086,0.628334866605336,1.0,1,0.6666666666666666,0,0
-0.2310768731276103,-0.35706163556457926,-0.3695652173913043,-0.3854645814167433,0.0,0,-0.3333333333333333,1,0
1.025191481825829,0.3965894010611271,0.5217391304347826,0.439742410303588,1.0,1,0.3333333333333333,0,1
0.032614630834846,-0.8343319732228446,0.6739130434782609,-0.8344066237350506,2.0,0,-0.6666666666666666,0,0
-0.27352016646743704,-0.8176004705924733,-0.2391304347826087,-0.8242870285188593,0.0,0,-0.6666666666666666,0,0
-0.38950133557651156,0.08411843608933178,-0.6086956521739131,0.08371665133394686,0.0,1,-0.6666666666666666,1,1
-0.35428934047608507,-0.10332355848415647,-0.5652173913043478,-0.003679852805887556,0.0,1,-0.6666666666666666,1,0
-0.24294210534083027,-0.12616485071906786,-0.43478260869565216,-0.017479300827966674,0.0,0,0.3333333333333333,0,0
-0.3879222561650507,0.18275594470915085,-0.6086956521739131,0.18215271389144447,0.0,1,-0.3333333333333333,1,1
1.1391213234751554,0.4329547920910987,0.5869565217391305,0.4195032198712054,1.0,1,0.3333333333333333,1,0
-0.07228346689098446,-0.049983025602154244,-0.2608695652173913,-0.02483900643974231,0.0,1,-0.6666666666666666,1,1
-0.1929576009799147,-0.05516409519880725,-0.391304347826087,-0.0735970561177553,0.0,0,0.0,1,1
-0.25772937235282833,0.07634859228616833,-0.4782608695652174,-0.014719411223551008,0.0,1,-0.6666666666666666,1,0
0.005342306046250834,-0.919344199008325,0.8695652173913043,-0.9227230910763569,2.0,0,-0.6666666666666666,0,0
0.040701878661767124,0.19022774811665316,-0.21739130434782608,0.2879484820607177,0.0,1,-0.3333333333333333,0,1
-0.33780493204055434,0.23991038895614905,-0.5652173913043478,0.18307267709291636,0.0,1,-0.3333333333333333,1,1
-0.08971237142308999,-0.9244492359873242,0.5434782608695652,-0.9190432382704692,2.0,0,-0.6666666666666666,0,0
0.015421850326884198,-0.8665722936591215,0.717391304347826,-0.8574057037718491,1.0,0,-0.6666666666666666,0,0
0.26209766679948654,0.4566594003041395,-0.10869565217391304,0.3716651333946643,0.0,1,0.0,0,1
0.8576910021989049,-0.017983428802483013,0.717391304347826,0.0018399264029440392,0.0,0,0.0,0,0
-0.08363217780139016,-0.09168299488672851,-0.2608695652173913,-0.08463661453541849,0.0,0,0.0,0,0
-0.35549947609982147,-0.9073780160808135,-0.43478260869565216,-0.841766329346826,0.0,0,-0.6666666666666666,0,0
0.9011673381443603,-0.015512937614419681,0.7608695652173914,-0.020239190432382603,2.0,0,0.6666666666666666,0,0
-0.3692979737607179,0.02465937715495464,-0.5869565217391305,0.10211591536338568,0.0,1,-0.6666666666666666,1,1
-0.39807558920322905,-0.45147401725753694,-0.6086956521739131,-0.4507819687212511,0.0,0,-0.6666666666666666,0,1
-0.1724738418854503,-0.363207274730923,-0.2826086956521739,-0.37534498620055184,0.0,0,0.3333333333333333,1,1
0.1285400156432166,-0.8281888947394866,0.9347826086956522,-0.8408463661453542,2.0,0,-0.6666666666666666,0,0
0.4209205885391302,0.4366630268666482,0.021739130434782608,0.36890524379024864,1.0,1,0.3333333333333333,0,0
1.0191112882041293,0.5270747855941275,0.43478260869565216,0.5611775528978842,0.0,1,0.3333333333333333,0,0
0.9842682368914273,0.13259846177530987,0.6956521739130435,0.09199632014719412,2.0,0,0.6666666666666666,0,0
0.7741621286580777,0.27913787299664156,0.391304347826087,0.31002759889604437,0.0,1,0.0,1,0
0.0011953778722273742,-0.007513043880855628,-0.1956521739130435,-0.1094756209751608,0.0,0,0.3333333333333333,0,0
0.34525759655258936,0.0937164784344158,0.10869565217391304,0.1462741490340387,0.0,1,-0.3333333333333333,1,1
0.08599341804282704,-0.8527666958507453,0.8913043478260869,-0.8399264029438822,2.0,0,-0.6666666666666666,0,0
1.3081566092590133,0.6925537847772816,0.5434782608695652,0.6531738730450782,1.0,1,1.0,1,0
1.3789643009991,0.5367749851454746,0.6956521739130435,0.5142594296228152,1.0,1,0.6666666666666666,0,0
-0.34419503844394267,0.10685730100480413,-0.5652173913043478,0.1214351425942964,0.0,1,-0.6666666666666666,1,1
-0.33185755818243534,-0.9136024454928796,-0.34782608695652173,-0.936522539098436,1.0,0,-0.6666666666666666,0,0
0.039742624813683416,0.46530170538181054,-0.2826086956521739,0.47470101195952186,0.0,1,0.0,1,1
-0.3618453092486829,-0.26065192114255975,-0.5652173913043478,-0.21435142594296214,0.0,0,0.0,0,0
-0.2533020469001343,-0.9012610565639124,-0.08695652173913043,-0.9236430542778289,0.0,0,-0.6666666666666666,0,0
0.1457770694057054,-0.13623345621992786,0.021739130434782608,-0.10763569457221701,0.0,0,0.0,0,0
-0.22585262909343132,-0.7442698261112058,-0.17391304347826086,-0.7700091996320146,0.0,0,-0.3333333333333333,1,0
-0.3982379244698278,-0.4616143218820044,-0.6086956521739131,-0.46090156393744247,0.0,0,-0.6666666666666666,1,1
-0.32622009710600497,-0.9412200024234803,-0.30434782608695654,-0.937442502299908,0.0,0,-0.6666666666666666,0,1
0.21330854031079827,0.4003917317085893,-0.13043478260869565,0.3698252069917205,0.0,1,0.0,1,0
0.9847404849397146,0.6414869375489451,0.34782608695652173,0.6402943882244713,0.0,1,0.6666666666666666,1,0
0.18845648676967577,0.2649922788037897,-0.10869565217391304,0.23551057957681715,1.0,1,0.0,0,0
-0.12001003527102609,0.3590799193362533,-0.391304347826087,0.36430542778288894,0.0,1,0.0,1,1
-0.3983117132273727,-0.46622355125676235,-0.6086956521739131,-0.46550137994480223,0.0,0,-0.6666666666666666,0,1
1.2838653502752322,0.5944095124754758,0.5869565217391305,0.6044158233670656,2.0,1,0.6666666666666666,0,0
-0.38923569604934993,0.10071166183846009,-0.6086956521739131,0.10027598896044164,0.0,1,-0.3333333333333333,1,1
-0.4058676819999705,-0.9382086392319717,-0.6086956521739131,-0.936522539098436,0.0,0,-0.6666666666666666,1,0
-0.25719809329850507,0.08108951392877638,-0.4782608695652174,0.16467341306347752,0.0,1,-0.3333333333333333,1,1
1.006700019185077,0.3140100364681661,0.5652173913043478,0.33946642134314636,2.0,1,0.3333333333333333,0,0
-0.3941795428048583,-0.7524566954292282,-0.5869565217391305,-0.7258509659613616,0.0,0,-0.3333333333333333,1,1
1.3920101533330382,0.2679626710675226,0.9347826086956522,0.28610855565777393,2.0,0,1.0,0,0
0.059636073847788545,-0.642664851722495,0.34782608695652173,-0.6651333946642134,1.0,0,-0.3333333333333333,1,0
-0.10281725476306428,-0.886408746556501,0.391304347826087,-0.9236430542778289,2.0,0,-0.6666666666666666,0,0
0.8942164371836306,0.47642397626437827,0.3695652173913043,0.4581416743330268,1.0,1,0.3333333333333333,0,1
-0.3842328182878057,-0.4417946355705454,-0.5869565217391305,-0.36890524379024836,0.0,0,-0.3333333333333333,0,0
-0.35418603621552225,0.49664446513016436,-0.5869565217391305,0.1803127874885007,0.0,1,0.0,1,0
-0.23094405336402946,-0.3563702511583655,-0.3695652173913043,-0.35142594296228147,0.0,0,-0.3333333333333333,1,0
1.3969835155915646,0.36457648698636586,0.8478260869565217,0.3541858325666974,0.0,1,0.0,0,1
1.557577367512286,0.4858829165464904,0.8695652173913043,0.45722171113155496,2.0,1,0.3333333333333333,0,0
1.1421761780375144,0.4363623295217235,0.5869565217391305,0.4498620055197793,1.0,1,0.3333333333333333,0,0
-0.32196986467141864,0.10301627652583904,-0.5434782608695652,0.18215271389144447,0.0,1,-0.3333333333333333,1,0
1.0106846120925017,0.09137797235457543,0.7608695652173914,0.10579576816927325,2.0,0,0.6666666666666666,0,0
1.491565945012618,0.7181452794734031,0.6521739130434783,0.7322907083716654,1.0,1,1.0,1,1
1.701421171470315,0.8320774157577073,0.717391304347826,0.831646734130635,2.0,1,1.3333333333333333,0,0
0.053113147680819366,-0.836030071854402,0.7391304347826086,-0.8408463661453542,2.0,0,-0.6666666666666666,0,0
0.43820191555614585,-0.29522983811244174,0.5217391304347826,-0.3081876724931002,1.0,0,1.0,1,0
-0.38621035699000905,-0.9795073344298026,-0.5217391304347826,-0.936522539098436,0.0,0,-0.6666666666666666,0,0
0.816074142943581,0.26824303972506874,0.43478260869565216,0.3284268629254832,0.0,1,0.3333333333333333,1,0
1.5477339472557963,0.6772370457295499,0.717391304347826,0.566697332106716,2.0,1,0.3333333333333333,0,0
0.5069287643334662,-0.2535956099906575,0.5652173913043478,-0.249310027598896,2.0,0,0.3333333333333333,0,0
1.7041365977479672,0.5646078768545876,0.9130434782608695,0.5344986200551981,2.0,1,1.0,1,0
-0.020159088561266792,-0.9571961035729885,0.9347826086956522,-0.9245630174793008,2.0,0,-0.6666666666666666,0,0
0.24793022535086562,-0.15241185132532806,0.15217391304347827,-0.1775528978840845,1.0,0,1.0,0,0
-0.26546243414353393,-0.9316450966023166,-0.08695652173913043,-0.9089236430542778,1.0,0,-0.6666666666666666,0,0
2.0434763359454555,0.8331566197322811,0.9347826086956522,0.8187672493100276,2.0,1,1.3333333333333333,0,0
-0.21096205782087044,-0.9486562258147564,0.15217391304347827,-0.9402023919043239,1.0,0,-0.6666666666666666,0,0
-0.39307271144168476,-0.138968265648951,-0.6086956521739131,-0.13891444342226308,0.0,0,0.0,0,0
1.8150411003379525,0.6349725600326208,0.9347826086956522,0.6467341306347748,2.0,1,0.6666666666666666,1,0
-0.06089048272605185,-0.925490291058911,0.6521739130434783,-0.9291628334866605,2.0,0,-0.6666666666666666,0,0
-0.21187703841442718,0.4855164684968203,-0.4782608695652174,0.3523459061637536,0.0,1,0.0,1,1
-0.3897374596006553,0.06936890209010627,-0.6086956521739131,0.0689972401103956,1.0,0,0.6666666666666666,0,0
0.5454317380203952,0.6959168150988643,0.021739130434782608,0.6835326586936524,0.0,1,1.0,1,0
-0.045571936659730486,-0.9395481965190108,0.7608695652173914,-0.9346826126954922,2.0,0,-0.6666666666666666,0,0
0.8018771859919424,-0.09362222808585645,0.7391304347826086,-0.028518859245630124,1.0,0,0.6666666666666666,0,0
1.3297619574681603,0.21395786689327592,0.9347826086956522,0.2594296228150876,2.0,0,1.0,0,0
-0.22479007098478476,0.16189918178837143,-0.45652173913043476,0.08555657773689064,0.0,1,-0.3333333333333333,1,1
1.1211906553917446,0.24749331470171843,0.717391304347826,0.26034958601655944,2.0,0,1.0,0,0
1.811145053939582,0.7755028423030177,0.8260869565217391,0.7516099356025762,2.0,1,1.0,0,0
-0.33163619190980065,-0.4642262185277006,-0.5,-0.4710211591536338,0.0,0,-0.6666666666666666,1,1
1.1999970484496982,0.1413255572434697,0.8913043478260869,0.18859245630174795,2.0,0,0.6666666666666666,0,0
0.06483080237894957,0.19123692675870554,-0.1956521739130435,0.19043238270469198,0.0,1,-0.3333333333333333,0,0
-0.292808547689674,0.18736517408390876,-0.5217391304347826,0.09659613615455383,0.0,1,-0.6666666666666666,1,0
-0.007910154808813316,-0.2460944383672826,-0.10869565217391304,-0.23459061637534487,1.0,0,1.0,1,0
-0.2688419592390903,-0.4860851396534464,-0.391304347826087,-0.48390064397424104,0.0,0,-0.6666666666666666,1,1
1.9384749339590621,0.7420603225061629,0.9347826086956522,0.7405703771849127,2.0,1,1.0,0,0
0.713168341671463,-0.2322702420834443,0.8043478260869565,-0.22355105795768157,2.0,0,0.3333333333333333,0,0
0.6313513673056774,0.15094201929137735,0.34782608695652173,0.19595216191352358,2.0,0,1.0,0,0
0.0006936143209221046,-0.9235526258287561,0.8695652173913043,-0.9319227230910763,2.0,0,-0.6666666666666666,0,0
-0.014462596478800492,0.3570462714666631,-0.30434782608695654,0.2805887764489421,0.0,1,-0.3333333333333333,0,1
0.07434955210224174,-0.2126830125781149,-0.021739130434782608,-0.19871205151793925,0.0,0,0.0,0,0
1.9872935759507684,0.8438774677708549,0.8913043478260869,0.831646734130635,1.0,1,1.3333333333333333,0,1
0.3794513067988962,0.07579621638490784,0.15217391304347827,0.09567617295308194,1.0,0,1.0,0,0
-0.033514853676893774,0.17929902267808243,-0.2826086956521739,0.2989880404783809,0.0,1,-0.3333333333333333,1,1
0.0470329540591196,0.2948114321754876,-0.2391304347826087,0.2732290708371667,0.0,1,-0.3333333333333333,1,1
0.5351160697156182,0.4425266896477127,0.10869565217391304,0.5022999080036801,0.0,1,0.0,1,1
0.1931789672525495,-0.3973265464597857,0.2826086956521739,-0.4645814167433302,1.0,0,0.3333333333333333,0,0
0.6595681881908472,0.09717791931781243,0.41304347826086957,0.011039558417663452,1.0,0,0.3333333333333333,0,0
1.1009282625699148,0.7134253488089377,0.391304347826087,0.721251149954002,0.0,1,1.0,1,1
0.6138929472705538,0.3457099309121302,0.21739130434782608,0.35326586936522547,1.0,1,0.3333333333333333,1,1
-0.3518985847316303,-0.9577350109468553,-0.391304347826087,-0.9098436062557498,2.0,0,-0.6666666666666666,0,0
-0.3680730803854725,-0.9083144944299706,-0.4782608695652174,-0.9273229070837166,0.0,0,-0.6666666666666666,0,0
-0.3861218104809552,-0.7661307425743433,-0.5652173913043478,-0.841766329346826,0.0,0,-0.6666666666666666,0,0
-0.2407136848629743,0.037565219404276824,-0.45652173913043476,-0.06715731370745155,0.0,0,0.3333333333333333,1,0
-0.4058676819999705,-0.9382086392319717,-0.6086956521739131,-0.936522539098436,0.0,0,-0.6666666666666666,0,1
0.5126842874219685,0.5074473464772532,0.06521739130434782,0.4498620055197793,1.0,1,0.6666666666666666,0,0
0.7478490577175662,-0.08971096773070486,0.6739130434782609,-0.0827966881324747,1.0,0,0.6666666666666666,0,0
-0.3561930904207435,-0.9506535585438182,-0.41304347826086957,-0.9273229070837166,0.0,0,-0.6666666666666666,0,0
0.09315092752468239,-0.8527236640111097,0.9130434782608695,-0.8408463661453542,2.0,0,-0.6666666666666666,0,0
-0.3890733607827512,-0.9448920218253708,-0.5434782608695652,-0.9199632014719411,0.0,0,-0.6666666666666666,0,1
-0.39116896149702635,-0.020050147780196995,-0.6086956521739131,-0.020239190432382603,0.0,1,-0.6666666666666666,1,1
0.22344711559746758,-0.37427478479938253,0.30434782608695654,-0.35142594296228147,1.0,0,0.6666666666666666,0,0
1.347840203066661,0.565978212080972,0.6521739130434783,0.5363385464581418,1.0,1,0.3333333333333333,0,1
-0.05106182022107112,-0.3176059641123943,-0.13043478260869565,-0.296228150873965,0.0,0,0.0,1,0
0.030076297575301458,-0.9136132791516663,0.9347826086956522,-0.937442502299908,2.0,0,-0.6666666666666666,0,0
-0.030209117338882225,-0.21388919403137938,-0.15217391304347827,-0.2594296228150873,1.0,0,0.0,0,0
-0.40418529832794675,-0.8331182094874916,-0.6086956521739131,-0.8316467341306348,0.0,0,-0.6666666666666666,0,0
0.09402163486371216,-0.8390634473766722,0.8695652173913043,-0.8537258509659613,2.0,0,-0.6666666666666666,0,0
0.10458818494414196,-0.6519201843070087,0.45652173913043476,-0.6430542778288868,1.0,0,0.0,0,0
-0.40417054057643775,-0.8321963636125399,-0.6086956521739131,-0.8307267709291628,0.0,0,-0.6666666666666666,1,1
-0.3831407446761411,-0.40768633819733685,-0.5869565217391305,-0.4664213431462741,0.0,0,-0.6666666666666666,0,1
-0.08264340845028852,0.07311774198157603,-0.30434782608695654,0.09199632014719412,0.0,1,-0.3333333333333333,0,0
-0.23182951845456826,-0.9345509926958736,0.043478260869565216,-0.9190432382704692,2.0,0,-0.6666666666666666,0,0
-0.4056610734788448,-0.9253027969826497,-0.6086956521739131,-0.9236430542778289,0.0,0,-0.6666666666666666,0,1
1.6938061716916812,0.6958469782901558,0.8043478260869565,0.6375344986200554,0.0,1,0.6666666666666666,0,1
-0.4116084473369638,-0.26341745876741446,-0.6304347826086957,-0.26310947562097514,2.0,0,1.0,0,0
-0.3615944274730302,-0.2554281278511675,-0.5652173913043478,-0.28794848206071744,0.0,0,-0.3333333333333333,0,1
-0.36981449506353214,-0.9704732448552771,-0.45652173913043476,-0.9264029438822448,2.0,0,-0.6666666666666666,0,0
0.9722701849146264,0.053884772159278935,0.7608695652173914,0.04967801287948488,1.0,0,0.6666666666666666,0,0
-0.24542140759433895,-0.9260600275227885,-0.021739130434782608,-0.9172033118675252,0.0,0,-0.6666666666666666,0,0
1.3548944082879533,0.6390696528101836,0.6086956521739131,0.5593376264949403,1.0,1,0.3333333333333333,0,0
-0.04012632635291689,0.36067219857480587,-0.32608695652173914,0.31094756209751623,0.0,1,0.0,1,1
-0.30136804356488245,-0.934375701120331,-0.21739130434782608,-0.9273229070837166,2.0,0,-0.6666666666666666,0,0
-0.15860155546700902,0.2836058834288538,-0.41304347826086957,0.17663293468261287,0.0,1,-0.3333333333333333,1,1
0.3420256489721226,-0.3737497572125998,0.4782608695652174,-0.3808647654093836,0.0,0,0.3333333333333333,1,0
0.8643024748749282,-0.1072540157718853,0.8260869565217391,-0.08647654093836227,2.0,0,0.3333333333333333,0,0
-0.33758356576791965,-0.8764449656102159,-0.391304347826087,-0.9181232750689972,0.0,0,-0.6666666666666666,1,0
0.9310665427015541,-0.13193919085244504,0.9347826086956522,-0.17295308187672478,2.0,0,1.0,0,0
-0.010345183807795031,-0.9170341188315689,0.8043478260869565,-0.9199632014719411,1.0,0,-0.6666666666666666,1,0
0.07223919363645756,0.38228436297644863,-0.2391304347826087,0.3311867525298988,0.0,1,0.0,1,1
-0.358819970189342,-0.930424162954603,-0.43478260869565216,-0.9356025758969642,0.0,0,-0.6666666666666666,1,0
-0.2245244314576231,0.001664443940884683,-0.43478260869565216,0.08923643054277845,0.0,1,-0.6666666666666666,0,0
1.1571700535706382,0.7447362362265085,0.41304347826086957,0.7562097516099359,0.0,1,1.0,0,0
-0.1945219226398666,0.05922859746563893,-0.41304347826086957,-0.003679852805887556,0.0,1,-0.6666666666666666,0,0
-0.14894998598013606,0.5261947467883344,-0.43478260869565216,0.4489420423183074,0.0,1,0.0,1,1
-0.030858458405277362,0.532702821085001,-0.34782608695652173,0.454461821527139,0.0,1,0.0,1,1
-0.31419252962618616,0.22446947055070995,-0.5434782608695652,0.14903403863845463,0.0,1,-0.3333333333333333,1,1
-0.3413763079057275,-0.20004055486449326,-0.5434782608695652,-0.0027598896044156666,0.0,1,-0.6666666666666666,1,1
1.4993432800578503,0.36108190785256217,0.9347826086956522,0.39834406623735064,2.0,0,1.3333333333333333,0,0
0.8935523383657266,0.3017644396244687,0.4782608695652174,0.2787488500459983,2.0,0,1.3333333333333333,0,0
0.3123182951845457,-0.5303621498444953,0.6521739130434783,-0.5390984360625575,0.0,0,0.0,0,1
-0.1713965260252948,0.20368184607055184,-0.41304347826086957,0.2805887764489421,0.0,1,-0.3333333333333333,1,1
1.0360827024394565,0.18565749238112983,0.6956521739130435,0.21711131554737834,0.0,1,-0.3333333333333333,1,0
0.9118814657398799,0.2341573878476548,0.5434782608695652,0.2585096596136157,1.0,1,0.3333333333333333,1,0
0.18869261079381947,-0.160505937454638,0.08695652173913043,-0.17387304507819681,0.0,0,0.0,0,0
-0.25275601009430204,-0.9292974624407732,-0.043478260869565216,-0.9218031278748849,2.0,0,-0.6666666666666666,0,0
-0.3882321689467393,0.1633971813351677,-0.6086956521739131,0.16283348666053377,0.0,1,-0.3333333333333333,1,1
0.23563701834388517,0.4610331581782305,-0.13043478260869565,0.45906163753449875,0.0,1,0.3333333333333333,0,0
-0.4057496199878987,-0.9308338722323591,-0.6086956521739131,-0.9291628334866605,0.0,0,-0.6666666666666666,0,0
0.7271144168474492,0.2838721944593955,0.34782608695652173,0.2575896964121435,2.0,0,1.3333333333333333,0,0
-0.1593099275394401,-0.8927072723273104,0.21739130434782608,-0.9291628334866605,2.0,0,-0.6666666666666666,0,0
-0.3090715898525701,-0.01580965675541991,-0.5217391304347826,-0.006439742410303484,1.0,0,0.3333333333333333,0,1
1.304762326411948,0.1922688820020539,0.9347826086956522,0.219871205151794,2.0,0,1.0,0,0
0.7602750844881275,-0.03470431841304792,0.6304347826086957,-0.06531738730450777,0.0,0,0.0,0,0
0.4910199082067857,-0.49133726673580025,0.8913043478260869,-0.4737810487580496,2.0,0,0.6666666666666666,0,0
1.4021782441227255,0.5605465189372587,0.6956521739130435,0.5170193192272311,1.0,1,0.6666666666666666,0,0
-0.37347441743775917,-0.10578181415069415,-0.5869565217391305,0.006439742410303745,0.0,1,-0.6666666666666666,0,0
-0.06748719765056592,-0.8295109864985506,0.3695652173913043,-0.8353265869365225,1.0,0,-0.6666666666666666,0,0
-0.39686545357949266,-0.3758826555115073,-0.6086956521739131,-0.37534498620055184,0.0,0,-0.6666666666666666,0,1
0.04706246956213753,0.005510124207096918,-0.15217391304347827,-0.020239190432382603,0.0,1,-0.6666666666666666,1,1
1.0359056094213486,0.5869277455082347,0.41304347826086957,0.5915363385464583,2.0,1,1.0,0,0
1.2508670179011527,0.3258004975864033,0.7608695652173914,0.298068077276909,2.0,0,1.0,0,0
0.07340505600566699,-0.8760224529175297,0.9347826086956522,-0.8472861085556578,2.0,0,-0.6666666666666666,0,0
-0.19303138973745962,-0.15901841342914788,-0.3695652173913043,-0.22079116835326576,0.0,0,0.0,0,0
0.5380676200174143,0.44794931244154557,0.10869565217391304,0.439742410303588,0.0,1,0.3333333333333333,1,1
1.031168371186966,-0.0450936273830483,0.9347826086956522,-0.029438822447102015,2.0,0,0.6666666666666666,0,0
0.30864361505880966,0.2545963473777914,0.0,0.2842686292548299,0.0,1,0.0,1,0
-0.22844999335901184,-0.9501088314358922,0.08695652173913043,-0.9245630174793008,1.0,0,-0.6666666666666666,0,0
-0.4056020424728089,-0.9216154134828434,-0.6086956521739131,-0.9199632014719411,0.0,0,-0.6666666666666666,0,0
1.6075323563701835,0.7374841342021917,0.717391304347826,0.7442502299908005,1.0,1,1.0,1,0
0.4742108292380573,0.052775676340977705,0.2608695652173913,0.04875804967801299,1.0,0,0.3333333333333333,1,1
1.434350142412302,0.5048834626375439,0.7608695652173914,0.5464581416743332,1.0,1,0.3333333333333333,0,1
-0.317276899691563,0.1763030235844899,-0.5434782608695652,0.2299908003679853,0.0,1,0.0,0,0
0.16041675890261362,0.1920128137034563,-0.10869565217391304,0.2575896964121435,0.0,1,0.0,1,0
-0.324685290949071,-0.9089729557692217,-0.32608695652173914,-0.9346826126954922,1.0,0,-0.6666666666666666,0,0
-0.394400909077493,-0.9385159211902889,-0.5652173913043478,-0.9273229070837166,0.0,0,-0.6666666666666666,0,0
-0.2808990422219271,0.7443905440234018,-0.5434782608695652,0.5418583256669735,0.0,1,0.6666666666666666,0,1
-0.24838771564764392,-0.7303836080901098,-0.2391304347826087,-0.6504139834406624,0.0,0,-0.3333333333333333,1,1
-0.2503209810953203,-0.03744998866990799,-0.45652173913043476,-0.07543698252069908,0.0,0,0.0,1,0
-0.1763403727808031,-0.8769190577744768,0.13043478260869565,-0.8656853725850966,2.0,0,-0.6666666666666666,0,0
-0.389176665043314,0.10439904533826647,-0.6086956521739131,0.10395584176632947,0.0,1,-0.6666666666666666,1,1
0.08242204217765382,-0.8292352829233016,0.8043478260869565,-0.828886844526219,2.0,0,-0.6666666666666666,0,0
-0.3102374522217795,-0.5052867702078355,-0.45652173913043476,-0.47470101195952163,2.0,0,0.3333333333333333,0,0
1.77615442511179,0.6279685510766118,0.9130434782608695,0.6209751609935603,1.0,1,0.6666666666666666,0,0
0.7805227195584481,0.4349772637511358,0.30434782608695654,0.40846366145354196,0.0,1,0.0,0,0
-0.36118121043077883,0.2781669927666395,-0.5869565217391305,0.4323827046918124,0.0,1,0.0,1,1
0.4586856746506103,0.577782796020299,0.0,0.5722171113155476,0.0,1,0.6666666666666666,0,0
-0.02542760584997266,0.3113841724607283,-0.30434782608695654,0.25666973321067166,0.0,1,0.0,1,1
1.382565192367291,0.42739965767707055,0.782608695652174,0.4452621895124196,2.0,1,0.6666666666666666,0,0
0.5972904768229512,0.5037953552744313,0.13043478260869565,0.46274149034038653,0.0,1,0.3333333333333333,1,0
1.5375363409630909,0.6055951244760043,0.7608695652173914,0.5510579576816929,1.0,1,0.6666666666666666,0,0
0.5231180177388174,-0.2901192013522188,0.6304347826086957,-0.2732290708371664,2.0,0,0.6666666666666666,0,0
-0.15607797995897346,-0.41004216654443537,-0.2391304347826087,-0.3771849126034958,0.0,0,-0.3333333333333333,0,0
1.4694440755006568,0.4569294185921384,0.8260869565217391,0.35326586936522547,0.0,1,0.0,0,0
-0.0641962190640634,-0.9523436093145626,0.7391304347826086,-0.9420423183072677,2.0,0,-0.6666666666666666,0,0
1.355115774560588,0.5425062974090055,0.6739130434782609,0.5418583256669735,0.0,1,0.3333333333333333,1,0
-0.1954073877304054,0.20375354519415903,-0.43478260869565216,0.2585096596136157,0.0,1,-0.3333333333333333,0,1
1.9109812428978323,0.7757793960655032,0.8913043478260869,0.7856485740570378,2.0,1,1.3333333333333333,0,0
0.0323194758046664,0.5518630330397639,-0.30434782608695654,0.5657773689052439,0.0,1,0.3333333333333333,1,1
-0.13513673056773068,-0.9370179216434926,0.41304347826086957,-0.9273229070837166,1.0,0,-0.6666666666666666,0,0
-0.19278050796180696,-0.15771246510629983,-0.3695652173913043,0.06991720331186774,0.0,0,0.6666666666666666,1,0
1.5320464574017503,0.41320442970232857,0.9130434782608695,0.39834406623735064,1.0,1,0.6666666666666666,1,0
0.5099836188958251,0.011544024479507281,0.32608695652173914,0.06439742410303588,0.0,1,-0.3333333333333333,1,0
-0.39671787606440284,-0.36666419676199147,-0.6086956521739131,-0.36614535418583244,0.0,0,-0.6666666666666666,1,1
-0.09040598574401204,-0.8509405630698887,0.34782608695652173,-0.8445262189512419,2.0,0,-0.6666666666666666,0,0
-0.22998479951594575,-0.8035389809781757,-0.13043478260869565,-0.8380864765409384,1.0,0,-0.6666666666666666,0,0
0.44676141143135434,-0.04987078992107265,0.30434782608695654,-0.10119595216191353,1.0,0,0.0,0,0
-0.19322324050707634,-0.9070502486586084,0.13043478260869565,-0.9126034958601655,0.0,0,-0.6666666666666666,0,0
-0.2363306326648072,-0.08027741161036694,-0.43478260869565216,-0.025758969641214196,0.0,0,0.6666666666666666,0,0
-0.07727158690101975,0.4435615068308689,-0.3695652173913043,0.5446182152713893,0.0,1,0.3333333333333333,0,1
1.7216097755345996,0.7532225366176493,0.782608695652174,0.7184912603495863,0.0,1,1.0,0,0
-0.3544664334941929,0.48788692931812416,-0.5869565217391305,0.38730450781968745,0.0,1,0.0,1,1
-0.030459999114534925,-0.41500989153723,-0.043478260869565216,-0.3928242870285188,0.0,0,-0.6666666666666666,0,0
0.18565251398296956,-0.3641060744590009,0.2391304347826087,-0.3698252069917203,1.0,0,-0.3333333333333333,0,0
-0.308407491034666,-0.007513043880855628,-0.5217391304347826,0.09567617295308194,0.0,1,-0.3333333333333333,0,1
-0.36616933044081407,-0.9420112534661471,-0.45652173913043476,-0.9282428702851886,1.0,0,-0.6666666666666666,0,0
1.199583831407447,0.4384251299586531,0.6304347826086957,0.5050597976080958,1.0,1,0.3333333333333333,0,0
1.1363173506884492,0.5626450842156399,0.5,0.5510579576816929,1.0,1,0.6666666666666666,1,0
-0.3659922374227063,-0.346998151429691,-0.5652173913043478,-0.26770929162833484,0.0,0,0.0,0,0
0.9186995469370286,0.7299726496987015,0.2608695652173913,0.7506899724011042,2.0,1,1.3333333333333333,1,0
0.18813181623647826,0.5763380410197284,-0.1956521739130435,0.5188592456301749,0.0,1,0.3333333333333333,0,0
-0.3968359380764747,-0.3740389637616042,-0.6086956521739131,-0.37350505979760806,0.0,0,-0.6666666666666666,1,0
-0.3134841575537551,0.23553162105012881,-0.5434782608695652,0.19227230910763576,0.0,1,-0.3333333333333333,0,1
-0.27173447853485044,-0.9169260235972202,-0.13043478260869565,-0.9107635694572217,0.0,0,-0.6666666666666666,1,0
-0.3800858901137823,-0.968629553105374,-0.5,-0.9356025758969642,0.0,0,-0.6666666666666666,0,0
-0.36656778973155657,-0.9451224832941086,-0.45652173913043476,-0.9383624655013799,0.0,0,-0.6666666666666666,0,0
-0.057599504139549264,-0.06829341523599629,-0.2391304347826087,-0.015639374425022896,0.0,0,0.3333333333333333,0,0
0.342527412523428,-0.39089810659004554,0.5,-0.39650413983440663,0.0,0,0.3333333333333333,0,0
0.46771741857410604,0.47504056099621816,0.043478260869565216,0.4443422263109477,0.0,1,0.3333333333333333,1,0
-0.21832617582385147,-0.8804820147867279,0.0,-0.9144434222631095,0.0,0,-0.6666666666666666,0,0
0.7201340003837017,0.6669298836976093,0.15217391304347827,0.6568537258509661,2.0,1,1.0,0,0
0.041380735231180195,0.4716970111392871,-0.2826086956521739,0.5455381784728612,0.0,1,0.3333333333333333,1,1
0.9420167943212171,0.7163949627495743,0.2826086956521739,0.6982520699172035,1.0,1,0.6666666666666666,1,0
-0.40554301146677296,-0.9179280299830371,-0.6086956521739131,-0.9162833486660534,0.0,0,-0.6666666666666666,1,1
1.3419223447115598,0.5287707938722268,0.6739130434782609,0.5390984360625578,2.0,1,0.6666666666666666,1,0
-0.28641844128628563,0.26719702685471564,-0.5217391304347826,0.27506899724011047,0.0,1,0.0,1,1
0.24804828736293735,0.5761746228873504,-0.15217391304347827,0.47010119595216215,0.0,1,0.3333333333333333,0,0
-0.2148138309647142,-0.9553396084081555,0.15217391304347827,-0.9264029438822448,1.0,0,-0.6666666666666666,0,0
-0.32866988385649565,-0.0016132302811653718,-0.5434782608695652,0.0009199632014721504,0.0,1,-0.6666666666666666,1,1
-0.24992252180457789,-0.17461297281374555,-0.43478260869565216,-0.0993560257589695,0.0,0,0.3333333333333333,0,0
-0.3895898820855655,0.07858736083962209,-0.6086956521739131,0.078196872125115,0.0,1,-0.3333333333333333,0,0
-0.24303065184988418,-0.41928623212381094,-0.3695652173913043,-0.38914443422263095,0.0,0,-0.3333333333333333,1,0
0.10686087867652484,0.11129284927268684,-0.13043478260869565,0.06255749770009211,1.0,0,0.3333333333333333,0,0
1.2800578503859152,0.40755252186065005,0.717391304347826,0.40386384544618226,1.0,1,0.3333333333333333,0,0
0.6142176178037515,0.4350427374053595,0.17391304347826086,0.5234590616375346,0.0,1,0.3333333333333333,0,1
-0.36531338085329323,-0.935327870872748,-0.45652173913043476,-0.9411223551057957,0.0,0,-0.6666666666666666,0,0
0.3803515296409439,0.2989977358441743,0.043478260869565216,0.3367065317387307,0.0,1,0.0,0,0
-0.1469281740234058,-0.025013933260705588,-0.34782608695652173,0.07451701931922745,0.0,1,-0.6666666666666666,0,1
0.2989182568143918,0.5524929610543143,-0.10869565217391304,0.5225390984360627,0.0,1,0.3333333333333333,1,1
0.9037942179129587,0.5291241681242915,0.34782608695652173,0.4710211591536341,0.0,1,0.3333333333333333,0,0
1.6541668511385605,0.5733246738154484,0.8695652173913043,0.644894204231831,2.0,1,0.6666666666666666,0,0
-0.4007467422263544,-0.9575674026059551,-0.5869565217391305,-0.9218031278748849,0.0,0,-0.6666666666666666,0,0
1.5209781437700152,0.682199949975951,0.6956521739130435,0.6559337626494942,1.0,1,0.6666666666666666,1,1
0.8712533758356575,0.6576864426750592,0.2608695652173913,0.6320147194112238,0.0,1,0.6666666666666666,1,1
0.25691769601983444,-0.34772445424025905,0.32608695652173914,-0.39190432382704693,1.0,0,0.3333333333333333,1,0
-0.025206239577337957,-0.6779171834635921,0.21739130434782608,-0.640294388224471,1.0,0,0.0,0,0
0.9916471126459173,-0.07938117256527508,0.9347826086956522,-0.09659613615455383,2.0,0,1.3333333333333333,0,0
-0.0469296497985567,0.45548050125251854,-0.34782608695652173,0.4875804967801288,0.0,1,0.3333333333333333,1,0
0.6398813476778678,-0.008933771052839585,0.4782608695652174,-0.01103955841766319,1.0,0,0.6666666666666666,0,0
1.7175661516211391,0.5764230845476288,0.9130434782608695,0.5308187672493102,2.0,1,0.6666666666666666,1,0
0.20318472277563787,0.448792283803132,-0.15217391304347827,0.4848206071757132,0.0,1,0.0,1,1
-0.38128126798600964,-0.34961004807538726,-0.5869565217391305,-0.28150873965041395,0.0,0,0.0,0,1
1.3340564631572733,0.6503951878453029,0.5869565217391305,0.6706531738730452,1.0,1,0.6666666666666666,1,0
-0.39648175204025915,-0.35191466276276623,-0.6086956521739131,-0.35142594296228147,0.0,0,-0.3333333333333333,0,0
-0.03296881687106154,-0.2684675709519318,-0.13043478260869565,-0.23183072677092909,1.0,0,0.3333333333333333,0,0
0.9870869674296425,0.02697795920407553,0.8043478260869565,0.009199632014719412,1.0,0,0.3333333333333333,0,0
-0.40583816649695253,-0.9363649474820687,-0.6086956521739131,-0.9346826126954922,0.0,0,-0.6666666666666666,0,0
0.11252785525597321,0.4263658467160923,-0.21739130434782608,0.3284268629254832,0.0,1,0.0,1,1
-0.17676834757456356,0.0367690797850004,-0.391304347826087,0.16835326586936536,0.0,1,0.0,0,0
-0.3688109679609215,-0.9626375549181887,-0.45652173913043476,-0.9310027598896045,1.0,0,-0.6666666666666666,0,1
1.06221868036186,0.4736337738669496,0.5,0.5114995400183995,0.0,1,0.6666666666666666,0,0
-0.3934711707324272,-0.9191571578163058,-0.5652173913043478,-0.9218031278748849,0.0,0,-0.6666666666666666,1,0
0.7744867991912753,0.15593203728899116,0.4782608695652174,0.16191352345906188,0.0,1,0.0,0,0
-0.07316893198152326,0.11257274542950398,-0.30434782608695654,0.09751609935602598,0.0,1,-0.6666666666666666,1,1
1.3833473531972669,0.4551037853901585,0.7608695652173914,0.439742410303588,0.0,1,0.3333333333333333,1,0
0.024881569044140423,-0.5599030239545446,0.17391304347826086,-0.5547378104875804,0.0,0,0.0,0,0
-0.33969392423370376,-0.9512563039235943,-0.34782608695652173,-0.9273229070837166,2.0,0,-0.6666666666666666,0,0
0.3658151444045985,-0.30574711629070145,0.43478260869565216,-0.2759889604415822,1.0,0,-0.3333333333333333,1,0
0.986053924824014,0.6433101438349609,0.34782608695652173,0.5850965961361548,1.0,1,0.3333333333333333,0,0
-0.04332875843036554,-0.018769806287208715,-0.2391304347826087,0.013799448022079119,0.0,1,-0.6666666666666666,1,0
-0.3895603665825475,0.0804310525895254,-0.6086956521739131,0.08003679852805905,0.0,1,-0.6666666666666666,1,1
0.7083573146795354,-0.2679995750282031,0.8478260869565217,-0.2989880404783808,2.0,0,0.6666666666666666,0,0
-0.11388556839479935,-0.9524118941941888,0.5434782608695652,-0.9328426862925483,2.0,0,-0.6666666666666666,0,0
0.21723410221218703,0.4110530796536817,-0.13043478260869565,0.3330266789328429,0.0,1,0.3333333333333333,0,0
-0.023907557444547752,0.12777054957968592,-0.2608695652173913,0.1159153633854648,0.0,1,-0.3333333333333333,1,1
1.2787886837561429,0.19039038660311594,0.9130434782608695,0.1849126034958604,2.0,0,1.0,0,0
-0.00639010640338834,-0.9190149825818604,0.8260869565217391,-0.9402023919043239,2.0,0,-0.6666666666666666,0,0
-0.056271306503741056,0.28863652806073253,-0.32608695652173914,0.26586936522539106,0.0,1,-0.3333333333333333,1,0
-0.40399344755833005,-0.8211342131131211,-0.6086956521739131,-0.8196872125114996,0.0,0,-0.6666666666666666,0,1
-0.052965570165729565,-0.9412082964441159,0.7391304347826086,-0.9356025758969642,2.0,0,-0.6666666666666666,0,0
0.4375673322412598,-0.0030522092079190606,0.2608695652173913,-0.03219871205151794,1.0,0,0.3333333333333333,1,0
0.05464795383775331,0.41641676089540747,-0.2608695652173913,0.4093836246550138,0.0,1,0.0,1,0
1.2161567863520315,0.5188839968633712,0.5869565217391305,0.5556577736890526,1.0,1,0.3333333333333333,1,0
-0.38324404893670405,-0.9424491302567491,-0.5217391304347826,-0.9162833486660534,0.0,0,-0.6666666666666666,0,0
-0.3902392231519606,-0.6293902711231921,-0.5869565217391305,-0.5105795768169272,0.0,0,0.3333333333333333,1,1
-0.39530113191954075,-0.9572601206476378,-0.5652173913043478,-0.9337626494940202,0.0,0,-0.6666666666666666,0,0
0.30954383790085754,-0.07932234606424594,0.17391304347826086,-0.05335786568537244,1.0,0,0.6666666666666666,1,0
0.1699945396319417,-0.04404992831772949,0.0,-0.027598896044158237,0.0,0,0.6666666666666666,0,1
-0.31261345021472536,-0.5238389184412362,-0.45652173913043476,-0.49310027598896045,0.0,0,-0.6666666666666666,0,0
1.655347471259279,0.7526030201712839,0.7391304347826086,0.7267709291628336,0.0,1,1.0,0,0
-0.36469355528991604,-0.8781569650922688,-0.4782608695652174,-0.9144434222631095,0.0,0,-0.6666666666666666,0,0
-0.3250837502398135,0.5047874370255696,-0.5652173913043478,0.46090156393744275,0.0,1,0.3333333333333333,1,0
0.029279378993816517,-0.9143046635578801,0.9347826086956522,-0.9080036798528058,2.0,0,-0.6666666666666666,0,0
-0.08888593733858706,-0.23581060072281168,-0.21739130434782608,-0.2603495860165592,0.0,0,-0.3333333333333333,1,0
-0.09937869866147196,-0.9662390036330419,0.6521739130434783,-0.9558417663293468,2.0,0,-0.6666666666666666,0,0
-0.35551423385133046,0.4551614007573432,-0.5869565217391305,0.361545538178473,0.0,1,0.3333333333333333,0,1
-0.15111937545195614,-0.8319066406232695,0.13043478260869565,-0.8206071757129715,0.0,0,-0.6666666666666666,1,0
-0.3229438762710114,-0.9012031119660584,-0.32608695652173914,-0.9337626494940202,0.0,0,-0.6666666666666666,0,0
-0.10879414412420121,0.05429013742125554,-0.32608695652173914,0.09199632014719412,0.0,1,-0.3333333333333333,1,1
0.012514573279615146,-0.9128511976282313,0.8695652173913043,-0.9300827966881325,2.0,0,-0.6666666666666666,0,0
-0.2714098080016529,-0.04573014001099097,-0.4782608695652174,-0.11315547378104861,0.0,0,0.3333333333333333,1,0
1.1787311285252577,0.14291617080906938,0.8695652173913043,0.09935602575896976,2.0,0,1.0,0,0
1.2796741488466816,0.17050307662125264,0.9347826086956522,0.15823367065317404,2.0,0,0.6666666666666666,1,0
-0.16971414235327106,0.5919402824532838,-0.45652173913043476,0.5611775528978842,0.0,1,0.3333333333333333,1,1
-0.34753029028497223,-0.29614298732819555,-0.5434782608695652,-0.36890524379024836,0.0,0,-0.3333333333333333,1,0
1.0335738846829299,0.13610761694175996,0.7391304347826086,0.18307267709291636,0.0,1,0.0,0,0
0.011673381443603241,-0.9295791375692306,0.9347826086956522,-0.9291628334866605,2.0,0,-0.6666666666666666,0,0
-0.13501866855565886,-0.9212146109285165,0.3695652173913043,-0.906163753449862,2.0,0,-0.6666666666666666,1,0
-0.31416301412316827,-0.0794170221270788,-0.5217391304347826,-0.007359705611775373,0.0,1,-0.6666666666666666,1,1
0.023715706674931048,-0.39038636394407883,0.021739130434782608,-0.37442502299908,0.0,0,-0.3333333333333333,0,0
1.5176724074320038,0.6160966683074219,0.7391304347826086,0.6329346826126957,2.0,1,0.6666666666666666,0,0
-0.07864405779135493,-0.9501619074105108,0.6739130434782609,-0.9291628334866605,2.0,0,-0.6666666666666666,0,0
1.6172134413600745,0.7147927068240635,0.7391304347826086,0.6835326586936524,1.0,1,0.6666666666666666,1,1
0.23745222177948977,0.3249414524616828,-0.08695652173913043,0.28610855565777393,0.0,1,0.0,1,0
-0.39807558920322905,-0.45147401725753694,-0.6086956521739131,-0.4507819687212511,0.0,0,-0.6666666666666666,0,1
-0.27669308304186774,0.10777914687975566,-0.5,0.19227230910763576,0.0,1,-0.3333333333333333,1,0
-0.2444031227402193,-0.8220560589880725,-0.15217391304347827,-0.8298068077276909,2.0,0,-0.6666666666666666,0,0
0.31789672525494017,0.17315090543142939,0.043478260869565216,0.18767249310027606,2.0,0,0.6666666666666666,0,0
0.5055267779401131,0.17214289861034945,0.21739130434782608,0.205151793928243,0.0,1,0.0,0,0
-0.2586295951948761,-0.9292738253670565,-0.06521739130434782,-0.9098436062557498,0.0,0,-0.6666666666666666,0,0
1.291362288041794,0.7102952916389896,0.5217391304347826,0.6577736890524379,1.0,1,1.0,0,1
-0.38454273106949427,0.393858650073063,-0.6086956521739131,0.39282428702851907,0.0,1,0.3333333333333333,1,1
-0.16595091571848114,-0.018052815051135217,-0.3695652173913043,-0.05703771849126025,0.0,0,0.3333333333333333,1,0
0.0475494753619339,0.49578023462239723,-0.2826086956521739,0.4645814167433303,0.0,1,0.3333333333333333,0,1
-0.3982379244698278,-0.8792105032350707,-0.5869565217391305,-0.9199632014719411,0.0,0,-0.6666666666666666,0,0
0.1168961497026313,-0.4503158006454184,0.21739130434782608,-0.46550137994480223,1.0,0,0.3333333333333333,0,0
-0.38948657782500257,0.08504028196428332,-0.6086956521739131,0.08463661453541875,0.0,1,-0.6666666666666666,1,1
-0.338823216894674,-0.6473004195508228,-0.4782608695652174,-0.6568537258509659,0.0,0,0.0,0,0
-0.33438113369047096,-0.09080181868273095,-0.5434782608695652,-0.018399264029438825,0.0,1,-0.6666666666666666,1,0
-0.14645592597511842,0.35947379893736914,-0.41304347826086957,0.4599816007359706,0.0,1,0.0,1,1
0.9193931612579508,0.2148529419915558,0.5652173913043478,0.20607175712971487,0.0,1,0.0,1,0
1.2059149068047992,0.10651160880169708,0.9347826086956522,0.09291628334866628,2.0,0,0.6666666666666666,0,0
-0.21882793937515682,-0.09259941813888647,-0.41304347826086957,-0.04691812327506895,0.0,0,0.3333333333333333,0,0
-0.06242528888298579,0.6860837924327141,-0.391304347826087,0.755289788408464,0.0,1,1.0,1,0
-0.22287156328861735,-0.5108408916044187,-0.30434782608695654,-0.44250229990800366,0.0,0,-0.6666666666666666,1,0
-0.27030297663847935,-0.9130382388202505,-0.13043478260869565,-0.9190432382704692,2.0,0,-0.6666666666666666,0,0
-0.4056905889818628,-0.9271464887325529,-0.6086956521739131,-0.9254829806807728,0.0,0,-0.6666666666666666,0,0
-0.3740942430011364,-0.5156959465458304,-0.5652173913043478,-0.4664213431462741,0.0,0,-0.6666666666666666,1,1
0.8845501099452487,0.4258486633080847,0.391304347826087,0.4737810487580497,1.0,1,0.6666666666666666,1,0
-0.33173949617036347,-0.9642046929056063,-0.30434782608695654,-0.9328426862925483,1.0,0,-0.6666666666666666,0,0
1.5690293826832544,0.5777529347641617,0.8043478260869565,0.5363385464581418,0.0,1,0.6666666666666666,1,1
0.7618984371541153,-0.2188163862881394,0.8478260869565217,-0.17847286108555652,1.0,0,0.3333333333333333,0,0
0.09161612136774844,0.5522534618809201,-0.2608695652173913,0.5197792088316467,1.0,1,0.6666666666666666,0,1
-0.28883871253375837,-0.20125870834210782,-0.4782608695652174,-0.19963201471941114,0.0,0,0.0,0,1
-0.13115213766030606,0.16308989937685053,-0.3695652173913043,0.18583256669733228,0.0,1,-0.3333333333333333,1,1
0.03025339059340919,0.01752604597973412,-0.17391304347826086,0.02483900643974257,1.0,0,0.3333333333333333,0,0
-0.18134325054234737,-0.6118751994991121,-0.17391304347826086,-0.6320147194112236,0.0,0,0.0,0,0
0.625020291908325,-0.14049918826270974,0.5869565217391305,-0.09475620975160978,1.0,0,0.0,0,0
-0.33095733534038757,-0.4571587334864051,-0.5,-0.3937442502299907,0.0,0,-0.6666666666666666,0,0
0.6267174333318577,-0.29897234505208536,0.782608695652174,-0.3100275988960441,2.0,0,0.6666666666666666,0,0
0.5848054190463542,0.185126405530455,0.2826086956521739,0.18583256669733228,1.0,0,0.6666666666666666,0,0
1.8045778545180857,0.7389950343435381,0.8478260869565217,0.7120515179392826,2.0,1,1.0,0,0
-0.04412567701185048,-0.8185799318346093,0.41304347826086957,-0.8104875804967802,2.0,0,-0.6666666666666666,0,0
1.166865896312038,0.6751875741907866,0.45652173913043476,0.6706531738730452,1.0,1,0.6666666666666666,1,0
-0.2659051666888033,0.0033910758971432264,-0.4782608695652174,-0.0993560257589695,0.0,0,0.3333333333333333,1,0
-0.03857676244447398,-0.9269416340936747,0.7391304347826086,-0.9383624655013799,2.0,0,-0.6666666666666666,1,0
-0.2978114254512183,-0.8786682409556873,-0.2608695652173913,-0.906163753449862,0.0,0,-0.6666666666666666,0,0
0.5871961747908089,0.188682096762411,0.2826086956521739,0.13983440662373522,0.0,1,-0.3333333333333333,0,1
-0.38675639379584126,-0.9087095712335213,-0.5434782608695652,-0.9475620975160993,0.0,0,-0.6666666666666666,0,0
0.07206210061834982,-0.8095070603032478,0.717391304347826,-0.8160073597056118,2.0,0,-0.6666666666666666,0,0
-0.36278980534525757,0.22792639258177838,-0.5869565217391305,0.08003679852805905,0.0,1,-0.3333333333333333,1,1
-0.37611605495786665,-0.18828701995886055,-0.5869565217391305,0.0,0.0,1,-0.6666666666666666,1,0
0.908752822419976,0.42145641095442576,0.41304347826086957,0.488500459981601,2.0,1,0.6666666666666666,0,0
-0.257965496376972,-0.9413497436947699,-0.043478260869565216,-0.9346826126954922,2.0,0,-0.6666666666666666,0,0
1.2760437419754729,0.2091865828666914,0.8913043478260869,0.1849126034958604,2.0,0,1.0,0,0
-0.3853986806570151,0.34039158932587116,-0.6086956521739131,0.33946642134314636,0.0,1,0.0,1,1
0.8612476203125692,0.43165433094607775,0.3695652173913043,0.44710211591536364,1.0,1,0.3333333333333333,1,0
0.4016469650684022,0.3965320031104225,0.021739130434782608,0.3661453541858327,0.0,1,0.0,1,1
-0.11806201207184075,-0.07437759801067695,-0.30434782608695654,-0.10487580496780109,0.0,0,0.0,0,1
1.5102197429199689,0.4430104033186696,0.8695652173913043,0.46734130634774623,1.0,1,0.3333333333333333,0,0
-0.051917769808591925,-0.951142845969754,0.782608695652174,-0.9346826126954922,2.0,0,-0.6666666666666666,0,0
1.7866176709316568,0.6103131828776662,0.9347826086956522,0.6209751609935603,2.0,1,1.0,0,0
-0.06646891279644636,0.3615940444497574,-0.34782608695652173,0.34406623735050607,0.0,1,0.3333333333333333,0,1
-0.32911261640176503,-0.9936820704128817,-0.2608695652173913,-0.9245630174793008,1.0,0,-0.6666666666666666,0,0
1.2767816295509218,0.7711466686586387,0.4782608695652174,0.7580496780128796,1.0,1,1.0,1,0
0.5097032216171544,-0.1683769566008377,0.4782608695652174,-0.18123275068997233,2.0,0,0.3333333333333333,0,0
1.4976313808828088,0.3595967117206959,0.9347826086956522,0.37902483900643996,2.0,0,1.3333333333333333,0,0
1.3353551452900636,0.3319161108337792,0.8260869565217391,0.31370745170193215,1.0,1,0.0,1,1
-0.21220170894762475,-0.9304542886367908,0.10869565217391304,-0.9319227230910763,0.0,0,-0.6666666666666666,0,0
0.62783902244654,-0.3277127688218732,0.8260869565217391,-0.35694572217111303,2.0,0,0.6666666666666666,0,0
-0.13915083897817326,-0.9494777347237268,0.43478260869565216,-0.9254829806807728,1.0,0,-0.6666666666666666,0,0
-0.08388305957704287,-0.9105532629834243,0.5217391304347826,-0.937442502299908,2.0,0,-0.6666666666666666,0,0
0.0640781570519916,-0.19629342209501405,-0.043478260869565216,-0.20055197792088303,0.0,0,0.0,1,0
0.26535912988297106,0.5417547926196428,-0.13043478260869565,0.4489420423183074,0.0,1,0.3333333333333333,1,1
1.2274612240079101,0.18703117195530314,0.8695652173913043,0.205151793928243,2.0,0,1.0,0,0
-0.39840025973642657,-0.8842806555473043,-0.5869565217391305,-0.7598896044158234,0.0,0,-0.3333333333333333,0,0
0.4824456545800682,0.2988295095923399,0.13043478260869565,0.29622815087396526,0.0,1,-0.3333333333333333,1,1
0.5420522129248388,-0.001793591430612279,0.3695652173913043,0.004599816007359706,1.0,0,0.6666666666666666,0,0
1.102374522217795,0.45451269440089553,0.5434782608695652,0.4940202391904326,2.0,1,0.3333333333333333,0,0
1.2142087631528462,0.5167110744438427,0.5869565217391305,0.5133394664213433,1.0,1,0.3333333333333333,1,1
-0.2180162630421629,0.04683489181351221,-0.43478260869565216,0.09935602575896976,0.0,1,-0.3333333333333333,0,1
-0.06001977538702201,-0.19870387834581338,-0.1956521739130435,-0.20515179392824273,0.0,0,0.0,0,0
-0.1558861291893567,0.15535198097195388,-0.391304347826087,0.10211591536338568,0.0,1,-0.3333333333333333,0,0
0.3638228479508862,0.3177756371937256,0.021739130434782608,0.3624655013799449,0.0,1,0.0,1,0
0.9878543705081093,-0.011251942297203369,0.8478260869565217,0.011039558417663452,2.0,0,0.6666666666666666,0,0
0.7717270996590959,0.6483851479675888,0.1956521739130435,0.5933762649494021,0.0,1,0.6666666666666666,1,0
0.020336181579374595,0.29034078093879434,-0.2608695652173913,0.2759889604415824,0.0,1,0.0,0,1
1.0886055400599166,0.6555092375801533,0.41304347826086957,0.6577736890524379,1.0,1,0.6666666666666666,0,1
-0.3986806570150972,-0.4892696981305519,-0.6086956521739131,-0.48850045998160074,0.0,0,-0.6666666666666666,1,0
0.6827083425569281,-0.21177945729592035,0.7391304347826086,-0.20883164673413054,2.0,0,1.0,1,0
-0.34654152093387053,0.057999469632370224,-0.5652173913043478,-0.007359705611775373,1.0,0,0.3333333333333333,1,0
-0.07699118962234912,-0.8613497394078836,0.41304347826086957,-0.8463661453541858,1.0,0,-0.6666666666666666,0,0
0.1737282507637137,-0.7428192158274617,0.8043478260869565,-0.7525298988040477,1.0,0,-0.3333333333333333,0,0
1.2845737223476632,0.2613161924348041,0.8478260869565217,0.2585096596136157,2.0,1,0.0,0,0
-0.18416198108056256,-0.4610720596026211,-0.2608695652173913,-0.46550137994480223,0.0,0,-0.6666666666666666,1,1
-0.37204291554138813,-0.9437397144816813,-0.4782608695652174,-0.9144434222631095,1.0,0,-0.6666666666666666,0,0
1.427236906184974,0.29852442250515365,0.9347826086956522,0.3081876724931003,2.0,0,1.3333333333333333,0,0
-0.24246985729254292,-0.9324868372495136,0.0,-0.9291628334866605,0.0,0,-0.6666666666666666,0,0
0.597615147356149,0.4070136398561559,0.17391304347826086,0.3679852805887765,0.0,1,0.3333333333333333,1,0
0.647186434674813,0.6484236771295451,0.10869565217391304,0.7258509659613617,0.0,1,1.0,0,1
0.6336388187895693,0.2577546912498544,0.2826086956521739,0.2631094756209754,0.0,1,-0.3333333333333333,1,1
0.7103643688847567,-0.1089379644344265,0.6521739130434783,-0.08923643054277819,1.0,0,0.3333333333333333,0,0
-0.15526630362597954,0.15887175613085988,-0.391304347826087,0.16835326586936536,0.0,1,-0.3333333333333333,0,1
1.0225793598087396,0.19630707907093908,0.6739130434782609,0.19503219871205169,0.0,1,-0.3333333333333333,1,0
0.01322294535204615,-0.31394826969068634,-0.043478260869565216,-0.26126954921803125,0.0,0,0.0,0,0
-0.38628414574755393,0.28508083682877633,-0.6086956521739131,0.2842686292548299,0.0,1,-0.3333333333333333,0,1
-0.3882616844497573,0.1615534895852644,-0.6086956521739131,0.1609935602575897,0.0,1,-0.3333333333333333,1,1
-0.23665530319800476,-0.6539547523792548,-0.2608695652173913,-0.6614535418583256,0.0,0,0.0,0,0
-0.061569339295464924,-0.9198194034161273,0.6304347826086957,-0.9126034958601655,2.0,0,-0.6666666666666666,0,0
-0.4060595327695873,-0.9501926356063425,-0.6086956521739131,-0.9484820607175714,1.0,0,-0.6666666666666666,0,0
-0.3719100957778073,-0.47021821671488573,-0.5652173913043478,-0.47930082796688134,0.0,0,-0.6666666666666666,0,1
1.0409084871828929,0.4151132851521351,0.5217391304347826,0.376264949402024,0.0,1,0.3333333333333333,1,0
-0.14559997638759758,-0.8220560589880725,0.13043478260869565,-0.8233670653173872,0.0,0,-0.6666666666666666,1,0
1.1650506928764335,0.6729198333384055,0.45652173913043476,0.6550137994480223,0.0,1,0.6666666666666666,0,1
1.0228302415843922,0.020877097756256274,0.8478260869565217,0.008279668813247524,2.0,0,0.3333333333333333,0,0
-0.0753678369563613,-0.8499271863988428,0.391304347826087,-0.8270469181232751,0.0,0,-0.6666666666666666,1,0
1.6788122961585572,0.7120940283505788,0.782608695652174,0.7074517019319229,0.0,1,0.6666666666666666,0,0
-0.31580112454066495,-0.0998820005510039,-0.5217391304347826,-0.01103955841766319,0.0,1,-0.6666666666666666,1,1
1.0088989241599151,0.4430418388131268,0.4782608695652174,0.44710211591536364,0.0,1,0.0,1,1
0.8869261079381946,0.4665241531725073,0.3695652173913043,0.47286108555657785,0.0,1,0.0,0,1
-0.21575832706128895,0.06250627168768899,-0.43478260869565216,0.11959521619135235,0.0,1,-0.6666666666666666,1,0
-0.36005962131609626,-0.8943057294374028,-0.45652173913043476,-0.9218031278748849,2.0,0,-0.6666666666666666,0,0
-0.31665707412818583,-0.8731526589139602,-0.32608695652173914,-0.8380864765409384,1.0,0,-0.6666666666666666,0,0
1.1012086598485855,0.8031582185515651,0.34782608695652173,0.833486660533579,0.0,1,1.3333333333333333,1,0
-0.24959785127138032,-0.031803682685829705,-0.45652173913043476,0.078196872125115,0.0,1,-0.6666666666666666,0,0
-0.3968064225734567,-0.372195272011701,-0.6086956521739131,-0.37166513339466417,0.0,0,-0.3333333333333333,0,1
1.6637151163648707,0.6673675276988487,0.8043478260869565,0.6034958601655936,1.0,1,1.0,0,0
1.0690810348135358,-0.012201654428178648,0.9347826086956522,0.03219871205151794,2.0,0,0.6666666666666666,0,0
0.9446141585867976,0.7694546340015058,0.2608695652173913,0.7957681692732291,0.0,1,1.3333333333333333,0,1
-0.23113590413364618,-0.8066652409019244,-0.13043478260869565,-0.8325666973321066,2.0,0,-0.6666666666666666,0,0
0.29208541786573405,0.21893044835380265,0.0,0.15731370745170214,0.0,1,-0.3333333333333333,1,1
-0.31720311093401804,0.17745533092817936,-0.5434782608695652,0.1803127874885007,0.0,1,-0.3333333333333333,1,0
-0.3663611812104308,-0.825743442487879,-0.5,-0.8270469181232751,2.0,0,-0.6666666666666666,0,0
1.664984282994643,0.6392347595340556,0.8260869565217391,0.644894204231831,1.0,1,1.0,0,0
-0.31001608594914476,-0.390237112707182,-0.4782608695652174,-0.452621895124195,0.0,0,-0.6666666666666666,0,0
0.01095025161966327,-0.8254635964186972,0.5869565217391305,-0.8445262189512419,1.0,0,-0.6666666666666666,0,0
0.13419223447115602,-0.8232851868213413,0.9347826086956522,-0.8344066237350506,2.0,0,-0.6666666666666666,0,0
1.3838491167485722,0.2608823826112976,0.9347826086956522,0.2741490340386386,2.0,0,1.0,1,0
-0.2856805537108366,-0.9548018649811003,-0.13043478260869565,-0.9337626494940202,2.0,0,-0.6666666666666666,0,0
0.07697643187084015,-0.4248195022446513,0.13043478260869565,-0.37166513339466417,0.0,0,-0.6666666666666666,0,0
0.16214341582916433,0.03058309046251387,-0.043478260869565216,0.0036798528058878174,0.0,1,-0.6666666666666666,1,0
0.06540635468779982,-0.1507749839704462,-0.06521739130434782,-0.18951241950321984,0.0,0,0.0,1,1
-0.31864937058189813,-0.812914420728136,-0.3695652173913043,-0.8086476540938362,1.0,0,-0.6666666666666666,0,0
-0.1740529212969112,-0.9258328583607468,0.2391304347826087,-0.9236430542778289,2.0,0,-0.6666666666666666,0,0
-0.2741547497823232,-0.07022490183113313,-0.4782608695652174,-0.21159153633854635,0.0,0,1.0,0,0
1.55679520668231,0.45971795322496084,0.8913043478260869,0.5004599816007361,0.0,1,0.3333333333333333,0,0
-0.0687120910258113,-0.9398218695131372,0.6739130434782609,-0.9328426862925483,2.0,0,-0.6666666666666666,0,0
-0.1318752674842461,-0.8487659522879517,0.21739130434782608,-0.8298068077276909,1.0,0,-0.6666666666666666,0,0
2.0603296881687103,0.8477781195822073,0.9347826086956522,0.8114075436982523,2.0,1,1.3333333333333333,0,0
-0.40136656778973157,-0.6570456473717395,-0.6086956521739131,-0.6559337626494939,0.0,0,-0.3333333333333333,1,1
0.7011260164401352,-0.009636703637225527,0.5434782608695652,0.006439742410303745,1.0,0,0.3333333333333333,1,0
-0.3334513953454052,0.330558566659721,-0.5652173913043478,0.27506899724011047,0.0,1,-0.3333333333333333,1,1
0.977937161494075,0.08094318918672087,0.7391304347826086,0.09567617295308194,2.0,0,1.0,0,0
1.4043033603400186,0.30081713542654115,0.9130434782608695,0.26586936522539106,2.0,1,0.0,1,0
-0.1288204129218872,-0.8762254784971322,0.2826086956521739,-0.9144434222631095,1.0,0,-0.6666666666666666,0,0
-0.1332772538775992,-0.9268915100862897,0.391304347826087,-0.9181232750689972,2.0,0,-0.6666666666666666,0,0
1.5408863505556294,0.5511171759227574,0.8043478260869565,0.5906163753449865,1.0,1,0.6666666666666666,0,1
0.23780640781570522,0.634899397661593,-0.17391304347826086,0.6264949402023922,0.0,1,0.6666666666666666,0,1
-0.286138044007615,-0.5843036274210147,-0.391304347826087,-0.6384544618215271,0.0,0,0.0,1,0
-0.38216673307654847,0.5422758359402675,-0.6086956521739131,0.5409383624655015,0.0,1,0.3333333333333333,1,1
1.0773896489130916,0.3942944317594039,0.5652173913043478,0.3698252069917205,0.0,1,0.3333333333333333,1,0
1.5787842564306904,0.5050813588987428,0.8695652173913043,0.5022999080036801,2.0,1,0.6666666666666666,0,0
-0.35363999940968993,-0.08980315231819994,-0.5652173913043478,0.06439742410303588,0.0,1,-0.3333333333333333,1,0
-0.3231504847921371,0.08457935902680741,-0.5434782608695652,0.07451701931922745,0.0,0,0.6666666666666666,1,1
0.20641667035610461,-0.009971299547393037,0.021739130434782608,-0.02299908003679853,2.0,0,0.3333333333333333,0,0
-0.2883074334794351,0.24359777245595515,-0.5217391304347826,0.22815087396504152,0.0,1,0.0,1,0
0.09765204173492131,-0.8487636218722331,0.9130434782608695,-0.8454461821527139,2.0,0,-0.6666666666666666,0,0
0.06660173256002719,-0.266755176590515,0.0,-0.27782888684452617,1.0,0,-0.3333333333333333,1,0
0.5239001785687933,-0.17302337960629682,0.5,-0.1655933762649493,0.0,0,0.0,0,0
1.1330116143504376,0.12209035220314596,0.8478260869565217,0.11775528978840857,1.0,0,0.6666666666666666,0,0
-0.1259426513776361,-0.9088899323829682,0.3695652173913043,-0.937442502299908,2.0,0,-0.6666666666666666,0,0
-0.28231578636678917,-0.28727022078178654,-0.45652173913043476,-0.2870285188592456,0.0,0,-0.3333333333333333,0,0
0.00807249007541215,-0.932703170812122,0.9347826086956522,-0.9319227230910763,2.0,0,-0.6666666666666666,0,0
-0.31622909933442545,-0.9463425734227211,-0.2608695652173913,-0.9282428702851886,1.0,0,-0.6666666666666666,0,0
-0.31757205472174255,0.6611939538090216,-0.5652173913043478,0.6918123275068999,0.0,1,1.0,1,0
-0.36329156889656294,0.21225501270760136,-0.5869565217391305,0.24747010119595225,0.0,1,0.0,0,0
-0.22281253228258144,0.013546012995816197,-0.43478260869565216,0.07175712971481152,0.0,1,-0.3333333333333333,0,1
0.4527530585440003,-0.23812996113884066,0.4782608695652174,-0.25666973321067155,1.0,0,0.6666666666666666,0,0
-0.3819896400584407,-0.988449239416833,-0.5,-0.9245630174793008,2.0,0,-0.6666666666666666,0,0
-0.3309720930918965,0.38218193565700953,-0.5652173913043478,0.45170193192272334,0.0,1,0.0,1,0
0.063045114446363,0.4472714845923165,-0.2608695652173913,0.4388224471021161,0.0,1,0.0,1,0
0.013990348430513154,-0.4106362449971818,0.021739130434782608,-0.3762649494020239,0.0,0,-0.6666666666666666,1,0
0.22833193134694005,-0.007322727313123599,0.043478260869565216,0.01287948482060723,0.0,0,0.3333333333333333,1,0
0.6564690603739614,0.185808278828435,0.34782608695652173,0.20791168353265893,2.0,0,1.0,0,0
1.2686058352149465,0.34311391542533753,0.7608695652173914,0.3514259429622817,1.0,1,0.3333333333333333,0,0
-0.3939434187807146,-0.19335717227109422,-0.6086956521739131,-0.19319227230910752,0.0,0,-0.3333333333333333,1,1
-0.39106565723646347,-0.013597226655536032,-0.6086956521739131,-0.013799448022079119,0.0,1,-0.6666666666666666,1,1
1.3502604743141335,0.5073817027392314,0.6956521739130435,0.5271389144434224,1.0,1,0.3333333333333333,1,0
-0.40598574401204235,-0.9455834062315845,-0.6086956521739131,-0.9438822447102116,0.0,0,-0.6666666666666666,0,0
-0.28799752069774653,-0.4388754569665321,-0.43478260869565216,-0.4590616375344986,0.0,0,0.0,1,1
1.9793096323844102,0.7774873716171494,0.9347826086956522,0.8114075436982523,2.0,1,1.3333333333333333,0,0
-0.40585292424846153,-0.9372867933570203,-0.6086956521739131,-0.9356025758969642,0.0,0,-0.6666666666666666,0,1
-0.31909210312716757,-0.4712278574350709,-0.4782608695652174,-0.4802207911683532,0.0,0,-0.6666666666666666,0,0
1.3979722849426661,0.41585724481622566,0.8043478260869565,0.3716651333946643,1.0,1,0.3333333333333333,0,0
-0.39097711072740954,-0.008066151405826335,-0.6086956521739131,-0.008279668813247262,0.0,1,-0.6666666666666666,1,1
-0.1916294033441065,-0.9532808192874301,0.2391304347826087,-0.9190432382704692,0.0,0,-0.6666666666666666,0,0
-0.05385103525626837,0.09990504669787739,-0.2826086956521739,0.019319227230910976,0.0,0,0.3333333333333333,0,0
-0.35737371054146194,0.3970851106353935,-0.5869565217391305,0.30910763569457245,0.0,1,0.0,0,1
0.05576954295243578,-0.8610625225028149,0.8260869565217391,-0.8371665133394663,2.0,0,-0.6666666666666666,0,0
0.8168415460220482,0.5747877660666086,0.2608695652173913,0.6274149034038641,1.0,1,1.0,0,0
-0.08106432903882761,-0.928101257674467,0.5869565217391305,-0.9300827966881325,2.0,0,-0.6666666666666666,0,0
1.9536311447587846,0.755209429639153,0.9347826086956522,0.8482060717571299,2.0,1,1.3333333333333333,0,0
-0.3334366375938962,0.33086584861803847,-0.5652173913043478,0.2649494020239192,0.0,1,-0.3333333333333333,0,1
-0.08622954206697064,-0.9204204280893875,0.5434782608695652,-0.9254829806807728,2.0,0,-0.6666666666666666,0,0
1.3097356886704743,0.7709645241494099,0.5,0.7433302667893286,0.0,1,1.0,1,0
0.8588863800711324,0.2904275429034956,0.45652173913043476,0.3560257589696414,2.0,1,0.3333333333333333,0,0
-0.0637977597733209,0.255054999758925,-0.32608695652173914,0.3606255749770011,0.0,1,0.0,1,1
0.008028216820885184,-0.3259664085048699,-0.043478260869565216,-0.3983440662373504,1.0,0,-0.3333333333333333,0,0
1.603562521214268,0.45149962408739647,0.9347826086956522,0.4829806807727691,2.0,1,0.6666666666666666,0,0
0.9750446421983148,0.10025073890098445,0.717391304347826,0.07267709291628341,1.0,0,0.6666666666666666,0,0
-0.21842948008441435,-0.29122647599512047,-0.3695652173913043,-0.29530818767249306,0.0,0,0.0,1,0
0.5529729490414842,0.0725744116098245,0.32608695652173914,0.0827966881324747,1.0,0,0.6666666666666666,0,0
0.8758725520579685,0.19250361127576865,0.5434782608695652,0.17663293468261287,2.0,1,0.0,0,0
-0.0022579359808739138,-0.9207749069497992,0.8478260869565217,-0.9254829806807728,2.0,0,-0.6666666666666666,0,0
-0.2890010478003572,-0.9138719081332501,-0.1956521739130435,-0.937442502299908,0.0,0,-0.6666666666666666,0,0
0.35995631705553344,-0.3328877639037656,0.45652173913043476,-0.28426862925482976,1.0,0,-0.3333333333333333,0,0
0.03513820634288159,-0.8156667134409945,0.6304347826086957,-0.8445262189512419,2.0,0,-0.6666666666666666,0,0
0.5215536960788655,0.3686264115529597,0.13043478260869565,0.35510579576816953,0.0,1,0.0,0,0
-0.38771564764392497,-0.5505724488148319,-0.5869565217391305,-0.4590616375344986,0.0,0,-0.6666666666666666,1,0
0.9687430823039801,0.07182715775664394,0.7391304347826086,0.09843606255749787,2.0,0,0.6666666666666666,0,0
1.5147651303847345,0.7778710325679792,0.6304347826086957,0.7414903403863848,1.0,1,1.0,0,0
-0.239444518233202,-0.8985009817294278,-0.043478260869565216,-0.9162833486660534,1.0,0,-0.6666666666666666,0,0
1.972683401956878,0.8008730794812625,0.9130434782608695,0.8242870285188595,2.0,1,1.3333333333333333,0,0
0.6224672008972713,-0.2715092170031005,0.7391304347826086,-0.2171113155473781,1.0,0,0.0,0,0
1.5569132686943818,0.4350820395515316,0.9130434782608695,0.4213431462741492,0.0,1,0.3333333333333333,0,0
0.972521066690279,0.8119719644779313,0.2608695652173913,0.7884084636614538,0.0,1,1.0,1,1
-0.057082982836734956,0.40669358110123505,-0.34782608695652173,0.3707451701931924,0.0,1,0.0,1,1
-0.36920942725166395,0.027424914779809486,-0.5869565217391305,0.15915363385464593,0.0,1,-0.3333333333333333,1,1
-0.030076297575301388,-0.9463290168657363,0.8478260869565217,-0.9383624655013799,2.0,0,-0.6666666666666666,0,0
-0.39721963961570816,-0.3980069565103453,-0.6086956521739131,-0.3974241030358785,0.0,0,-0.3333333333333333,0,0
1.686412538185682,0.7193978841290412,0.782608695652174,0.7120515179392826,2.0,1,1.0,1,0
0.12042325231327757,-0.8352307729509223,0.9347826086956522,-0.8344066237350506,2.0,0,-0.6666666666666666,0,0
0.032644146337864006,-0.3057235998142995,-0.021739130434782608,-0.28426862925482976,0.0,0,-0.3333333333333333,0,0
0.13711426926993403,-0.8207501106652245,0.9347826086956522,-0.8390064397424103,2.0,0,-0.6666666666666666,0,0
-0.36187482475170085,0.2565036147052773,-0.5869565217391305,0.38270469181232775,0.0,1,0.3333333333333333,1,0
-0.29624710379126634,-0.896469506560553,-0.2391304347826087,-0.9236430542778289,1.0,0,-0.6666666666666666,0,1
1.459512108735113,0.6511919260657968,0.6739130434782609,0.62557497700092,1.0,1,0.6666666666666666,1,0
0.07610572453181037,-0.12506966630352703,-0.06521739130434782,-0.07911683532658689,0.0,0,0.0,1,0
-0.3904605894245953,0.024198454217479005,-0.6086956521739131,0.023919043238270682,0.0,1,-0.6666666666666666,1,1
-0.3887339324980446,-0.9395914080443992,-0.5434782608695652,-0.9199632014719411,0.0,0,-0.6666666666666666,0,1
1.475273387346704,0.43649402178957364,0.8478260869565217,0.4020239190432385,2.0,0,1.3333333333333333,0,0
0.5519251486843465,0.2870700831905141,0.1956521739130435,0.25574977000919974,0.0,1,0.3333333333333333,0,1
0.9458538097135519,0.7221016276897507,0.2826086956521739,0.6412143514259432,1.0,1,0.6666666666666666,0,0
-0.07682885435575035,-0.9299281990920558,0.6086956521739131,-0.9337626494940202,2.0,0,-0.6666666666666666,0,0
0.06694116084473369,-0.7432382366797124,0.5434782608695652,-0.735050597976081,0.0,0,-0.3333333333333333,1,0
-0.13200808724782692,0.15863431098125108,-0.3695652173913043,0.1425942962281509,0.0,1,-0.3333333333333333,0,1
0.39186257581794837,-0.15614812059123045,0.32608695652173914,-0.1628334866605335,1.0,0,0.3333333333333333,0,0
0.49106418146131264,0.045708191299682656,0.2826086956521739,-0.017479300827966674,0.0,0,0.3333333333333333,0,0
0.11069789406885966,-0.8436682233897153,0.9347826086956522,-0.8390064397424103,2.0,0,-0.6666666666666666,0,0
1.4460235238559054,0.3375221817432756,0.9130434782608695,0.38086476540938374,2.0,0,1.3333333333333333,0,0
0.10817431856082409,0.4120529765523704,-0.21739130434782608,0.35510579576816953,0.0,1,0.0,0,1
0.07325747849057719,0.020030107652480526,-0.13043478260869565,0.06071757129714833,0.0,0,0.3333333333333333,0,0
-0.24086126237806407,-0.9412814588151438,0.021739130434782608,-0.937442502299908,2.0,0,-0.6666666666666666,0,0
-0.12976490901846194,-0.7937948983074142,0.13043478260869565,-0.812327506899724,1.0,0,-0.6666666666666666,0,0
-0.12434881421466625,0.4975663110051159,-0.41304347826086957,0.5216191352345908,0.0,1,0.3333333333333333,1,1
-0.39866589926358825,-0.4883478522556002,-0.6086956521739131,-0.4875804967801287,0.0,0,-0.6666666666666666,0,0
0.02829060964271488,-0.0477893281991945,-0.15217391304347827,-0.011959521619135079,0.0,1,-0.6666666666666666,0,0
-0.3289650388866752,-0.559329984626872,-0.4782608695652174,-0.5850965961361546,2.0,0,0.3333333333333333,0,0
0.1495550537920043,-0.3231069791705293,0.15217391304347827,-0.3173873045078196,2.0,0,1.0,0,0
-0.200159383716297,-0.9083299876379529,0.10869565217391304,-0.9144434222631095,0.0,0,-0.6666666666666666,0,0
0.981523295110757,-0.08816431520717491,0.9347826086956522,-0.1085556577736889,2.0,0,0.3333333333333333,0,0
-0.1368338719912634,-0.820033119429151,0.15217391304347827,-0.8325666973321066,2.0,0,-0.6666666666666666,0,0
-0.3890733607827512,0.11085196646292743,-0.6086956521739131,0.11039558417663295,0.0,1,-0.3333333333333333,1,1
0.08335178052271959,0.04744500236843191,-0.13043478260869565,0.16191352345906188,0.0,1,-0.3333333333333333,1,1
0.3682059001490534,0.22542012410925383,0.06521739130434782,0.2695492180312789,0.0,1,-0.3333333333333333,1,1
1.5868419887545935,0.46141307383888114,0.9130434782608695,0.45630174793008305,1.0,1,0.6666666666666666,0,0
0.1300895795516595,0.17437917132372122,-0.13043478260869565,0.1655933762649494,0.0,1,-0.3333333333333333,0,0
0.057171529345788896,0.42568944587286156,-0.2608695652173913,0.48390064397424126,1.0,1,0.3333333333333333,0,0
-0.3893242425584038,0.09518058658875064,-0.6086956521739131,0.09475620975161005,0.0,0,0.6666666666666666,1,0
-0.3353551452900636,-0.8998752149319019,-0.3695652173913043,-0.9319227230910763,2.0,0,-0.6666666666666666,0,0
0.03178819675034313,-0.9121280830198001,0.9347826086956522,-0.9172033118675252,2.0,0,-0.6666666666666666,0,0
-0.4059414707575154,-0.9428178686067297,-0.6086956521739131,-0.9411223551057957,0.0,0,-0.6666666666666666,0,0
1.6336388187895692,0.4775929837144981,0.9347826086956522,0.515179392824287,2.0,1,0.3333333333333333,0,0
0.9028054485618572,0.07161206038582184,0.6739130434782609,0.0735970561177553,0.0,1,-0.6666666666666666,0,0
0.5459925325777365,-0.31620446927898604,0.6956521739130435,-0.3495860165593375,2.0,0,0.6666666666666666,0,0
-0.3161405528253715,-0.30290319041117386,-0.5,-0.4544618215271389,0.0,0,-0.6666666666666666,0,0
0.37382860347397473,0.23639585155789594,0.06521739130434782,0.27506899724011047,0.0,1,-0.3333333333333333,1,1
0.3845427310694943,0.3074430335372793,0.043478260869565216,0.298068077276909,0.0,1,-0.3333333333333333,0,1
0.00883989315387909,0.08547694579978662,-0.21739130434782608,0.06439742410303588,0.0,1,-0.3333333333333333,0,1
0.0019480231991854126,-0.9380165880080236,0.9347826086956522,-0.9208831646734131,2.0,0,-0.6666666666666666,0,0
0.10184324316347161,-0.2945297570470303,0.06521739130434782,-0.29714811407543684,0.0,0,-0.3333333333333333,1,0
1.338956036658255,0.3854911259773486,0.782608695652174,0.37350505979760834,0.0,1,0.0,1,0
0.2772391198477,-0.34060668669669353,0.34782608695652173,-0.35786568537258506,0.0,0,0.3333333333333333,0,0
-0.13125544192086894,-0.8798470158630135,0.2826086956521739,-0.8334866605335787,1.0,0,-0.6666666666666666,1,0
-0.24264695031065067,0.02246999320194479,-0.45652173913043476,0.0827966881324747,0.0,1,-0.6666666666666666,1,0
-0.2059444223078172,-0.8953428060467233,0.06521739130434782,-0.9172033118675252,2.0,0,-0.6666666666666666,0,0
-0.003763226634789924,-0.13880065730805075,-0.15217391304347827,-0.12511499540018395,0.0,0,0.3333333333333333,0,0
0.3478106875636428,-0.4645739323226385,0.6086956521739131,-0.4691812327506899,0.0,0,0.0,1,1
-0.39745576363985186,-0.41275649050957053,-0.6086956521739131,-0.4121435142594295,0.0,0,-0.3333333333333333,1,0
-0.39829695547586375,-0.46530170538181065,-0.6086956521739131,-0.4645814167433302,0.0,0,-0.6666666666666666,1,1
-0.3983264709788817,-0.4671453971317139,-0.6086956521739131,-0.4664213431462741,0.0,0,-0.6666666666666666,1,0
0.21484334646773215,0.3336697964876824,-0.10869565217391304,0.47194112235510594,0.0,1,0.3333333333333333,1,1
-0.4056905889818628,-0.9271464887325529,-0.6086956521739131,-0.9254829806807728,0.0,0,-0.6666666666666666,0,1
1.0440371305027967,0.38703016211045876,0.5434782608695652,0.3624655013799449,0.0,1,0.0,1,0
-0.3770900665574593,-0.7577573092101999,-0.5434782608695652,-0.828886844526219,2.0,0,-0.6666666666666666,0,0
1.636162394297605,0.6711073425258083,0.782608695652174,0.7046918123275072,2.0,1,1.0,0,1
-0.03921134575936008,-0.8814163487215619,0.5869565217391305,-0.8472861085556578,1.0,0,-0.6666666666666666,1,0
0.5546700904650168,0.044499548930301565,0.34782608695652173,0.10303587856485757,0.0,0,0.6666666666666666,1,0
0.006286802142825506,-0.9291459854190676,0.9130434782608695,-0.9319227230910763,2.0,0,-0.6666666666666666,0,0
0.7566741931199362,-0.05990826349208673,0.6521739130434783,-0.07267709291628315,1.0,0,0.6666666666666666,0,0
0.323991676628149,-0.6308732405742012,0.8695652173913043,-0.6366145354185833,1.0,0,0.0,0,0
-0.3292011629108189,-1.0258810337602617,-0.21739130434782608,-0.9484820607175714,1.0,0,-0.6666666666666666,0,0
-0.09195554965245495,-0.9337670181981143,0.5652173913043478,-0.937442502299908,2.0,0,-0.6666666666666666,0,0
-0.18861882203627456,-0.9302516537850213,0.1956521739130435,-0.939282428702852,1.0,0,-0.6666666666666666,0,0
-0.292779032186656,-0.5545363860771236,-0.41304347826086957,-0.45630174793008277,0.0,0,-0.6666666666666666,1,1
0.5482357108071015,-0.0211289035913106,0.391304347826087,-0.05335786568537244,0.0,0,0.3333333333333333,0,0
-0.3913165390121161,-0.6630376455589249,-0.5869565217391305,-0.6485740570377184,0.0,0,-0.3333333333333333,1,1
-0.3979722849426661,-0.4450210961328758,-0.6086956521739131,-0.44434222631094744,0.0,0,-0.6666666666666666,0,1
-0.3982821977243547,-0.4643798595068591,-0.6086956521739131,-0.4636614535418583,0.0,0,-0.6666666666666666,1,1
-0.398828234530187,-0.49848815688006765,-0.6086956521739131,-0.49770009199632015,0.0,0,0.3333333333333333,1,1
-0.13509245731320374,-0.9213148115670983,0.3695652173913043,-0.9245630174793008,2.0,0,-0.6666666666666666,0,0
0.2526822213367572,-0.2048317275040441,0.1956521739130435,-0.2428702851885924,0.0,0,0.0,0,1
0.7268340195687786,-0.20276000019560045,0.782608695652174,-0.21067157313707446,2.0,0,0.3333333333333333,0,0
0.013739466654860453,0.1015849895094667,-0.21739130434782608,0.0524379024839008,0.0,1,-0.3333333333333333,1,1
0.868951166600257,0.2414704358214518,0.5,0.2759889604415824,0.0,1,0.0,1,1
-0.004751995985891563,-0.9388578264678531,0.9130434782608695,-0.936522539098436,2.0,0,-0.6666666666666666,0,0
-0.39804607370021106,-0.44963032550763377,-0.6086956521739131,-0.44894204231830714,0.0,0,-0.6666666666666666,0,1
0.34584790661294856,-0.3869093504003512,0.5,-0.3652253909843606,0.0,0,0.6666666666666666,1,0
-0.36113693717625184,-0.7713545358657357,-0.5,-0.8325666973321066,1.0,0,-0.6666666666666666,0,0
0.05987219787193228,-0.164070837936094,-0.06521739130434782,-0.1775528978840845,1.0,0,0.0,0,0
0.9887103200956303,0.5255097640895857,0.41304347826086957,0.5271389144434224,1.0,1,0.3333333333333333,1,0
1.572305603518248,0.6395305757476594,0.7608695652173914,0.6264949402023922,1.0,1,0.6666666666666666,0,0
-0.3386313661250572,0.22270259929038613,-0.5652173913043478,0.24655013799448036,0.0,1,0.0,1,1
-0.3986068682575523,-0.48466046875579394,-0.6086956521739131,-0.48390064397424104,0.0,0,-0.6666666666666666,0,0
0.10038222576408264,-0.8526178104257034,0.9347826086956522,-0.8509659613615455,2.0,0,-0.6666666666666666,0,0
-0.39816413571228293,-0.4570050925072465,-0.6086956521739131,-0.45630174793008277,0.0,0,-0.6666666666666666,0,0
0.928203538908812,0.34420550069086714,0.4782608695652174,0.4314627414903405,0.0,1,0.3333333333333333,1,0
-0.17423001431501897,-0.9351508090126203,0.2608695652173913,-0.9319227230910763,2.0,0,-0.6666666666666666,0,0
1.0674576821475479,-0.013610030070465991,0.9347826086956522,0.005519779208831856,2.0,0,0.6666666666666666,0,0
0.6434232080400231,0.23581567820927093,0.30434782608695654,0.29622815087396526,2.0,0,1.0,0,0
1.9751331887073686,0.7738640051919924,0.9347826086956522,0.8049678012879485,2.0,1,1.3333333333333333,0,0
0.9351839553725595,0.4931434121795502,0.391304347826087,0.45722171113155496,1.0,1,0.0,0,0
1.4662711589262263,0.33238945499469436,0.9347826086956522,0.33486660533578666,2.0,0,1.3333333333333333,0,0
-0.3918035448119125,-0.884434296526463,-0.5652173913043478,-0.9126034958601655,0.0,0,-0.6666666666666666,0,0
-0.39093283747288265,-0.005300613780971749,-0.6086956521739131,-0.005519779208831595,0.0,1,-0.6666666666666666,1,1
-0.3627750475937486,0.228387315519254,-0.5869565217391305,0.2879484820607177,0.0,1,-0.3333333333333333,1,1
-0.07024689718274524,-0.4766829563764053,-0.06521739130434782,-0.4728610855565777,0.0,0,0.3333333333333333,0,0
0.12975015126695302,-0.1307352283519695,0.0,-0.18675252989880392,0.0,0,0.0,0,0
0.6666961821696847,0.627665102414354,0.13043478260869565,0.5547378104875806,0.0,1,0.6666666666666666,0,1
0.024527383007924956,-0.2877951607939117,-0.043478260869565216,-0.27414903403863833,1.0,0,0.0,0,0
0.09205885391301785,0.01409655983780128,-0.10869565217391304,-0.000919963201471889,0.0,0,0.6666666666666666,0,0
0.755345995484128,-0.20883592763408723,0.8260869565217391,-0.18307267709291622,2.0,0,0.3333333333333333,0,0
-0.059104794793465275,0.07939397598020477,-0.2826086956521739,0.04231830726770951,0.0,1,-0.6666666666666666,1,1
-0.019686840512979458,-0.2323953410625222,-0.13043478260869565,-0.26770929162833484,1.0,0,0.0,0,0
-0.28773188117058485,-0.7440942364207389,-0.32608695652173914,-0.7221711131554738,0.0,0,-0.3333333333333333,0,0
-0.40541019170319215,-0.9096314171084728,-0.6086956521739131,-0.9080036798528058,0.0,0,-0.6666666666666666,1,1
-0.39829695547586375,-0.46530170538181065,-0.6086956521739131,-0.4645814167433302,0.0,0,-0.6666666666666666,0,1
-0.35040805182922335,-0.3410829737320852,-0.5434782608695652,-0.35694572217111303,0.0,0,0.3333333333333333,0,0
-0.09174894113132921,-0.04805121623185122,-0.2826086956521739,-0.02299908003679853,0.0,0,0.3333333333333333,1,0
0.1810185800091498,-0.4920552758831229,0.3695652173913043,-0.4857405703771848,0.0,0,0.0,1,0
1.324714806452089,0.2981900274328673,0.8478260869565217,0.2971481140754371,2.0,0,1.0,0,0
0.3727808031168372,-0.007411155652571363,0.1956521739130435,-0.007359705611775373,0.0,0,0.6666666666666666,1,0
0.03924086126237808,-0.35806030192911015,0.021739130434782608,-0.36706531738730447,0.0,0,-0.3333333333333333,0,1
-0.2999217839170024,0.0984992317385762,-0.5217391304347826,0.15823367065317404,0.0,1,-0.3333333333333333,1,1
0.06424049231859037,0.45166380905532105,-0.2608695652173913,0.37902483900643996,0.0,1,0.3333333333333333,0,0
-0.38898481427369724,-0.9435092530129434,-0.5434782608695652,-0.9282428702851886,2.0,0,-0.6666666666666666,0,0
-0.33466153096914153,-0.896264651921675,-0.3695652173913043,-0.9236430542778289,1.0,0,-0.6666666666666666,1,0
1.4897359838255044,0.35274688473320853,0.9347826086956522,0.3725850965961362,2.0,0,1.3333333333333333,0,0
-0.332861085285046,0.34284984499240884,-0.5652173913043478,0.39834406623735064,0.0,1,0.0,1,0
1.1009430203214239,0.39036880497503196,0.5869565217391305,0.4434222631094758,0.0,1,0.3333333333333333,1,1
-0.12759551954664186,-0.8641012245041569,0.2608695652173913,-0.8371665133394663,1.0,0,-0.6666666666666666,0,0
-0.0034385561015923215,-0.659396354352866,0.2391304347826087,-0.6320147194112236,1.0,0,0.0,0,0
-0.24306016735290212,0.20725070652929276,-0.4782608695652174,0.14995400183992652,0.0,0,1.0,1,0
0.0014167441448620754,-0.9228979816566891,0.8695652173913043,-0.9273229070837166,2.0,0,-0.6666666666666666,0,0
-0.36733519281002347,-0.9017298810374592,-0.4782608695652174,-0.9144434222631095,1.0,0,-0.6666666666666666,0,0
-0.3622585262909343,-0.6802761634205194,-0.5217391304347826,-0.733210671573137,0.0,0,-0.3333333333333333,1,0
1.8485116807603192,0.6640107050935957,0.9347826086956522,0.6577736890524379,2.0,1,1.0,0,0
-0.15628458848009918,-0.9343326963486528,0.32608695652173914,-0.9172033118675252,1.0,0,-0.6666666666666666,0,0
1.4047313351337791,0.4487013885105672,0.782608695652174,0.46274149034038653,1.0,1,0.3333333333333333,1,0
-0.36019244107967713,-0.22623634181103405,-0.5652173913043478,-0.10579576816927325,0.0,0,0.0,1,0
-0.036879621020941264,-0.32149374888936405,-0.10869565217391304,-0.3541858325666972,0.0,0,-0.3333333333333333,0,0
0.7284426144832574,0.32168230827287686,0.32608695652173914,0.26586936522539106,0.0,1,0.0,0,1
1.4633343663759388,0.3298415754236475,0.9347826086956522,0.344986200551978,2.0,0,1.3333333333333333,0,0
-0.013591889139770653,-0.2608823826112976,-0.10869565217391304,-0.28334866605335773,0.0,0,0.0,1,0
-0.396585056300822,-0.3583675838874273,-0.6086956521739131,-0.35786568537258506,0.0,0,-0.3333333333333333,0,1
-0.2724280928557725,-0.901628118830484,-0.15217391304347827,-0.9181232750689972,0.0,0,-0.6666666666666666,0,0
1.3391774029308896,0.2655245350530178,0.8913043478260869,0.2870285188592458,2.0,0,1.0,0,0
0.002981065804814019,-0.260910037987546,-0.08695652173913043,-0.1839926402943881,0.0,0,-0.3333333333333333,1,0
-0.19729637992355484,-0.9349946360463299,0.17391304347826086,-0.9300827966881325,2.0,0,-0.6666666666666666,0,0
0.16736765986334323,0.34709592296188263,-0.15217391304347827,0.2759889604415824,0.0,1,-0.3333333333333333,0,0
0.8265226310119391,0.014042525086656585,0.6521739130434783,0.03219871205151794,2.0,0,0.3333333333333333,0,0
1.0265196794616371,0.5365190025171004,0.43478260869565216,0.5418583256669735,0.0,1,0.3333333333333333,1,1
1.099275394400909,0.71122860970267,0.391304347826087,0.6807727690892365,0.0,1,0.6666666666666666,0,1
-0.2171160402001151,-0.9049032398788824,0.043478260869565216,-0.9346826126954922,0.0,0,-0.6666666666666666,0,1
-0.387686132140907,0.1975054787083761,-0.6086956521739131,0.19687212511499547,0.0,1,-0.3333333333333333,1,0
-0.38889626776464337,-0.8238997507379756,-0.5652173913043478,-0.9172033118675252,0.0,0,-0.6666666666666666,1,0
1.303168489248978,0.7242099463552399,0.5217391304347826,0.7626494940202393,1.0,1,1.0,0,0
-0.4056463157273358,-0.924380951107698,-0.6086956521739131,-0.9227230910763569,0.0,0,-0.6666666666666666,0,0
-0.28885347028526737,-0.9134109851957742,-0.1956521739130435,-0.9319227230910763,1.0,0,-0.6666666666666666,0,0
-0.3388527323976919,0.21809336991562822,-0.5652173913043478,0.1609935602575897,0.0,1,0.0,1,1
-0.11735363999940968,-0.9364010983006942,0.4782608695652174,-0.9291628334866605,1.0,0,-0.6666666666666666,0,0
0.5166983958324111,-0.15980921258658176,0.4782608695652174,-0.18123275068997233,1.0,0,0.3333333333333333,0,0
-0.3333038178303154,-0.9205517451655916,-0.34782608695652173,-0.9346826126954922,2.0,0,-0.6666666666666666,0,0
-0.40543970720621003,-0.911475108858376,-0.6086956521739131,-0.9098436062557498,0.0,0,-0.6666666666666666,0,0
-0.40539543395168315,-0.9087095712335213,-0.6086956521739131,-0.907083716651334,0.0,0,-0.6666666666666666,0,0
0.9391095172739482,0.042445149551837966,0.7391304347826086,0.021159153633854753,1.0,0,0.6666666666666666,1,0
-0.3557946311300011,-0.1346663182325103,-0.5652173913043478,-0.28886844526218947,0.0,0,-0.3333333333333333,0,0
-0.14356340667935832,-0.9328178448762767,0.3695652173913043,-0.9411223551057957,2.0,0,-0.6666666666666666,0,0
-0.3969097268340196,-0.3786481931363621,-0.6086956521739131,-0.37810487580496777,0.0,0,-0.6666666666666666,0,0
-0.34809108484231344,-0.8008536038641862,-0.45652173913043476,-0.8252069917203312,0.0,0,-0.6666666666666666,0,1
0.03140449521110966,-0.9070476519096649,0.9130434782608695,-0.9172033118675252,2.0,0,-0.6666666666666666,0,0
1.093431324803353,0.41251345841526477,0.5652173913043478,0.36890524379024864,0.0,1,0.0,0,0
1.4732368176384647,0.38515379116816306,0.8913043478260869,0.3661453541858327,1.0,1,0.3333333333333333,0,0
-0.3645459777748262,0.17307656302215915,-0.5869565217391305,0.19135234590616387,0.0,1,-0.3333333333333333,1,1
1.6207553017222296,0.5979993552470423,0.8260869565217391,0.6301747930082797,2.0,1,0.6666666666666666,0,0
1.341863313705524,0.3882850280906634,0.782608695652174,0.3955841766329347,0.0,1,0.0,0,1
-0.21419400540133704,-0.41598295107190114,-0.32608695652173914,-0.37074517019319214,0.0,0,-0.3333333333333333,0,0
0.15396762149318935,0.46963438099408295,-0.1956521739130435,0.46274149034038653,0.0,1,0.3333333333333333,0,0
-0.3893685158129308,0.0924150489638958,-0.6086956521739131,0.09199632014719412,0.0,1,-0.3333333333333333,1,1
-0.3893390003099128,0.09425874071379912,-0.6086956521739131,0.09383624655013816,0.0,1,-0.6666666666666666,1,1
0.9502221041602101,0.43925485611914794,0.43478260869565216,0.46090156393744275,0.0,1,0.0,0,0
1.73158601555467,0.5625692486041322,0.9347826086956522,0.5694572217111317,2.0,1,0.6666666666666666,0,0
0.31441389589882096,-0.3109125614551372,0.3695652173913043,-0.3173873045078196,0.0,0,-0.3333333333333333,1,0
0.19310517849500458,0.27709150591252946,-0.10869565217391304,0.2667893284268629,0.0,1,0.0,0,0
-0.3633358421510899,-0.6937351131948125,-0.5217391304347826,-0.6642134314627415,0.0,0,0.0,1,0
0.4410058883428521,0.3170940299407312,0.08695652173913043,0.3357865685372585,0.0,1,0.3333333333333333,0,0
0.30313897374596005,-0.23378669850111358,0.2826086956521739,-0.18767249310027592,1.0,0,0.0,0,0
0.2651082481073184,0.5410734282772872,-0.13043478260869565,0.5446182152713893,1.0,1,0.6666666666666666,0,0
-0.2482696536355721,-0.021432916592624418,-0.45652173913043476,0.006439742410303745,0.0,1,-0.6666666666666666,0,0
0.6113103407564823,-0.32867297282459307,0.8043478260869565,-0.28610855565777366,1.0,0,0.0,0,0
-0.05435279880757364,-0.3669714787203086,-0.10869565217391304,-0.38270469181232747,0.0,0,-0.3333333333333333,0,1
-0.03047475686604389,-0.3048237026506563,-0.10869565217391304,-0.28610855565777366,0.0,0,-0.3333333333333333,0,0
1.1693747140685644,0.13444587682763018,0.8695652173913043,0.1517939282428703,1.0,0,1.0,0,1
1.1234338336211096,0.5123767216187248,0.5217391304347826,0.5510579576816929,1.0,1,0.6666666666666666,0,0
0.5438231431059165,-0.30211962141746496,0.6739130434782609,-0.3081876724931002,2.0,0,0.6666666666666666,1,0
-0.24140729918389636,0.222000240528518,-0.4782608695652174,0.19779208831646736,0.0,1,-0.3333333333333333,1,1
-0.28358495299656145,-0.8969560363278886,-0.1956521739130435,-0.9383624655013799,1.0,0,-0.6666666666666666,0,0
0.1398592110506044,0.20091230042015376,-0.13043478260869565,0.2805887764489421,0.0,1,-0.3333333333333333,1,0
1.2792019007983944,0.1700933673434966,0.9347826086956522,0.19227230910763576,2.0,0,1.0,1,0
-0.1678989389176665,0.08713538622553683,-0.391304347826087,0.08463661453541875,0.0,1,-0.6666666666666666,1,1
-0.2963799235548472,-0.9540556087966157,-0.17391304347826086,-0.9337626494940202,2.0,0,-0.6666666666666666,0,0
-0.383996694263662,0.4279669474462714,-0.6086956521739131,0.42686292548298077,0.0,1,0.0,1,1
0.4281518867785305,0.39531576129476065,0.043478260869565216,0.37442502299908026,0.0,1,0.0,1,0
0.7378433021944778,-0.03714472830342181,0.6086956521739131,-0.01103955841766319,2.0,0,0.6666666666666666,0,0
-0.14998302858576468,-0.9336403807849897,0.34782608695652173,-0.9264029438822448,2.0,0,-0.6666666666666666,0,0
-0.11009282625699149,0.5866166225254386,-0.41304347826086957,0.4581416743330268,0.0,1,0.3333333333333333,1,0
1.325496967282065,0.5740318369429098,0.6304347826086957,0.5841766329346827,0.0,1,0.6666666666666666,0,1
-0.33238883723675866,-0.9433446376781306,-0.32608695652173914,-0.9273229070837166,0.0,0,-0.6666666666666666,0,0
0.23901654343944156,0.20843105944854304,-0.043478260869565216,0.19319227230910765,1.0,0,0.6666666666666666,0,0
-0.04000826434084502,0.36119896764620696,-0.32608695652173914,0.37810487580496804,0.0,1,0.0,0,1
-0.3203760275084488,-0.8219024180089138,-0.3695652173913043,-0.7571297148114075,0.0,0,-0.3333333333333333,0,1
1.476808193503638,0.4127631705521425,0.8695652173913043,0.42226310947562107,2.0,1,0.3333333333333333,0,0
0.25477782205103233,0.36823133474940906,-0.08695652173913043,0.3459061637534501,0.0,1,0.3333333333333333,0,1
1.444105016159738,0.7017710662012868,0.6304347826086957,0.7083716651333948,1.0,1,1.0,1,1
0.0789539705730435,-0.4212901494662652,0.13043478260869565,-0.44158233670653163,2.0,0,0.3333333333333333,0,0
-0.013104883339974283,0.25898107549420984,-0.2826086956521739,0.2649494020239192,0.0,1,-0.3333333333333333,1,1
0.6511415120792198,0.17841302636493464,0.34782608695652173,0.15455381784728622,1.0,0,0.6666666666666666,0,0
-0.01930313897374592,0.14468913269644443,-0.2608695652173913,0.24287028518859252,0.0,1,0.0,1,0
-0.39811986245775594,-0.45423955488239165,-0.6086956521739131,-0.45354185832566685,0.0,0,-0.6666666666666666,1,1
-0.28690544708608196,-0.9427340644362796,-0.15217391304347827,-0.9337626494940202,1.0,0,-0.6666666666666666,0,0
-0.3909623529759006,-0.007144305530874806,-0.6086956521739131,-0.007359705611775373,0.0,1,-0.6666666666666666,1,1
0.9542657280736706,-0.023379800044947652,0.8260869565217391,-0.04599816007359706,2.0,0,0.6666666666666666,0,0
1.5712135299065835,0.551810749243871,0.8260869565217391,0.6494940202391907,2.0,1,0.6666666666666666,0,0
-0.3829488939065244,-0.40169434001015164,-0.5869565217391305,-0.4737810487580496,0.0,0,0.0,1,1
0.09323947403373625,0.07429877350832584,-0.13043478260869565,0.08463661453541875,0.0,1,-0.6666666666666666,1,1
-0.22347663110048555,0.00893678362105829,-0.43478260869565216,0.09475620975161005,0.0,1,-0.3333333333333333,0,0
-0.37679491152727973,-0.8618798007859808,-0.5217391304347826,-0.9236430542778289,0.0,0,-0.6666666666666666,0,0
0.31463526217145565,-0.45671488176883573,0.5434782608695652,-0.46274149034038625,2.0,0,0.3333333333333333,0,0
1.2013104883339973,0.47076000332560275,0.6086956521739131,0.4581416743330268,2.0,1,0.3333333333333333,1,1
0.2274169507533833,0.3663953250484639,-0.10869565217391304,0.3587856485740571,0.0,1,0.0,0,1
1.0469886808045927,0.5626128847325669,0.43478260869565216,0.5538178472861087,1.0,1,0.3333333333333333,0,1
-0.3457446023523856,-0.4739670566063555,-0.5217391304347826,-0.42686292548298066,0.0,0,-0.6666666666666666,1,1
-0.3581558713714379,0.3726561949491765,-0.5869565217391305,0.18123275068997258,0.0,1,-0.3333333333333333,1,1
-0.3108277622821387,0.27701468542295,-0.5434782608695652,0.3081876724931003,0.0,1,0.0,0,1
1.2801759123979872,0.21287396636649752,0.8913043478260869,0.16375344986200563,2.0,0,1.0,0,0
-0.3060167352902112,0.022354762467575687,-0.5217391304347826,0.10211591536338568,0.0,1,-0.6666666666666666,0,1
0.9508566874750964,0.3089792563039364,0.5217391304347826,0.2824287028518861,0.0,0,1.0,1,0
0.9265359129882971,0.48164975935568566,0.391304347826087,0.5225390984360627,0.0,1,0.6666666666666666,1,1
-0.23768834580363338,-0.9463565672879954,0.043478260869565216,-0.9245630174793008,1.0,0,-0.6666666666666666,0,0
-0.1902126591992444,-0.2329965448940122,-0.34782608695652173,-0.1573137074517019,0.0,0,0.3333333333333333,0,0
0.0046339339738197625,-0.3682115809092316,-0.021739130434782608,-0.3762649494020239,0.0,0,-0.6666666666666666,0,0
-0.16637889051224156,0.23502460581890566,-0.41304347826086957,0.29622815087396526,0.0,1,-0.3333333333333333,1,1
-0.1921606823984298,-0.9360738382583998,0.1956521739130435,-0.9190432382704692,2.0,0,-0.6666666666666666,0,0
-0.3982379244698278,-0.4616143218820044,-0.6086956521739131,-0.46090156393744247,0.0,0,-0.6666666666666666,0,1
1.666533846903086,0.6406794433679349,0.8260869565217391,0.6209751609935603,1.0,1,0.6666666666666666,1,1
0.7292985640707781,0.07371221438555116,0.5,0.09291628334866628,1.0,0,0.6666666666666666,0,0
1.6030164844084356,0.7329343787548499,0.717391304347826,0.6954921803127878,2.0,1,1.3333333333333333,0,0
-0.016071191393279335,0.24740038669013037,-0.2826086956521739,0.2925482980680774,0.0,1,0.0,1,0
-0.3019140803707147,0.07360939311488363,-0.5217391304347826,0.19595216191352358,0.0,1,-0.3333333333333333,1,1
-0.06214489160431516,0.52230250864965,-0.3695652173913043,0.46642134314627437,1.0,1,0.3333333333333333,1,0
2.090627352016647,0.8740635304332575,0.9347826086956522,0.8555657773689054,2.0,1,1.3333333333333333,0,0
1.7674768672245098,0.6203341091826466,0.9130434782608695,0.6513339466421345,1.0,1,0.6666666666666666,0,0
-0.2767668717994126,-0.9458522779451121,-0.10869565217391304,-0.9236430542778289,1.0,0,-0.6666666666666666,0,0
-0.3137350393294077,-0.8892278950762111,-0.30434782608695654,-0.9337626494940202,2.0,0,-0.6666666666666666,0,0
1.375894688685232,0.3697117917067937,0.8260869565217391,0.3725850965961362,1.0,1,0.3333333333333333,0,1
-0.3718805802747894,-0.056002136903308714,-0.5869565217391305,-0.17295308187672478,0.0,0,0.0,0,0
-0.37456649104942374,-0.8340400553624431,-0.5217391304347826,-0.8334866605335787,0.0,0,-0.6666666666666666,0,0
-0.0011658623692094407,0.4124184803554214,-0.30434782608695654,0.32750689972401126,0.0,1,0.0,1,1
-0.4056463157273358,-0.924380951107698,-0.6086956521739131,-0.9227230910763569,0.0,0,-0.6666666666666666,0,1
0.32961437995307047,-0.16752300372671936,0.2608695652173913,-0.18491260349586014,1.0,0,0.3333333333333333,0,0
0.39624562801611557,-0.12325400922245068,0.30434782608695654,-0.11775528978840832,0.0,0,0.3333333333333333,1,0
-0.3896784285946194,0.07305628558991265,-0.6086956521739131,0.07267709291628341,0.0,1,-0.6666666666666666,1,0
-0.3907705022062839,0.004839690843495592,-0.6086956521739131,0.004599816007359706,0.0,1,-0.6666666666666666,0,0
0.28548870294122,0.37797453653543583,-0.06521739130434782,0.376264949402024,0.0,1,0.0,1,1
0.09911305913431029,0.15329877879592513,-0.15217391304347827,0.1655933762649494,0.0,1,-0.3333333333333333,1,1
1.4785643659332064,0.36615133884564505,0.9130434782608695,0.3716651333946643,2.0,0,1.3333333333333333,0,0
-0.3628045630967666,-0.86130035480744,-0.4782608695652174,-0.936522539098436,2.0,0,-0.6666666666666666,0,0
0.13962308702646065,-0.06706428740272759,-0.021739130434782608,-0.1085556577736889,0.0,0,0.3333333333333333,0,0
-0.10367320435058515,-0.09460443291690618,-0.2826086956521739,-0.012879484820606968,0.0,1,-0.6666666666666666,1,0
-0.373651510455867,-0.958094171677356,-0.4782608695652174,-0.9356025758969642,1.0,0,-0.6666666666666666,0,0
1.7889051224155488,0.6953022511822299,0.8695652173913043,0.7387304507819689,2.0,1,1.0,0,0
-0.40431811809152757,-0.8414148223620558,-0.6086956521739131,-0.8399264029438822,0.0,0,-0.6666666666666666,0,0
-0.3507622378654388,-0.029883170446347158,-0.5652173913043478,0.12971481140754393,0.0,0,0.6666666666666666,1,0
0.18764481043668188,0.48569205818728706,-0.17391304347826086,0.48666053357865696,0.0,1,0.3333333333333333,0,1
1.3207744867991913,0.27150699032224285,0.8695652173913043,0.2769089236430545,0.0,1,0.0,0,0
0.5853662136036955,-0.4196768264440662,0.9130434782608695,-0.4185832566697331,2.0,0,0.6666666666666666,0,0
-0.014270745709183724,-0.9370997521650011,0.8695652173913043,-0.937442502299908,2.0,0,-0.6666666666666666,0,0
1.048243089682856,0.6029832278303081,0.41304347826086957,0.6163753449862006,0.0,1,0.6666666666666666,1,0
0.7881967503431178,0.2977905416578959,0.391304347826087,0.2391904323827047,0.0,1,0.0,0,1
-0.3801596788713272,-0.3145799048272272,-0.5869565217391305,-0.3854645814167433,0.0,0,-0.6666666666666666,1,1
1.0537477309957055,0.7372769666883586,0.34782608695652173,0.7010119595216193,0.0,1,1.0,0,0
0.7943212172193445,0.18022538740536215,0.4782608695652174,0.19595216191352358,0.0,1,-0.3333333333333333,0,0
0.10277298150853738,0.1636904959317432,-0.15217391304347827,0.16283348666053377,0.0,0,0.6666666666666666,1,1
1.425672584525022,0.29716726052258613,0.9347826086956522,0.29990800367985304,2.0,0,1.3333333333333333,0,0
0.5964197694839215,0.404995544832613,0.17391304347826086,0.4158233670653176,0.0,1,0.3333333333333333,1,0
1.455320907306563,0.345701940915381,0.9130434782608695,0.3679852805887765,2.0,0,1.3333333333333333,1,0
-0.3111819483183542,-0.40064080186734985,-0.4782608695652174,-0.3983440662373504,0.0,0,-0.3333333333333333,1,1
0.0853145614734139,-0.8264976800219302,0.8043478260869565,-0.8316467341306348,2.0,0,-0.6666666666666666,0,0
0.7590649488643911,0.13704323455714026,0.4782608695652174,0.11131554737810509,1.0,0,0.6666666666666666,0,0
-0.23200661147267604,-0.9228445413161122,0.021739130434782608,-0.9346826126954922,1.0,0,-0.6666666666666666,0,0
0.44333761308127095,0.2739102338734806,0.10869565217391304,0.2759889604415824,0.0,1,-0.3333333333333333,1,0
0.03550715013060609,-0.8604134896911361,0.7608695652173914,-0.8380864765409384,2.0,0,-0.6666666666666666,0,0
1.5932173374064729,0.6298370118164376,0.782608695652174,0.6034958601655936,1.0,1,0.6666666666666666,0,0
0.9665294195776332,0.5348030002305536,0.391304347826087,0.5593376264949403,0.0,1,0.6666666666666666,0,0
-0.38339162645179387,0.46576262831928616,-0.6086956521739131,0.4645814167433303,0.0,1,0.3333333333333333,1,1
0.45446495771904205,-0.19273633729408599,0.43478260869565216,-0.19503219871205144,0.0,0,0.0,0,1
1.4486946768790308,0.4375844141118112,0.8260869565217391,0.4369825206991721,2.0,1,0.3333333333333333,0,0
-0.18162364782101798,-0.9284465277869718,0.21739130434782608,-0.9383624655013799,1.0,0,-0.6666666666666666,0,0
-0.32785820752350175,-0.923129874563121,-0.32608695652173914,-0.9282428702851886,0.0,0,-0.6666666666666666,0,0
0.9463113000103304,0.6758148581512767,0.30434782608695654,0.6954921803127878,0.0,1,1.0,0,1
1.239488791487729,0.5449096812972719,0.5869565217391305,0.564857405703772,0.0,1,0.3333333333333333,1,0
-0.18349788226265845,-0.27902299250766616,-0.32608695652173914,-0.20699172033118665,1.0,0,0.0,0,0
-0.3905491359336492,0.018667378967769307,-0.6086956521739131,0.018399264029438825,0.0,1,-0.6666666666666666,1,1
-0.1584244624489013,-0.30835744517130403,-0.2826086956521739,-0.2667893284268628,1.0,0,0.0,0,0
1.8180074083912576,0.6928132673198608,0.8913043478260869,0.6568537258509661,0.0,1,0.6666666666666666,1,0
1.3539056389368516,0.23490425371856452,0.9347826086956522,0.2529898804047838,2.0,0,1.0,0,0
0.09101105355588027,0.06824665493799137,-0.13043478260869565,0.09107635694572223,0.0,1,-0.3333333333333333,0,0
-0.27372677498856274,-0.8866730650799168,-0.17391304347826086,-0.8399264029438822,0.0,0,-0.6666666666666666,0,0
-0.4056610734788448,-0.9253027969826497,-0.6086956521739131,-0.9236430542778289,0.0,0,-0.6666666666666666,0,1
-0.39102138398193653,-0.010831689030681184,-0.6086956521739131,-0.01103955841766319,0.0,1,-0.6666666666666666,0,1
0.4534909461194493,0.3918997275887908,0.06521739130434782,0.4204231830726773,0.0,1,0.0,1,1
0.0018594766901314783,0.22244954356000696,-0.2608695652173913,0.19319227230910765,0.0,1,-0.3333333333333333,1,1
-0.37092132642670567,-0.6614244152777596,-0.5434782608695652,-0.6752529898804048,0.0,0,0.0,1,1
0.16143504375673326,-0.3024934811334175,0.15217391304347827,-0.26770929162833484,1.0,0,-0.3333333333333333,1,0
0.15885243724266174,-0.5841276386630695,0.45652173913043476,-0.5639374425022998,2.0,0,0.3333333333333333,0,0
0.008411918360118653,-0.7502096961090339,0.41304347826086957,-0.7516099356025758,0.0,0,-0.3333333333333333,0,0
-0.12505718628709728,-0.9388170575094399,0.45652173913043476,-0.9236430542778289,2.0,0,-0.6666666666666666,0,0
1.3035079175336846,0.19118059173301394,0.9347826086956522,0.16927322907083725,2.0,0,1.0,0,0
-0.3455232360797509,-0.8840041017848188,-0.41304347826086957,-0.8380864765409384,0.0,0,-0.6666666666666666,0,0
-0.2959962220156137,-0.895598874345321,-0.2391304347826087,-0.9328426862925483,0.0,0,-0.6666666666666666,0,0
-0.3880108026741046,0.17722486945944144,-0.6086956521739131,0.17663293468261287,0.0,1,-0.3333333333333333,1,1
-0.40591195525449747,-0.9409741768568266,-0.6086956521739131,-0.939282428702852,0.0,0,-0.6666666666666666,1,1
-0.17204586709168992,0.36589599186619837,-0.43478260869565216,0.4360625574977002,0.0,1,0.3333333333333333,1,0
-0.3600301058130783,0.3141189818897512,-0.5869565217391305,0.3753449862005521,0.0,1,0.0,0,0
0.5112970587801243,0.1444302024580389,0.2391304347826087,0.15639374425023,0.0,1,-0.3333333333333333,0,0
1.6076799338852732,0.5312404056111368,0.8695652173913043,0.5363385464581418,1.0,1,0.3333333333333333,0,0
0.6965806289753694,0.5740919760027856,0.17391304347826086,0.5308187672493102,1.0,1,0.6666666666666666,1,1
0.003571375865173223,0.14398720430146497,-0.2391304347826087,0.18767249310027606,0.0,1,-0.3333333333333333,0,0
-0.16524254364605007,0.10222013690656287,-0.391304347826087,-0.0027598896044156666,0.0,1,-0.6666666666666666,1,0
-0.22642818140228155,0.1491085702734181,-0.45652173913043476,0.2732290708371667,0.0,1,-0.3333333333333333,0,1
-0.3401809300335001,0.19043799366708078,-0.5652173913043478,0.09015639374425034,0.0,1,-0.6666666666666666,1,1
0.5201959829400393,-0.23852762014372175,0.5652173913043478,-0.20055197792088303,1.0,0,0.0,0,0
0.5010109059783652,0.43067661562415954,0.08695652173913043,0.423183072677093,0.0,1,0.3333333333333333,1,0
0.22855329761957474,-0.4275060245087959,0.3695652173913043,-0.46734130634774596,0.0,0,-0.6666666666666666,0,0
-0.12225321350039108,-0.7651998589947353,0.10869565217391304,-0.8141674333026678,2.0,0,-0.6666666666666666,0,0
-0.392142973096619,-0.8915017815677584,-0.5652173913043478,-0.9227230910763569,0.0,0,-0.6666666666666666,1,0
-0.2014875813521052,-0.8592986323361164,0.021739130434782608,-0.9034038638454461,2.0,0,-0.6666666666666666,0,0
0.16477029559776274,-0.20578812422119896,0.08695652173913043,-0.20147194112235506,1.0,0,0.0,1,0
0.8778796062631898,0.4931516935372922,0.34782608695652173,0.4535418583256671,1.0,1,0.3333333333333333,0,0
0.36969643305146027,-0.07669757679597175,0.2391304347826087,-0.15547378104875798,0.0,0,0.3333333333333333,0,0
2.090597836513629,0.9046131997751096,0.9130434782608695,0.8886844526218954,2.0,1,1.3333333333333333,1,0
-0.39556677144670244,-0.29476021851576817,-0.6086956521739131,-0.29438822447102103,0.0,0,-0.3333333333333333,1,1
0.9248535293162734,-0.13732942853792598,0.9347826086956522,-0.1085556577736889,2.0,0,1.3333333333333333,0,0
0.11691090745414033,0.20383269357736197,-0.15217391304347827,0.1803127874885007,0.0,1,-0.3333333333333333,1,0
-0.16202535381709243,-0.9578880446494165,0.3695652173913043,-0.9227230910763569,1.0,0,-0.6666666666666666,0,0
-0.054382314310591644,-0.891093934604901,0.5652173913043478,-0.9080036798528058,2.0,0,-0.6666666666666666,0,0
-0.4055725269697909,-0.9197717217329402,-0.6086956521739131,-0.9181232750689972,0.0,0,-0.6666666666666666,0,0
-0.15941323180000294,0.01597866183249395,-0.3695652173913043,0.10119595216191353,1.0,0,0.3333333333333333,0,0
0.3053526364723071,0.14787448627953137,0.043478260869565216,0.18583256669733228,0.0,1,-0.3333333333333333,1,0
-0.3819748823069317,-0.926593381207582,-0.5217391304347826,-0.8353265869365225,0.0,0,-0.6666666666666666,1,1
1.131890025235755,0.14222224399859335,0.8260869565217391,0.09475620975161005,2.0,0,0.3333333333333333,1,0
-0.39848880624548044,-0.4772857017561812,-0.6086956521739131,-0.4765409383624654,0.0,0,-0.6666666666666666,0,0
0.09501040421481387,-0.5056555085578162,0.2391304347826087,-0.5151793928242869,1.0,0,0.3333333333333333,1,1
0.4808075441625715,0.06282604478252328,0.2608695652173913,0.07727690892364311,0.0,0,0.6666666666666666,0,0
-0.38938327356443975,0.09149320308894428,-0.6086956521739131,0.09107635694572223,0.0,1,-0.6666666666666666,1,1
1.0162335266598783,0.4520253172415765,0.4782608695652174,0.4498620055197793,1.0,1,0.3333333333333333,1,1
0.18823512049704108,-0.40467936474809,0.2826086956521739,-0.40846366145354185,2.0,0,0.6666666666666666,0,0
-0.28265521465149573,-0.9465854126174014,-0.13043478260869565,-0.9328426862925483,1.0,0,-0.6666666666666666,0,0
-0.39078525995779284,0.003917844968544063,-0.6086956521739131,0.0036798528058878174,0.0,1,-0.6666666666666666,1,1
-0.4056610734788448,-0.9253027969826497,-0.6086956521739131,-0.9236430542778289,0.0,0,-0.6666666666666666,0,0
1.3280205427901004,0.6436624206514602,0.5869565217391305,0.6669733210671573,0.0,1,0.6666666666666666,0,0
0.010478003571375866,0.46090757337787447,-0.30434782608695654,0.3799448022079118,0.0,1,0.0,1,0
-0.3192249228907484,-0.8159104198217288,-0.3695652173913043,-0.8270469181232751,2.0,0,-0.6666666666666666,0,0
0.7311875562639277,0.025137371312337058,0.5434782608695652,-0.007359705611775373,2.0,0,0.6666666666666666,0,0
-0.27639792801168817,-0.09024212654436725,-0.4782608695652174,-0.06439742410303588,0.0,0,0.0,1,0
0.398798719027169,0.2372007207782609,0.08695652173913043,0.29070837166513364,0.0,1,-0.3333333333333333,0,1
-0.31085727778515665,-0.9034665728197341,-0.2826086956521739,-0.9236430542778289,0.0,0,-0.6666666666666666,1,0
-0.017045202992872006,-0.12316519350692384,-0.17391304347826086,-0.10119595216191353,1.0,0,0.3333333333333333,0,0
0.2323460397573826,0.044018140528937794,0.021739130434782608,0.0827966881324747,2.0,0,0.3333333333333333,1,0
-0.3679992916279276,-0.38878849776082947,-0.5652173913043478,-0.3652253909843606,0.0,0,-0.3333333333333333,0,0
-0.1700388128864686,0.07498378151026604,-0.391304347826087,0.04691812327506921,0.0,1,-0.3333333333333333,1,0
1.693865202697717,0.8244647530484296,0.717391304347826,0.8224471021159155,1.0,1,1.3333333333333333,0,0
-0.30865837281031866,-0.9395401943846796,-0.2391304347826087,-0.9448022079116836,0.0,0,-0.6666666666666666,1,0
-0.373651510455867,-0.9016420861922257,-0.5,-0.9346826126954922,0.0,0,-0.6666666666666666,0,0
0.968064225734567,0.5767047753569373,0.3695652173913043,0.5657773689052439,1.0,1,0.3333333333333333,1,0
0.1012086598485855,0.22858485392102962,-0.17391304347826086,0.2529898804047838,0.0,1,-0.3333333333333333,1,0
0.030784669647732462,-0.8904217758613201,0.8478260869565217,-0.8500459981600736,2.0,0,-0.6666666666666666,0,0
-0.3968211803249657,-0.3731171178866525,-0.6086956521739131,-0.3725850965961361,0.0,0,-0.6666666666666666,1,0
0.11900650816841549,0.02899205276722706,-0.08695652173913043,0.078196872125115,0.0,1,-0.3333333333333333,1,0
-0.26459172680450405,-0.9141638259936515,-0.10869565217391304,-0.9310027598896045,2.0,0,-0.6666666666666666,0,0
0.36295214061185643,0.31596267363965425,0.021739130434782608,0.2695492180312789,0.0,1,-0.3333333333333333,1,1
-0.35727040628089907,0.400311571197724,-0.5869565217391305,0.18767249310027606,0.0,1,-0.3333333333333333,1,1
1.211390032614631,0.6910545299937277,0.4782608695652174,0.6706531738730452,1.0,1,0.6666666666666666,0,0
1.018535735895279,0.27046068470673723,0.6086956521739131,0.26034958601655944,2.0,0,1.0,1,0
-0.30266672569767267,-0.8431356013286321,-0.30434782608695654,-0.8334866605335787,2.0,0,-0.6666666666666666,0,0
1.3879222561650506,0.26441612513194496,0.9347826086956522,0.24563017479300847,2.0,0,1.3333333333333333,0,0
-0.3641622762355928,0.18506055939652982,-0.5869565217391305,0.10027598896044164,0.0,1,-0.3333333333333333,1,1
0.38069095792565044,0.47073401143063215,-0.021739130434782608,0.4829806807727691,0.0,1,0.3333333333333333,0,0
0.4750815365770872,0.6130990293675822,0.0,0.517939282428703,0.0,1,0.3333333333333333,1,1
1.6529419577633153,0.5455154657293831,0.8913043478260869,0.5657773689052439,2.0,1,1.0,0,0
-0.33095733534038757,-0.9092768610027221,-0.34782608695652173,-0.9227230910763569,1.0,0,-0.6666666666666666,0,0
1.2069922226649548,0.41685792342778705,0.6521739130434783,0.4360625574977002,1.0,1,0.6666666666666666,1,0
-0.0474904443558979,0.4527858748488141,-0.34782608695652173,0.4581416743330268,0.0,1,0.0,1,1
-0.2557961069051519,0.09360027937454787,-0.4782608695652174,0.07451701931922745,0.0,1,-0.6666666666666666,0,1
1.060005017635513,0.18584858893479467,0.717391304347826,0.19595216191352358,2.0,0,1.0,0,0
-0.04020011511046179,-0.19204024959259214,-0.17391304347826086,-0.18583256669733203,1.0,0,0.3333333333333333,1,0
-0.3787281769749561,-0.2698703798920754,-0.5869565217391305,-0.1747930082796687,0.0,0,0.0,1,0
-0.39863638376057026,-0.486504160505697,-0.6086956521739131,-0.4857405703771848,0.0,0,-0.6666666666666666,0,0
-0.32067118253862836,0.12329688577477398,-0.5434782608695652,0.2888684452621896,0.0,1,0.0,1,0
-0.2983722200085595,-0.9245265057195325,-0.21739130434782608,-0.9218031278748849,1.0,0,-0.6666666666666666,0,0
0.34277829429908063,0.27395722993769406,0.021739130434782608,0.2723091076356948,0.0,1,0.0,1,1
-0.03257035758031904,-0.9434232599275935,0.8260869565217391,-0.937442502299908,2.0,0,-0.6666666666666666,0,0
1.8169005770280842,0.6365857903137861,0.9347826086956522,0.5942962281508742,2.0,1,0.6666666666666666,0,0
-0.08397160608609673,-0.9106576228937963,0.5217391304347826,-0.9282428702851886,2.0,0,-0.6666666666666666,0,0
-0.38221100633107546,-0.9295432880074269,-0.5217391304347826,-0.9346826126954922,1.0,0,-0.6666666666666666,1,0
1.5680406133321527,0.4448717830686228,0.9130434782608695,0.46274149034038653,2.0,1,0.6666666666666666,0,0
0.81753516034297,0.23876730007120886,0.45652173913043476,0.25390984360625596,1.0,0,1.0,0,0
1.3220584111804725,0.6370119611250238,0.5869565217391305,0.6044158233670656,2.0,1,0.6666666666666666,1,0
-0.3793627602898423,-0.2896900662035345,-0.5869565217391305,-0.37074517019319214,0.0,0,-0.3333333333333333,0,0
-0.3587019081772701,0.3556020462625723,-0.5869565217391305,0.33486660533578666,0.0,1,0.0,1,1
-0.016646743702129506,-0.26883330328275495,-0.10869565217391304,-0.2870285188592456,0.0,0,-0.3333333333333333,1,1
-0.1570667493100751,-0.9511545617367266,0.3695652173913043,-0.9273229070837166,2.0,0,-0.6666666666666666,0,0
2.116320597393781,0.9272438668179349,0.9130434782608695,0.8445262189512421,2.0,1,1.3333333333333333,1,0
-0.1382358583846165,-0.7079696850156165,0.0,-0.7203311867525298,0.0,0,-0.3333333333333333,1,0
0.09552692551762818,-0.8377007186919609,0.8695652173913043,-0.8445262189512419,2.0,0,-0.6666666666666666,0,0
1.3465857941883976,0.25003770983589885,0.9130434782608695,0.2548298068077279,2.0,0,1.0,0,0
-0.38466079308156614,0.3864838830734502,-0.6086956521739131,0.38546458141674345,0.0,1,0.0,1,1
1.0123522380130163,0.29155021948691856,0.5869565217391305,0.28150873965041423,2.0,0,1.3333333333333333,0,0
-0.046014669204999886,-0.889005115656431,0.5869565217391305,-0.904323827046918,1.0,0,-0.6666666666666666,0,0
-0.3881436224376854,0.16892825658487715,-0.6086956521739131,0.16835326586936536,0.0,1,-0.3333333333333333,1,1
-0.21320523605023536,-0.8541889723435276,-0.021739130434782608,-0.8242870285188593,1.0,0,-0.6666666666666666,0,0
-0.2988001948023199,-0.9259335336339324,-0.21739130434782608,-0.9227230910763569,0.0,0,-0.6666666666666666,0,0
0.8471096943669664,-0.10550246691586006,0.8043478260869565,-0.11959521619135223,0.0,0,0.0,1,0
-0.09558595652366403,-0.13560623951677458,-0.2608695652173913,-0.15455381784728597,1.0,0,0.0,0,0
-0.014374049969746623,-0.8196273496636809,0.5,-0.8206071757129715,2.0,0,-0.6666666666666666,0,0
-0.10309765204173492,-0.2825336311216735,-0.21739130434782608,-0.22355105795768157,1.0,0,0.0,1,0
0.4749044435589795,0.24142119191787528,0.15217391304347827,0.2851885924563018,1.0,0,1.3333333333333333,0,0
-0.2736087129764909,-0.06535228792067467,-0.4782608695652174,-0.004599816007359706,0.0,1,-0.6666666666666666,0,1
1.813122592641785,0.6333081160917361,0.9347826086956522,0.6356945722171116,1.0,1,1.0,0,0
1.7967710039698352,0.7621016798820798,0.8260869565217391,0.7534498620055199,1.0,1,1.0,1,1
0.5751390918079722,0.5160574547320858,0.10869565217391304,0.5427782888684454,1.0,1,0.6666666666666666,1,0
1.1902126591992446,0.45859810687010133,0.6086956521739131,0.4581416743330268,0.0,1,0.3333333333333333,0,1
-0.2383229291185195,0.24952392450921554,-0.4782608695652174,0.2925482980680774,0.0,1,0.0,1,1
-0.3818568202948599,0.5616345993142506,-0.6086956521739131,0.5602575896964123,0.0,1,0.3333333333333333,1,1
-0.3640442142235209,-0.9254180277170186,-0.45652173913043476,-0.9346826126954922,0.0,0,-0.6666666666666666,0,0
1.662888682280368,0.5812204841356856,0.8695652173913043,0.6191352345906166,2.0,1,0.6666666666666666,1,0
1.1329083100898747,0.6327642270255145,0.45652173913043476,0.6264949402023922,1.0,1,0.6666666666666666,0,0
-0.3449476837709007,-0.8804089028725076,-0.41304347826086957,-0.9356025758969642,1.0,0,-0.6666666666666666,0,0
-0.3305293605466271,-0.8747549148394713,-0.3695652173913043,-0.8298068077276909,2.0,0,-0.6666666666666666,0,0
-0.06304511444636293,0.25841315258910563,-0.32608695652173914,0.2934682612695493,0.0,1,0.0,1,1
0.5831230353743304,-0.40914812237047443,0.8913043478260869,-0.3771849126034958,2.0,0,0.6666666666666666,0,0
1.687327518779239,0.7517941187066066,0.7608695652173914,0.7102115915363387,0.0,1,1.0,0,0
1.347176104248757,0.36778158570132674,0.8043478260869565,0.35970561177552923,2.0,0,1.3333333333333333,0,0
1.3592774604861204,0.2612037302930587,0.9130434782608695,0.21435142594296241,2.0,0,1.0,0,0
0.07493986216260094,0.22281014797579704,-0.1956521739130435,0.3606255749770011,0.0,1,0.0,1,0
1.2864922300438306,0.17641825431885874,0.9347826086956522,0.1655933762649494,2.0,0,1.0,0,0
0.9144935877569692,-0.13011335175152886,0.9130434782608695,-0.11591536338546454,2.0,0,0.6666666666666666,0,0
0.7562314605746668,0.6229130908965583,0.1956521739130435,0.566697332106716,0.0,1,0.3333333333333333,0,0
0.36333584215108994,0.4320164846826661,-0.021739130434782608,0.3606255749770011,0.0,1,0.0,1,1
-0.0475642331134428,0.04084590619454585,-0.2608695652173913,0.11223551057957698,0.0,1,-0.3333333333333333,1,1
-0.025250512831864927,-0.5654756237932159,0.08695652173913043,-0.5749770009199632,1.0,0,0.0,1,0
-0.1715145880373666,-0.6447410089539076,-0.13043478260869565,-0.6577736890524378,2.0,0,0.0,0,0
-0.08434054987382122,-0.9443436824687186,0.6304347826086957,-0.9346826126954922,1.0,0,-0.6666666666666666,1,0
1.7575891737134932,0.6388984528619783,0.8913043478260869,0.6274149034038641,2.0,1,0.6666666666666666,0,0
-0.3247738374581249,0.05922859746563893,-0.5434782608695652,0.002759889604415928,0.0,1,-0.6666666666666666,1,0
-0.1373503932940777,-0.9161048236970216,0.34782608695652173,-0.9199632014719411,2.0,0,-0.6666666666666666,0,0
-0.19319372500405838,0.06752521034020321,-0.41304347826086957,-0.006439742410303484,0.0,1,-0.6666666666666666,1,1
-0.18891397706645416,-0.9103996220042658,0.15217391304347827,-0.936522539098436,2.0,0,-0.6666666666666666,0,0
0.7345670813594841,0.02904668067092799,0.5434782608695652,-0.008279668813247262,0.0,0,0.6666666666666666,0,0
0.005799796343029203,-0.1631767399302881,-0.13043478260869565,-0.19595216191352333,2.0,0,0.0,0,0
0.5361933855757737,0.1472086684091885,0.2608695652173913,0.1471941122355106,1.0,0,0.6666666666666666,0,0
-0.3019288381222237,0.07342502393989347,-0.5217391304347826,0.020239190432382863,0.0,1,-0.6666666666666666,0,0
-0.04372721772110798,-0.4457039449291363,-0.043478260869565216,-0.4507819687212511,1.0,0,0.3333333333333333,0,0
-0.38331783769424893,0.47037185769404405,-0.6086956521739131,0.46918123275069,0.0,1,0.3333333333333333,1,0
0.33976771299124864,-0.5962863729868713,0.8260869565217391,-0.6375344986200551,2.0,0,0.0,0,0
1.4918020690367617,0.35453936282339205,0.9347826086956522,0.35326586936522547,2.0,0,1.3333333333333333,0,0
0.02194477649385344,-0.8131997539751449,0.5869565217391305,-0.8353265869365225,2.0,0,-0.6666666666666666,0,0
-0.1124393087469193,-0.8720871487468085,0.32608695652173914,-0.8371665133394663,1.0,0,-0.6666666666666666,1,0
1.5632000708372074,0.5722358268761939,0.8043478260869565,0.5602575896964123,0.0,1,0.3333333333333333,1,0
0.20489662195067962,-0.1641563485263044,0.10869565217391304,-0.1094756209751608,1.0,0,0.3333333333333333,0,1
1.7255058219329702,0.6379073254026357,0.8695652173913043,0.6439742410303588,2.0,1,0.6666666666666666,0,0
-0.3813698144950635,0.5920555131876529,-0.6086956521739131,0.5906163753449865,0.0,1,0.6666666666666666,1,1
-0.1665559835303493,-0.9141254157488617,0.2391304347826087,-0.9328426862925483,2.0,0,-0.6666666666666666,0,0
0.057304349109369726,-0.32044899023108553,0.021739130434782608,-0.29254829806807714,0.0,0,-0.3333333333333333,0,0
-0.16683638080901994,0.0931692864979472,-0.391304347826087,0.002759889604415928,0.0,0,0.3333333333333333,0,0
-0.32233880845914314,-0.925056971415996,-0.30434782608695654,-0.9245630174793008,1.0,0,-0.6666666666666666,0,0
-0.20138427709154233,-0.10301627652583929,-0.391304347826087,-0.018399264029438825,0.0,0,0.3333333333333333,1,0
-0.017089476247398906,-0.9117487818525022,0.7608695652173914,-0.9300827966881325,1.0,0,-0.6666666666666666,0,0
1.1706438806983368,0.07591144711927668,0.9347826086956522,0.07451701931922745,2.0,0,1.0,0,0
1.5762754386741638,0.4278261098820429,0.9347826086956522,0.41766329346826137,2.0,1,0.6666666666666666,0,0
-0.39649650979176815,-0.35283650863771776,-0.6086956521739131,-0.35234590616375333,0.0,0,-0.3333333333333333,0,0
-0.11350186685556587,-0.055387572986674356,-0.30434782608695654,-0.08739650413983442,1.0,0,0.6666666666666666,0,0
1.0190227416950755,0.19260433147321687,0.6739130434782609,0.18767249310027606,1.0,0,0.6666666666666666,0,0
0.4796711972963799,-0.3026288315198193,0.5869565217391305,-0.3247470101195951,1.0,0,0.0,0,0
-0.3638966367084311,-0.9242657203733292,-0.45652173913043476,-0.9107635694572217,2.0,0,-0.6666666666666666,0,0
-0.3473974705213914,0.040177116049972955,-0.5652173913043478,0.17939282428702855,0.0,1,0.0,0,1
0.35099836188958256,-0.324635550136648,0.43478260869565216,-0.33486660533578655,0.0,0,-0.6666666666666666,0,0
-0.36850105517923293,0.04954921577864749,-0.5869565217391305,0.18123275068997258,0.0,1,-0.3333333333333333,1,1
-0.24412272546154867,0.4468647878827789,-0.5,0.5114995400183995,0.0,1,1.0,0,1
1.864405779135491,0.7342173163319718,0.8913043478260869,0.8206071757129717,2.0,1,1.3333333333333333,0,0
-0.002892519295760085,0.830736774310533,-0.3695652173913043,0.7838086476540941,0.0,1,1.0,0,1
1.206210061834979,0.6466039700573838,0.5,0.6274149034038641,1.0,1,1.0,0,0
1.9862900488481576,0.7835433868789841,0.9347826086956522,0.7966881324747013,2.0,1,1.3333333333333333,0,0
-0.16742669086937914,-0.9154851384144154,0.2391304347826087,-0.9153633854645814,2.0,0,-0.6666666666666666,0,0
-0.39068195569722997,0.010370766093205287,-0.6086956521739131,0.010119595216191563,0.0,1,-0.6666666666666666,0,1
-0.3463939434187807,0.06107228921554199,-0.5652173913043478,0.3035878564857406,0.0,1,0.0,1,1
0.6726730715308217,0.3964398185229274,0.2391304347826087,0.39006439742410315,0.0,1,0.0,1,0
-0.39689496908251065,-0.37772634726141047,-0.6086956521739131,-0.3771849126034958,0.0,0,-0.3333333333333333,1,0
-0.24140729918389636,-0.9424184020609174,0.021739130434782608,-0.9300827966881325,1.0,0,-0.6666666666666666,0,0
0.2764864745207421,0.5719753052158817,-0.13043478260869565,0.5427782888684454,0.0,1,0.6666666666666666,1,1
-0.38961939758858344,0.07674366908971902,-0.6086956521739131,0.07635694572217122,0.0,1,-0.6666666666666666,1,1
0.9153052640899632,0.5869644098328066,0.32608695652173914,0.6218951241950325,0.0,1,0.6666666666666666,1,0
1.6371216481456885,0.6720291884007601,0.782608695652174,0.7138914443422266,0.0,1,1.0,1,1
-0.3111524328153362,-0.4003774173316493,-0.4782608695652174,-0.4075436982520698,0.0,0,-0.3333333333333333,1,0
0.11668954118150564,-0.8384700369281827,0.9347826086956522,-0.8325666973321066,2.0,0,-0.6666666666666666,0,0
-0.1434453446672865,0.7970509896300106,-0.45652173913043476,0.5482980680772772,0.0,1,0.3333333333333333,0,0
-0.10365844659907619,-0.09454681754972175,-0.2826086956521739,-0.09475620975160978,0.0,0,0.0,0,1
1.601983441802807,0.6089420535333567,0.8043478260869565,0.5363385464581418,0.0,1,0.3333333333333333,0,1
-0.39049010492761327,0.022354762467575687,-0.6086956521739131,0.02207911683532664,0.0,1,-0.6666666666666666,0,1
-0.3651067723321675,-0.3285612339306594,-0.5652173913043478,-0.26586936522539095,0.0,0,0.0,0,0
1.0727852304422898,0.45268285288601107,0.5217391304347826,0.43330266789328453,0.0,1,0.3333333333333333,1,1
-0.23991676628148934,0.043787679060200105,-0.45652173913043476,-0.1094756209751608,0.0,0,0.3333333333333333,0,0
1.7483950945233984,0.6586288174613301,0.8695652173913043,0.7000919963201475,2.0,1,1.0,0,1
-0.28751051489795015,0.25355370790543236,-0.5217391304347826,0.27506899724011047,0.0,1,0.0,0,0
1.8246926698248256,0.6433459933967643,0.9347826086956522,0.6826126954921805,2.0,1,1.0,0,0
-0.22465725122120395,-0.3985033350583961,-0.34782608695652173,-0.3974241030358785,0.0,0,0.3333333333333333,0,1
-0.3166718318796949,0.1857519438027434,-0.5434782608695652,0.28150873965041423,0.0,1,-0.3333333333333333,1,1
1.0538362775047594,0.39836545212838176,0.5434782608695652,0.38546458141674345,2.0,0,1.3333333333333333,0,0
1.4041557828249287,0.2784998815548163,0.9347826086956522,0.2870285188592458,2.0,0,1.0,0,0
-0.04151355499476096,0.6296975530815092,-0.3695652173913043,0.6688132474701014,0.0,1,0.6666666666666666,1,1
-0.40418529832794675,-0.8331182094874916,-0.6086956521739131,-0.8316467341306348,0.0,0,-0.6666666666666666,1,1
-0.39826743997284575,-0.4634580136319075,-0.6086956521739131,-0.46274149034038625,0.0,0,-0.6666666666666666,1,0
1.3277844187659569,0.7152585072529409,0.5434782608695652,0.735970561177553,1.0,1,1.0,1,1
1.1883236670060948,0.1516002261528162,0.8695652173913043,0.16283348666053377,2.0,1,-0.3333333333333333,0,0
0.36386712120541315,-0.28763511810728826,0.41304347826086957,-0.2732290708371664,2.0,0,0.0,0,0
1.0752497749442895,0.6381286018128371,0.41304347826086957,0.6053357865685375,1.0,1,0.6666666666666666,0,1
-0.19208689364088488,0.4172504891499593,-0.45652173913043476,0.3661453541858327,0.0,1,0.0,1,0
1.5333451395345408,0.41434699923747975,0.9130434782608695,0.3845446182152715,2.0,0,1.3333333333333333,0,0
-0.3843213647968596,-0.4445601731954001,-0.5869565217391305,-0.41490340386384544,0.0,0,-0.3333333333333333,1,1
1.5757146441168224,0.5560072118089493,0.8260869565217391,0.5620975160993563,1.0,1,0.6666666666666666,0,0
0.5948702055754785,0.5523076881088583,0.10869565217391304,0.503219871205152,0.0,1,0.3333333333333333,0,0
-0.35262171455557034,-0.06860069719431372,-0.5652173913043478,-0.009199632014719412,0.0,1,-0.6666666666666666,1,0
-0.23649296793140598,-0.08140411212419676,-0.43478260869565216,-0.08739650413983442,1.0,0,0.3333333333333333,0,0
1.7395994746240462,0.5958078154110471,0.9130434782608695,0.6310947562097519,1.0,1,1.0,0,0
1.131993329496318,0.39479666868266283,0.6086956521739131,0.3698252069917205,2.0,1,0.0,0,0
0.9061997314089226,-0.1535129450092981,0.9347826086956522,-0.12235510579576803,2.0,0,1.3333333333333333,0,0
1.0842520033647673,0.6498437264736803,0.41304347826086957,0.628334866605336,0.0,1,1.0,1,0
-0.29300039845929077,-0.8852025014222559,-0.2391304347826087,-0.9245630174793008,1.0,0,-0.6666666666666666,0,0
0.9023774737680968,0.6119931100180013,0.30434782608695654,0.6246550137994481,1.0,1,0.6666666666666666,0,0
1.5626687917828839,0.4160213613166906,0.9347826086956522,0.4213431462741492,2.0,0,1.3333333333333333,0,0
0.37382860347397473,0.1049784913168073,0.13043478260869565,0.05703771849126051,1.0,0,0.3333333333333333,0,0
-0.3900473723823439,-0.9601024787620718,-0.5434782608695652,-0.9135234590616375,0.0,0,-0.6666666666666666,0,0
-0.05398385501984914,-0.8409068664717764,0.43478260869565216,-0.8298068077276909,2.0,0,-0.6666666666666666,0,0
1.6635232655952539,0.5288766113916755,0.9130434782608695,0.5547378104875806,2.0,1,0.6666666666666666,0,0
-0.11049128554773394,0.4131336092765961,-0.391304347826087,0.3725850965961362,0.0,1,0.0,1,0
1.2405661073478844,0.34134270014923396,0.7391304347826086,0.3505059797608098,2.0,0,1.3333333333333333,0,0
1.4252298519797524,0.4684005257460709,0.782608695652174,0.46182152713891467,0.0,1,0.3333333333333333,0,0
-0.10917784566343469,-0.9112681638660398,0.43478260869565216,-0.9181232750689972,2.0,0,-0.6666666666666666,0,0
0.45414028718584437,0.5679921570725373,0.0,0.5197792088316467,0.0,1,0.3333333333333333,0,1
-0.04021487286197075,0.2498048680139626,-0.30434782608695654,0.23367065317387312,0.0,1,0.0,1,1
-0.38714009533507476,-0.9147015694207065,-0.5434782608695652,-0.9273229070837166,0.0,0,-0.6666666666666666,1,0
1.887531175750063,0.6978629341682068,0.9347826086956522,0.7138914443422266,1.0,1,1.0,0,0
0.1984770000442733,0.16892825658487715,-0.06521739130434782,0.2824287028518861,0.0,1,0.0,0,0
0.6074290521096206,0.5218898728770526,0.13043478260869565,0.5832566697332108,0.0,1,0.3333333333333333,0,0
1.2025796549637697,0.4721508585053542,0.6086956521739131,0.4480220791168355,1.0,1,0.3333333333333333,1,0
0.12030519030120576,-0.1101605820567141,-0.021739130434782608,-0.1094756209751608,0.0,0,0.0,1,0
-0.19509747494871682,-0.755830651331551,-0.08695652173913043,-0.8012879484820608,1.0,0,-0.6666666666666666,0,0
0.48018771859919424,-0.11156786804666682,0.391304347826087,-0.07911683532658689,1.0,0,0.3333333333333333,0,0
0.676879030710881,-0.10395429513543913,0.6086956521739131,-0.09475620975160978,0.0,0,0.3333333333333333,0,0
-0.0010035271026106061,0.3062256765854784,-0.2826086956521739,0.27046918123275077,0.0,1,-0.3333333333333333,0,0
-0.33063266480718995,-0.28517302141627165,-0.5217391304347826,-0.26770929162833484,0.0,0,0.0,0,0
-0.053275482947418136,0.019860355982412495,-0.2608695652173913,0.0009199632014721504,0.0,1,-0.6666666666666666,0,1
1.2148876197222591,0.5174683049839811,0.5869565217391305,0.6329346826126957,1.0,1,0.6666666666666666,0,1
-0.021162615663877466,-0.9580667357882204,0.9347826086956522,-0.9273229070837166,2.0,0,-0.6666666666666666,0,0
0.1709537934800254,0.436044073207752,-0.17391304347826086,0.439742410303588,0.0,1,0.0,1,1
0.23664054544649585,-0.45320247827307114,0.41304347826086957,-0.4664213431462741,1.0,0,0.3333333333333333,0,0
1.9034547896282523,0.8298239661402379,0.8478260869565217,0.8196872125114998,2.0,1,1.3333333333333333,0,0
0.5363999940968995,0.6771111592498521,0.021739130434782608,0.6632934682612698,0.0,1,0.6666666666666666,0,0
-0.37319402015908854,-0.49695174708848167,-0.5652173913043478,-0.44618215271389133,0.0,0,-0.6666666666666666,0,0
-0.2072578621921164,-0.385035268127098,-0.32608695652173914,-0.5639374425022998,2.0,0,0.3333333333333333,0,0
-0.3863726922566078,-0.9027175730463359,-0.5434782608695652,-0.9254829806807728,0.0,0,-0.6666666666666666,0,0
1.610026416375201,0.48181053679027414,0.9130434782608695,0.46734130634774623,2.0,1,0.3333333333333333,0,0
-0.35141157893183395,-0.8267805190971995,-0.45652173913043476,-0.8454461821527139,1.0,0,-0.6666666666666666,0,0
0.21329378255928924,-0.6568945250971574,0.6956521739130435,-0.6761729530818766,0.0,0,0.0,0,0
1.5263352075677752,0.38449935375931843,0.9347826086956522,0.3698252069917205,2.0,1,0.3333333333333333,0,0
-0.2862413482681779,0.26940945695459956,-0.5217391304347826,0.25114995400184004,0.0,1,-0.3333333333333333,1,0
0.5644249642124526,-0.052559324758081324,0.43478260869565216,-0.05427782888684432,2.0,0,0.6666666666666666,0,0
-0.361756762739629,-0.9075572638898318,-0.45652173913043476,-0.9319227230910763,0.0,0,-0.6666666666666666,0,0
-0.3366981006773808,0.26295653582993855,-0.5652173913043478,0.18399264029438825,0.0,1,-0.3333333333333333,1,0
-0.3533448443795103,-0.8924236274427099,-0.43478260869565216,-0.9337626494940202,2.0,0,-0.6666666666666666,0,0
0.721255589498384,-0.2406189719794328,0.8260869565217391,-0.29714811407543684,2.0,0,0.0,0,0
0.19793096323844106,-0.46908928952019874,0.3695652173913043,-0.46274149034038625,0.0,0,-0.6666666666666666,0,0
1.0831894452561208,0.09681789493381388,0.8260869565217391,0.08739650413983442,1.0,0,0.6666666666666666,0,0
-0.07511695518070867,-0.9146429065013915,0.5652173913043478,-0.9319227230910763,1.0,0,-0.6666666666666666,1,0
0.31076873127610277,0.07057009519989162,0.08695652173913043,0.04415823367065328,0.0,0,0.6666666666666666,0,0
-0.03856200469296494,-0.9209612002812647,0.717391304347826,-0.9254829806807728,2.0,0,-0.6666666666666666,0,0
-0.39804607370021106,-0.44963032550763377,-0.6086956521739131,-0.44894204231830714,0.0,0,-0.6666666666666666,0,1
0.13093077138767142,-0.6051777070198721,0.43478260869565216,-0.5731370745170192,0.0,0,0.0,1,0
-0.39840025973642657,-0.47175462650647176,-0.6086956521739131,-0.4710211591536338,0.0,0,-0.6666666666666666,1,0
-0.061849736574135554,0.2637466894370397,-0.32608695652173914,0.22631094756209774,0.0,1,0.0,1,0
0.10311240979324394,0.4894233391097103,-0.2391304347826087,0.43330266789328453,0.0,1,0.3333333333333333,0,0
-0.39090332196986466,-0.0034569220310684294,-0.6086956521739131,-0.003679852805887556,0.0,1,-0.6666666666666666,1,1
-0.3863579345050988,0.2804716074540184,-0.6086956521739131,0.27966881324747017,0.0,1,0.0,0,1
2.10591638257995,0.8873278683006162,0.9347826086956522,0.8610855565777372,2.0,1,1.3333333333333333,0,0
1.5214946650728296,0.5899381484436235,0.7608695652173914,0.5317387304507821,2.0,1,0.6666666666666666,0,0
1.892519295760098,0.7891034089798395,0.8695652173913043,0.7764489420423184,2.0,1,1.3333333333333333,0,0
-0.404022963061348,-0.8229779048630241,-0.6086956521739131,-0.8215271389144434,0.0,0,-0.6666666666666666,1,0
1.444119773911247,0.3358472786747016,0.9130434782608695,0.3670653173873046,2.0,0,1.3333333333333333,0,0
0.5481914375525745,-0.3884113789938039,0.8043478260869565,-0.3854645814167433,1.0,0,-0.3333333333333333,0,0
-0.39667360280987596,-0.8303526718626368,-0.5869565217391305,-0.937442502299908,0.0,0,-0.6666666666666666,0,0
1.921370699960154,0.7557285990980703,0.9130434782608695,0.724011039558418,2.0,1,1.3333333333333333,0,0
-0.19616003305736338,-0.07334960018648841,-0.391304347826087,-0.1674333026678932,1.0,0,0.0,1,0
0.3717477605112086,-0.2556896444114373,0.391304347826087,-0.27690892364305425,0.0,0,0.0,1,0
0.3016484408435532,-0.02384288509428338,0.13043478260869565,-0.000919963201471889,0.0,1,-0.6666666666666666,1,1
0.6275586251678694,0.7316863555592252,0.06521739130434782,0.6623735050597976,0.0,1,0.6666666666666666,0,1
1.3504523250837503,0.5376512424675938,0.6739130434782609,0.6145354185832569,0.0,1,0.6666666666666666,0,0
-0.34466728649223005,-0.9166709674262847,-0.391304347826087,-0.9356025758969642,1.0,0,-0.6666666666666666,0,0
-0.09202933840999984,-0.6084421183096372,0.0,-0.5676172953081876,1.0,0,0.3333333333333333,0,0
-0.244624489012854,-0.8001073476797016,-0.17391304347826086,-0.8150873965041399,0.0,0,-0.6666666666666666,1,0
0.878440400820531,0.38200908955545626,0.41304347826086957,0.38086476540938374,0.0,1,0.0,0,0
-0.38502973686929065,-0.743391877658871,-0.5652173913043478,-0.7488500459981601,0.0,0,-0.3333333333333333,0,0
0.22870087513466453,-0.3666427584858297,0.30434782608695654,-0.37074517019319214,0.0,0,-0.3333333333333333,0,0
-0.24909608772007497,0.7334666704052255,-0.5217391304347826,0.6430542778288869,0.0,1,0.6666666666666666,1,0
-0.3952421009135048,-0.27447960926683335,-0.6086956521739131,-0.27414903403863833,0.0,0,-0.3333333333333333,1,0
1.4481191245701805,0.3393658734931786,0.9130434782608695,0.2778288868445264,1.0,0,1.0,1,0
-0.36436888475671847,-0.9279531038731355,-0.45652173913043476,-0.9300827966881325,1.0,0,-0.6666666666666666,1,0
-0.28274376116054956,-0.290611912078486,-0.45652173913043476,-0.20423183072677084,0.0,0,-0.3333333333333333,1,0
0.11416596567346998,0.3453234647568621,-0.1956521739130435,0.37442502299908026,0.0,1,0.0,0,0
0.6116940422957158,0.6401870417495188,0.08695652173913043,0.613615455381785,1.0,1,0.6666666666666666,0,1
1.2272398577352754,0.14503816630444175,0.9130434782608695,0.16007359705611782,1.0,1,-0.3333333333333333,0,0
0.4253036407372973,0.3895765272990943,0.043478260869565216,0.37442502299908026,1.0,1,0.0,1,0
0.6483670547955314,0.4456033145802136,0.1956521739130435,0.4535418583256671,1.0,1,0.3333333333333333,0,0
-0.385531500420596,0.3320949764513069,-0.6086956521739131,0.3311867525298988,0.0,1,0.0,1,1
-0.39279231416301413,-0.7091299393065039,-0.5869565217391305,-0.7378104875804967,0.0,0,-0.3333333333333333,0,0
-0.22945352046162248,-0.34861138171085637,-0.3695652173913043,-0.3771849126034958,0.0,0,0.3333333333333333,0,0
-0.15474978232316525,0.48594081024878194,-0.43478260869565216,0.4167433302667895,0.0,1,0.6666666666666666,0,0
-0.23414648544147815,-0.28906153492515846,-0.391304347826087,-0.29070837166513336,0.0,0,0.0,1,0
-0.3786543882174112,-0.9537263781269901,-0.5,-0.9319227230910763,0.0,0,-0.6666666666666666,0,0
1.372928380631927,0.27321369415686453,0.9130434782608695,0.26586936522539106,1.0,0,1.3333333333333333,0,0
0.746520860081758,0.42564038404758414,0.2826086956521739,0.4434222631094758,1.0,1,0.3333333333333333,0,0
-0.18218444237835923,0.49457031191152306,-0.45652173913043476,0.4388224471021161,0.0,1,0.3333333333333333,1,1
-0.26035625212142677,0.5927929898876143,-0.5217391304347826,0.47654093836246564,0.0,1,0.3333333333333333,1,1
-0.3698587683180591,0.007144305530874544,-0.5869565217391305,0.006439742410303745,0.0,1,-0.6666666666666666,1,1
-0.14828588716223196,-0.9312845524378911,0.34782608695652173,-0.9107635694572217,2.0,0,-0.6666666666666666,0,0
0.08485707117663553,-0.1892417889007747,-0.021739130434782608,-0.19043238270469173,1.0,0,1.0,0,0
0.5915939847404851,0.16052445232950455,0.30434782608695654,0.18583256669733228,0.0,1,-0.3333333333333333,1,0
1.0596951048538246,0.23494778532932642,0.6739130434782609,0.268629254829807,2.0,0,1.0,1,0
0.014979117781614794,-0.6623572355083654,0.2826086956521739,-0.6770929162833487,1.0,0,0.0,0,1
-0.32142382786558643,-0.4920352357554066,-0.4782608695652174,-0.3808647654093836,2.0,0,0.6666666666666666,0,0
-0.261699207508744,-0.9222422686778103,-0.08695652173913043,-0.9227230910763569,1.0,0,-0.6666666666666666,0,0
0.6628886822803677,0.3811602231456047,0.2391304347826087,0.4452621895124196,0.0,1,0.0,0,1
0.37747376809669275,0.528755429774311,-0.043478260869565216,0.5547378104875806,1.0,1,0.3333333333333333,0,0
-0.29655701657295497,-0.5781356404758842,-0.41304347826086957,-0.6366145354185833,0.0,0,0.0,1,0
0.29707353787576934,0.34274741767296996,-0.043478260869565216,0.29622815087396526,0.0,1,0.0,0,0
-0.21930018742344418,-0.2047545394523139,-0.391304347826087,-0.30450781968721247,1.0,0,0.0,0,0
-0.36553474712592793,-0.5773059791884279,-0.5434782608695652,-0.5850965961361546,0.0,0,0.0,0,0
0.4137483213057659,-0.5386291221114151,0.8478260869565217,-0.5602575896964122,0.0,0,0.0,0,0
-0.39093283747288265,-0.005300613780971749,-0.6086956521739131,-0.005519779208831595,0.0,1,-0.6666666666666666,1,0
-0.29146559230235686,-0.8798762808114244,-0.2391304347826087,-0.9245630174793008,1.0,0,-0.6666666666666666,0,0
1.4965688227741623,0.7943279054336077,0.6086956521739131,0.7838086476540941,2.0,1,1.0,0,1
-0.26071043815764233,-0.93427306645814,-0.06521739130434782,-0.9208831646734131,0.0,0,-0.6666666666666666,1,0
-0.220923540089432,-0.5961495933969969,-0.2608695652173913,-0.6384544618215271,0.0,0,0.0,0,0
-0.401012381753516,-0.6349213463729017,-0.6086956521739131,-0.6338546458141674,0.0,0,-0.3333333333333333,1,1
0.7032363749059195,0.5357986557136339,0.1956521739130435,0.5317387304507821,0.0,1,0.3333333333333333,0,1
1.035580938888151,0.23537928211316653,0.6521739130434783,0.23183072677092934,1.0,1,0.3333333333333333,0,0
0.07653369932557075,-0.2804101510623553,0.021739130434782608,-0.27046918123275066,2.0,0,0.0,0,0
-0.39758858340343267,-0.8589298939861358,-0.5869565217391305,-0.8445262189512419,0.0,0,-0.6666666666666666,0,1
-0.026047431413349864,-0.8151237780084367,0.45652173913043476,-0.8307267709291628,1.0,0,-0.6666666666666666,1,0
-0.2747745753457003,-0.34710057874913014,-0.43478260869565216,-0.35970561177552896,1.0,0,0.6666666666666666,0,0
-0.3937072947565709,-0.9240736691493808,-0.5652173913043478,-0.9328426862925483,0.0,0,-0.6666666666666666,0,0
-0.16814982069331916,-0.2105430132255487,-0.32608695652173914,-0.19411223551057954,0.0,0,0.0,0,0
0.2066380366287393,-0.05103606396405322,0.043478260869565216,0.05887764489420429,0.0,1,-0.3333333333333333,0,0
-0.28206490459113653,-0.14081195739885422,-0.4782608695652174,-0.1646734130634774,0.0,0,0.3333333333333333,1,0
-0.1615235902657871,0.6558933400280498,-0.45652173913043476,0.6071757129714812,0.0,1,0.6666666666666666,0,1
-0.31428107613524003,-0.9391847113348617,-0.2608695652173913,-0.9282428702851886,1.0,0,-0.6666666666666666,0,0
-0.21251162172931334,-0.9081622252452688,0.06521739130434782,-0.936522539098436,0.0,0,-0.6666666666666666,0,0
-0.3636309971812695,0.20165378514565838,-0.5869565217391305,0.205151793928243,0.0,1,-0.3333333333333333,0,0
-0.2501734035802305,0.143775033425484,-0.4782608695652174,0.26586936522539106,0.0,1,-0.3333333333333333,1,1
1.916353064447101,0.7228680035262681,0.9347826086956522,0.721251149954002,2.0,1,1.0,0,0
0.5289473295848646,0.5984192234211897,0.043478260869565216,0.5446182152713893,0.0,1,0.3333333333333333,1,1
0.17054057643777393,0.05001013871612312,-0.043478260869565216,0.07451701931922745,0.0,1,-0.3333333333333333,0,0
0.03919658800785111,0.26761697886441577,-0.2391304347826087,0.361545538178473,0.0,1,0.0,0,1
-0.2668201472823601,-0.004773844709570651,-0.4782608695652174,0.08371665133394686,0.0,1,-0.3333333333333333,1,0
0.040391965880078554,0.7199287052702222,-0.32608695652173914,0.6347746090156394,0.0,1,0.6666666666666666,1,1
-0.2099437729667508,-0.1516226953869226,-0.391304347826087,-0.19687212511499536,0.0,0,0.0,0,0
1.9670016676259208,0.766809323565627,0.9347826086956522,0.737810487580497,2.0,1,1.0,0,0
0.4288159855964346,0.5780961327955291,-0.021739130434782608,0.6577736890524379,1.0,1,0.6666666666666666,1,1
-0.07693215861631318,0.09690136555532694,-0.30434782608695654,0.07083716651333963,0.0,1,-0.6666666666666666,0,1
-0.32470004870058,0.06038090480932841,-0.5434782608695652,0.07543698252069933,0.0,1,-0.6666666666666666,1,0
0.0958073227962988,-0.8503865899619366,0.9130434782608695,-0.8426862925482981,2.0,0,-0.6666666666666666,1,0
-0.2753353699030416,0.40565827727244325,-0.5217391304347826,0.3495860165593377,0.0,1,0.3333333333333333,1,1
-0.06909579256504476,-0.841591346040238,0.391304347826087,-0.8426862925482981,2.0,0,-0.6666666666666666,0,0
1.12313867859093,0.3850930278936988,0.6086956521739131,0.37350505979760834,1.0,1,0.3333333333333333,1,0
1.1123655199893745,0.6071000378668628,0.45652173913043476,0.6384544618215272,2.0,1,0.6666666666666666,0,0
-0.3637047859388144,-0.9227677208265328,-0.45652173913043476,-0.9181232750689972,0.0,0,-0.6666666666666666,0,0
-0.15088325142781245,-0.9575097872387704,0.41304347826086957,-0.9346826126954922,2.0,0,-0.6666666666666666,0,0
-0.015657974351027865,-0.943476329945981,0.8913043478260869,-0.9319227230910763,1.0,0,-0.6666666666666666,0,0
-0.3908147754608108,0.002074153218641005,-0.6086956521739131,0.0018399264029440392,0.0,0,0.6666666666666666,0,0
-0.2169684626850253,0.22297147100391368,-0.45652173913043476,0.28150873965041423,0.0,1,-0.3333333333333333,0,0
-0.38883723675860743,0.12560150046215293,-0.6086956521739131,0.12511499540018423,0.0,1,-0.6666666666666666,1,1
-0.4012042325231328,-0.6469053427472722,-0.6086956521739131,-0.6458141674333027,0.0,0,-0.3333333333333333,0,1
-0.05593187821903455,-0.9265165607180027,0.6739130434782609,-0.9162833486660534,2.0,0,-0.6666666666666666,0,0
1.0399344755833,0.5536201841565083,0.43478260869565216,0.5078196872125117,1.0,1,0.3333333333333333,1,0
-0.3522822862708638,-0.3703515802617978,-0.5434782608695652,-0.40110395584176634,0.0,0,0.3333333333333333,1,1
-0.23472203775032838,-0.9157982481340111,0.0,-0.9264029438822448,1.0,0,-0.6666666666666666,0,0
0.09993949321881324,-0.8198821537904256,0.8260869565217391,-0.8298068077276909,2.0,0,-0.6666666666666666,0,0
1.108292380572896,0.4945311769451337,0.5217391304347826,0.5160993560257592,0.0,1,0.3333333333333333,0,1
0.9688611443160522,-0.009772254219169682,0.8260869565217391,0.010119595216191563,2.0,0,0.6666666666666666,0,0
-0.3763964522365373,-0.9302193083157247,-0.5,-0.9291628334866605,0.0,0,-0.6666666666666666,0,0
1.0196278095069438,0.6053732440194004,0.391304347826087,0.6623735050597976,0.0,1,0.6666666666666666,1,0
1.1893862251147416,0.5901074615273779,0.5217391304347826,0.5363385464581418,2.0,1,1.0,0,0
1.3235784595858975,0.27404540649964565,0.8695652173913043,0.2640294388224473,2.0,0,1.3333333333333333,0,0
-0.33933973819748825,0.20795306529116062,-0.5652173913043478,0.2888684452621896,0.0,1,0.0,0,0
-0.34645297442481665,-0.2793193001103292,-0.5434782608695652,-0.47470101195952163,0.0,0,-0.6666666666666666,0,0
0.8461061672643556,0.10611104482031937,0.5869565217391305,0.10119595216191353,2.0,0,0.6666666666666666,0,0
1.2338070571567716,0.44524765147502476,0.6521739130434783,0.4323827046918124,0.0,1,0.0,0,1
0.03164061923525333,-0.8429109328804198,0.6956521739130435,-0.8344066237350506,2.0,0,-0.6666666666666666,0,0
-0.3851182833783445,-0.4694500118190928,-0.5869565217391305,-0.4664213431462741,0.0,0,-0.6666666666666666,1,0
0.9287495757146441,0.5233178751206111,0.3695652173913043,0.5584176632934684,0.0,1,0.6666666666666666,1,1
-0.3361963371260755,-0.9042539828379218,-0.3695652173913043,-0.9172033118675252,0.0,0,-0.6666666666666666,0,0
-0.09520225498443056,0.1149344267662845,-0.32608695652173914,0.18583256669733228,0.0,1,-0.3333333333333333,1,1
0.3290093121412022,0.3554374309277596,-0.021739130434782608,0.3698252069917205,1.0,1,0.0,1,0
0.01363616239429762,-0.19001548097439477,-0.10869565217391304,-0.18215271389144422,0.0,0,0.3333333333333333,0,0
0.0947742801906702,-0.27644224887156904,0.043478260869565216,-0.27782888684452617,0.0,0,0.0,1,1
1.1625566328714159,0.14923057928627947,0.8478260869565217,0.14903403863845463,1.0,0,1.0,1,0
0.7381236994731484,0.5446868174593716,0.21739130434782608,0.5556577736890526,2.0,1,0.3333333333333333,0,0
-0.15485308658372812,-0.9149430052450985,0.2826086956521739,-0.9199632014719411,0.0,0,-0.6666666666666666,0,0
-0.20297811425451218,-0.2943347511888675,-0.34782608695652173,-0.29254829806807714,0.0,0,0.6666666666666666,1,1
-0.2604152831274627,0.27724514689168794,-0.5,0.3753449862005521,0.0,1,0.0,1,0
0.36643496996797575,0.09178292607821495,0.13043478260869565,0.09199632014719412,0.0,1,-0.6666666666666666,0,1
-0.17113088649813316,-0.9015046179477155,0.1956521739130435,-0.9218031278748849,1.0,0,-0.6666666666666666,0,0
-0.2969112026091705,-0.898774121247932,-0.2391304347826087,-0.9254829806807728,2.0,0,-0.6666666666666666,0,0
-0.38402620976667995,-0.8660741995170107,-0.5434782608695652,-0.9337626494940202,0.0,0,-0.6666666666666666,0,0
-0.0013872286418441422,-0.3477492851055777,-0.043478260869565216,-0.30450781968721247,0.0,0,0.0,1,0
0.44273254526940287,0.004817206797765348,0.2608695652173913,-0.0027598896044156666,1.0,0,0.6666666666666666,0,0
0.7765676421540415,0.18758641709389715,0.45652173913043476,0.09475620975161005,1.0,0,0.6666666666666666,1,0
-0.011850474461710975,-0.9499877809674642,0.9347826086956522,-0.9199632014719411,2.0,0,-0.6666666666666666,1,0
0.13631735068844916,-0.8078596325138183,0.8913043478260869,-0.8150873965041399,1.0,0,-0.6666666666666666,0,0
-0.13829488939065243,-0.9087933754039713,0.32608695652173914,-0.9153633854645814,1.0,0,-0.6666666666666666,0,0
-0.3557651156269831,0.4473257108202545,-0.5869565217391305,0.09843606255749787,0.0,1,-0.3333333333333333,1,1
-0.21028320125145733,-0.9269295838207995,0.10869565217391304,-0.9245630174793008,1.0,0,-0.6666666666666666,0,0
0.11338380484349408,-0.8413380018724765,0.9347826086956522,-0.8472861085556578,2.0,0,-0.6666666666666666,0,0
0.12445211847522915,-0.8251851414650209,0.9130434782608695,-0.84360625574977,2.0,0,-0.6666666666666666,1,0
1.6749162497601866,0.739680487756071,0.7608695652173914,0.7387304507819689,2.0,1,1.0,0,0
0.1318309942297192,-0.8253337332101226,0.9347826086956522,-0.8298068077276909,2.0,0,-0.6666666666666666,0,0
-0.3896931863461283,0.07213443971496113,-0.6086956521739131,0.07175712971481152,0.0,1,-0.6666666666666666,0,1
0.37252992134118446,0.3922056850559083,0.0,0.3633854645814168,1.0,1,0.3333333333333333,0,0
0.08704121839996462,0.057465066226601226,-0.13043478260869565,-0.029438822447102015,1.0,0,0.6666666666666666,0,0
-0.1002936792550287,-0.9228386320476829,0.5,-0.9411223551057957,2.0,0,-0.6666666666666666,0,0
0.23405793893242435,0.3164604704121284,-0.08695652173913043,0.3560257589696414,0.0,1,0.0,1,1
1.7530733017517452,0.8159632339083144,0.7608695652173914,0.8233670653173873,2.0,1,1.3333333333333333,0,0
0.05509068638302271,0.5252216872536634,-0.2826086956521739,0.47930082796688156,0.0,1,0.0,1,1
-0.3910951727394814,-0.01544091840543909,-0.6086956521739131,-0.015639374425022896,0.0,1,-0.6666666666666666,0,1
0.29819512699045175,0.5506108590596214,-0.10869565217391304,0.5390984360625578,0.0,1,0.3333333333333333,0,0
-0.361004117412671,0.2836980680163489,-0.5869565217391305,0.38822447102115937,0.0,1,0.0,1,0
0.42646950310650666,0.2429199446067259,0.10869565217391304,0.2649494020239192,2.0,0,1.3333333333333333,0,0
0.513038473458184,0.3075892402755107,0.15217391304347827,0.2741490340386386,0.0,1,-0.3333333333333333,0,1
0.7520255013946074,0.07463907756388619,0.5217391304347826,0.15455381784728622,1.0,0,0.6666666666666666,0,0
-0.1538200439780995,-0.9541938389784727,0.391304347826087,-0.9218031278748849,2.0,0,-0.6666666666666666,0,0
0.03987544457726425,-0.9051118116382241,0.9347826086956522,-0.9282428702851886,2.0,0,-0.6666666666666666,0,0
1.6519974616667406,0.49352043188727274,0.9347826086956522,0.5041398344066239,2.0,1,0.6666666666666666,0,0
-0.4058824397514795,-0.9391304851069234,-0.6086956521739131,-0.937442502299908,0.0,0,-0.6666666666666666,0,1
-0.1745104115936896,0.34879062951987433,-0.43478260869565216,0.23827046918123282,0.0,1,-0.3333333333333333,1,1
-0.21110963533596022,0.2687180725483857,-0.45652173913043476,0.17939282428702855,0.0,1,-0.3333333333333333,0,1
0.41231681940939485,-0.15310323573154191,0.34782608695652173,-0.14075436982520684,1.0,0,0.3333333333333333,0,1
-0.20057260075854844,0.5863927456700931,-0.4782608695652174,0.5528978840846369,0.0,1,0.6666666666666666,1,0
0.0847242514130547,-0.8601373822448752,0.9130434782608695,-0.8445262189512419,2.0,0,-0.6666666666666666,0,0
0.7737931848703531,0.5092018046706631,0.2608695652173913,0.5657773689052439,1.0,1,0.6666666666666666,0,0
0.5569870574519267,-0.39376921726429914,0.8260869565217391,-0.35786568537258506,2.0,0,0.3333333333333333,0,0
1.748070423990201,0.6583348955881574,0.8695652173913043,0.6780128794848208,1.0,1,1.0,0,0
1.4993580378093594,0.4084633225776529,0.8913043478260869,0.4020239190432385,2.0,0,1.3333333333333333,0,0
-0.21198034267499002,-0.7980143185693354,-0.08695652173913043,-0.828886844526219,1.0,0,-0.6666666666666666,0,1
1.9980667345523238,0.7937605119930309,0.9347826086956522,0.7920883164673416,2.0,1,1.3333333333333333,0,0
-0.020277150573338662,-0.5778482414678111,0.10869565217391304,-0.5482980680772769,2.0,0,0.0,1,0
0.07682885435575035,-0.8274169473070218,0.782608695652174,-0.8160073597056118,2.0,0,-0.6666666666666666,0,0
1.8894054101917033,0.7565259865057999,0.8913043478260869,0.7654093836246553,2.0,1,1.3333333333333333,0,0
0.7549770516964035,-0.28470953779581,0.9347826086956522,-0.30450781968721247,2.0,0,0.6666666666666666,0,0
0.32484762621566987,0.01756116391782763,0.13043478260869565,0.03219871205151794,1.0,0,0.3333333333333333,0,0
-0.048493971458508575,0.4479639118106058,-0.34782608695652173,0.5114995400183995,0.0,1,0.3333333333333333,0,1
-0.15283127462699783,0.05024060018486107,-0.3695652173913043,0.15639374425023,1.0,0,0.6666666666666666,1,0
0.8467702660822597,-0.028986105374485704,0.717391304347826,0.007359705611775635,1.0,0,0.6666666666666666,0,0
0.17662077005947377,0.1729475045996661,-0.08695652173913043,0.10671573137074539,0.0,0,0.6666666666666666,0,0
0.17341833798202505,-0.5940410273798565,0.5,-0.5749770009199632,2.0,0,0.3333333333333333,0,0
-0.24552471185490177,0.0,-0.45652173913043476,-0.007359705611775373,0.0,1,-0.6666666666666666,0,0
-0.40166172281991114,-0.986144624729454,-0.5869565217391305,-0.9254829806807728,0.0,0,-0.6666666666666666,0,0
-0.08985994893817979,-0.9379123316293089,0.5869565217391305,-0.9254829806807728,2.0,0,-0.6666666666666666,0,0
-0.3444754357226133,-0.9473502774919084,-0.3695652173913043,-0.936522539098436,0.0,0,-0.6666666666666666,0,0
-0.0424137778368088,-0.8061297004676325,0.391304347826087,-0.7994480220791168,1.0,0,-0.6666666666666666,1,0
-0.40062868021428255,-0.9538800191061487,-0.5869565217391305,-0.9411223551057957,0.0,0,-0.6666666666666666,1,0
-0.14812355189563317,-0.3824380039556074,-0.2391304347826087,-0.37442502299908,0.0,0,-0.3333333333333333,0,0
-0.267646581366863,-0.1727308708190526,-0.45652173913043476,-0.19043238270469173,0.0,0,0.0,1,0
0.6845825769985684,0.22483308753471848,0.34782608695652173,0.26126954921803136,0.0,1,0.0,0,0
-0.36978497956051415,-0.42596961471721,-0.5652173913043478,-0.45814167433302655,0.0,0,-0.6666666666666666,0,0
-0.21143430586915776,-0.9677562254343671,0.1956521739130435,-0.9254829806807728,1.0,0,-0.6666666666666666,0,0
2.0751612284352356,0.8606455515867398,0.9347826086956522,0.831646734130635,2.0,1,1.3333333333333333,1,0
0.8147016720532461,0.36844776812874563,0.3695652173913043,0.4296228150873967,0.0,1,0.3333333333333333,1,1
1.6726730715308216,0.5369265331166048,0.9130434782608695,0.5271389144434224,2.0,1,0.6666666666666666,0,0
0.5814554094538157,-0.356928945628033,0.8043478260869565,-0.36430542778288866,2.0,0,0.3333333333333333,0,0
0.37210194654742407,0.6613783229840117,-0.08695652173913043,0.6550137994480223,0.0,1,0.6666666666666666,0,1
0.009120290432549725,0.163243540356009,-0.2391304347826087,0.21435142594296241,1.0,0,0.6666666666666666,0,1
-0.31346939980224614,-0.825247063939828,-0.34782608695652173,-0.8344066237350506,2.0,0,-0.6666666666666666,0,0
1.3486813949026726,0.3948372249249345,0.782608695652174,0.39006439742410315,2.0,0,1.3333333333333333,0,0
1.2834373754814716,0.4678828738316747,0.6739130434782609,0.46734130634774623,0.0,1,0.3333333333333333,1,1
-0.32930446717138173,-0.9540643882811389,-0.30434782608695654,-0.9383624655013799,2.0,0,-0.6666666666666666,0,0
0.14087749590472395,-0.8174852398581043,0.9347826086956522,-0.8371665133394663,2.0,0,-0.6666666666666666,0,0
0.43443868892135595,0.46481005424850297,0.021739130434782608,0.4360625574977002,0.0,1,0.0,0,1
0.8586354982954796,0.5923847438572781,0.2826086956521739,0.5528978840846369,2.0,1,0.6666666666666666,1,0
0.1057983205678783,-0.8415965947881026,0.9130434782608695,-0.8344066237350506,2.0,0,-0.6666666666666666,0,0
-0.39544870943463056,-0.2873854515161555,-0.6086956521739131,-0.2870285188592456,0.0,0,-0.3333333333333333,0,1
0.6978940688596686,0.48025215450762776,0.21739130434782608,0.46550137994480245,0.0,1,0.0,0,1
-0.22930594294653267,-0.971447767637369,0.13043478260869565,-0.9402023919043239,0.0,0,-0.6666666666666666,0,0
1.3401661722819913,0.7678149955722893,0.5217391304347826,0.6973321067157315,0.0,1,1.0,0,0
-0.38368678148197344,0.4473257108202545,-0.6086956521739131,0.4461821527138915,0.0,1,0.0,1,1
0.44767639202491116,0.4346577642805976,0.043478260869565216,0.5252989880404787,0.0,1,0.6666666666666666,1,1
-0.12148581042192409,-0.9192531834282799,0.41304347826086957,-0.9236430542778289,2.0,0,-0.6666666666666666,0,0
0.466330189932262,0.5312136854408487,0.021739130434782608,0.5694572217111317,0.0,1,0.3333333333333333,1,0
-0.35296114284027685,-0.9304651338823786,-0.41304347826086957,-0.9264029438822448,0.0,0,-0.6666666666666666,0,0
-0.03509393308835462,0.6631144660485041,-0.3695652173913043,0.6430542778288869,0.0,1,0.6666666666666666,1,0
0.7698971384719824,-0.002017548647372086,0.6086956521739131,-0.009199632014719412,2.0,0,0.6666666666666666,0,0
0.7075013650920147,-0.0915408847721317,0.6304347826086957,-0.0938362465501379,0.0,0,0.3333333333333333,0,0
-0.17155886129189357,-0.8915433061567202,0.17391304347826086,-0.9300827966881325,2.0,0,-0.6666666666666666,0,0
-0.1813137350393294,-0.9698656646195136,0.32608695652173914,-0.9337626494940202,0.0,0,-0.6666666666666666,0,0
-0.2484172311506619,-0.9192595851357449,-0.043478260869565216,-0.9254829806807728,1.0,0,-0.6666666666666666,0,0
-0.2911114062661413,-0.3559477384656794,-0.45652173913043476,-0.3854645814167433,0.0,0,-0.3333333333333333,1,0
-0.3431915113413321,0.12775247417037316,-0.5652173913043478,0.10487580496780136,0.0,1,-0.6666666666666666,1,1
0.23512049704107088,0.31911538653198873,-0.08695652173913043,0.332106715731371,0.0,1,0.3333333333333333,0,0
1.2447130355219078,0.5183240159261745,0.6086956521739131,0.5565777368905245,0.0,1,0.3333333333333333,1,0
-0.3389265211552368,-0.9184657734100922,-0.3695652173913043,-0.936522539098436,0.0,0,-0.6666666666666666,0,0
-0.029043254969672784,-0.9113710294853975,0.717391304347826,-0.9208831646734131,2.0,0,-0.6666666666666666,0,0
1.6789303581706294,0.712207486304419,0.782608695652174,0.6862925482980684,2.0,1,1.0,0,0
1.2596331222974868,0.17353748595963506,0.9130434782608695,0.18583256669733228,2.0,0,0.6666666666666666,0,0
-0.05286226590516667,-0.2297042381977565,-0.17391304347826086,-0.21159153633854635,1.0,0,0.0,0,0
1.906583432948156,0.7427188868910071,0.9130434782608695,0.7221711131554739,1.0,1,1.0,1,0
-0.2566520564926728,0.08596212783923483,-0.4782608695652174,0.08831646734130656,0.0,1,-0.3333333333333333,1,0
1.1424418175646758,0.05144412118827012,0.9347826086956522,0.04875804967801299,2.0,0,1.0,0,0
-0.3909180797213737,-0.00437876790602022,-0.6086956521739131,-0.004599816007359706,0.0,1,-0.6666666666666666,1,0
1.6926845825769985,0.5288194468489602,0.9347826086956522,0.5206991720331189,2.0,1,0.6666666666666666,0,0
1.733268399226694,0.7966332782179233,0.7608695652173914,0.7562097516099359,1.0,1,1.0,1,0
2.0962352975900593,0.8789288281066132,0.9347826086956522,0.8196872125114998,2.0,1,1.3333333333333333,1,0
0.4380690957925651,0.5333752550786661,0.0,0.5556577736890526,0.0,1,0.3333333333333333,0,0
-0.33448443795103383,-0.9262246428576012,-0.34782608695652173,-0.9190432382704692,2.0,0,-0.6666666666666666,0,0
0.5345405174067679,0.6096895326665653,0.043478260869565216,0.62557497700092,0.0,1,0.6666666666666666,1,0
-0.39102138398193653,-0.010831689030681184,-0.6086956521739131,-0.01103955841766319,0.0,1,-0.6666666666666666,1,1
-0.3291864051593099,-0.5613053686446253,-0.4782608695652174,-0.6596136154553818,0.0,0,0.0,1,1
1.4423931169846962,0.6017273387609153,0.6956521739130435,0.6476540938362467,0.0,1,0.6666666666666666,1,1
-0.07769956169478019,-0.7619942546739196,0.21739130434782608,-0.7405703771849126,0.0,0,-0.3333333333333333,0,1
-0.19372500405838167,0.06420656519037767,-0.41304347826086957,-0.000919963201471889,0.0,1,-0.6666666666666666,1,1
-0.07600242027124748,0.20060024700285645,-0.32608695652173914,0.18583256669733228,0.0,0,0.6666666666666666,0,0
-0.38793701391655966,0.18183409883419932,-0.6086956521739131,0.18123275068997258,0.0,1,-0.3333333333333333,0,1
1.4601024187954723,0.44822003890789425,0.8260869565217391,0.4415823367065318,1.0,1,0.3333333333333333,0,1
1.5651038207818657,0.41813392478012124,0.9347826086956522,0.3863845446182153,2.0,0,1.3333333333333333,0,0
-0.3346320154661236,-0.49541533729689563,-0.5,-0.4737810487580496,0.0,0,-0.6666666666666666,0,1
-0.4058234087454436,-0.9354431016071171,-0.6086956521739131,-0.9337626494940202,0.0,0,-0.6666666666666666,0,1
-0.262422337332684,-0.9240490865927155,-0.08695652173913043,-0.9282428702851886,1.0,0,-0.6666666666666666,1,0
0.6673160077330618,0.7454730145583826,0.08695652173913043,0.737810487580497,0.0,1,1.0,1,1
-0.027965939109517276,0.034543613480824374,-0.2391304347826087,-0.03679852805887765,0.0,0,0.6666666666666666,1,0
1.2308850223579937,0.14824515124969587,0.9130434782608695,0.1609935602575897,2.0,0,1.0,0,0
-0.003763226634789924,-0.3869448060109263,-0.021739130434782608,-0.35602575896964117,1.0,0,-0.6666666666666666,1,0
-0.35608978616018067,0.4371854061957872,-0.5869565217391305,0.18767249310027606,0.0,1,-0.3333333333333333,0,0
-0.0937117220820236,-0.12871950856860698,-0.2608695652173913,-0.06715731370745155,0.0,0,0.3333333333333333,0,0
1.0412626732191084,0.32379836357674263,0.5869565217391305,0.29530818767249334,0.0,1,0.0,1,0
0.44773542303094704,-0.40215526294762743,0.6739130434782609,-0.37350505979760806,1.0,0,0.6666666666666666,1,0
-0.16778087690559465,-0.835269183195712,0.08695652173913043,-0.8215271389144434,2.0,0,-0.6666666666666666,0,0
-0.38699251781998495,0.24083223483110058,-0.6086956521739131,0.24011039558417688,0.0,1,0.3333333333333333,0,0
-0.3700801345906938,0.00023046146873768568,-0.5869565217391305,0.006439742410303745,0.0,1,-0.6666666666666666,0,1
1.1756762739628992,0.27700371106729593,0.7391304347826086,0.2631094756209754,2.0,1,0.0,0,0
-0.21519753250394769,0.4558857082305194,-0.4782608695652174,0.5317387304507821,0.0,1,0.3333333333333333,1,1
0.6559968123256742,-0.08429442484727719,0.5652173913043478,-0.10303587856485731,2.0,0,0.3333333333333333,0,0
1.549253995661221,0.5875881062551953,0.782608695652174,0.5482980680772772,1.0,1,0.6666666666666666,0,0
-0.38657930077773356,0.2666439193297447,-0.6086956521739131,0.26586936522539106,0.0,1,0.0,1,1
0.048626791222089405,-0.8404783440128986,0.7391304347826086,-0.8298068077276909,2.0,0,-0.6666666666666666,0,0
1.945971871725624,0.8070036327727917,0.8913043478260869,0.784728610855566,2.0,1,1.3333333333333333,0,0
0.04509968861144315,-0.5043521209179541,0.15217391304347827,-0.546458141674333,2.0,0,0.3333333333333333,0,0
1.1901536281932086,0.6273161179045511,0.5,0.6375344986200554,1.0,1,1.0,0,1
-0.07886542406398964,-0.35204036901844143,-0.15217391304347827,-0.29254829806807714,0.0,0,-0.3333333333333333,1,1
0.22084975133188717,0.4989490798175433,-0.15217391304347827,0.45262189512419526,0.0,1,0.6666666666666666,0,0
-0.3266480718997653,-0.23539334416888621,-0.5217391304347826,-0.19227230910763562,0.0,0,0.3333333333333333,0,0
0.7824855005091426,0.2902000234960607,0.391304347826087,0.27506899724011047,0.0,1,0.0,1,1
0.4023848526438512,0.2439888585847224,0.08695652173913043,0.2391904323827047,0.0,1,-0.3333333333333333,1,1
-0.23451542922920265,-0.6822427679537494,-0.2391304347826087,-0.6780128794848206,0.0,0,0.0,0,1
-0.40576437773940766,-0.9317557181073108,-0.6086956521739131,-0.9300827966881325,0.0,0,-0.6666666666666666,0,0
0.9267572792609318,0.19607332529550478,0.5869565217391305,0.2106715731370746,2.0,0,1.0,0,0
-0.399536606602618,-0.9197717217329402,-0.5869565217391305,-0.9264029438822448,0.0,0,-0.6666666666666666,0,0
0.20671182538628421,-0.19327815691038408,0.13043478260869565,-0.19779208831646722,0.0,0,0.0,1,0
0.05615324449166925,-0.8402625150183662,0.7608695652173914,-0.8344066237350506,2.0,0,-0.6666666666666666,0,0
-0.027124747273505372,0.3043166874194327,-0.30434782608695654,0.2575896964121435,0.0,1,0.0,0,0
0.249096087720075,0.42281997464445836,-0.10869565217391304,0.3679852805887765,0.0,1,0.0,1,1
-0.39521258541048687,-0.2726359175169303,-0.6086956521739131,-0.27230910763569455,0.0,0,-0.3333333333333333,0,0
1.1933708180221663,0.13541257441699478,0.8913043478260869,0.09199632014719412,2.0,0,0.6666666666666666,0,0
-0.3848231283481649,0.3763435784489829,-0.6086956521739131,0.3753449862005521,0.0,1,0.0,1,1
-0.30368501055179237,0.38855803629209124,-0.5434782608695652,0.3541858325666974,0.0,1,0.0,0,1
0.2404332875843037,-0.25244985656286223,0.21739130434782608,-0.20331186752529895,1.0,0,0.0,1,0
0.15277224362096195,-0.08114627783733283,0.0,-0.078196872125115,0.0,0,0.0,1,0
-0.3361815793745665,-0.9602670940968846,-0.32608695652173914,-0.9484820607175714,2.0,0,-0.6666666666666666,0,0
1.1159073803515298,0.26739953070265604,0.6956521739130435,0.29622815087396526,2.0,0,1.0,0,0
-0.21366272634701378,-0.34567447530155554,-0.34782608695652173,-0.3357865685372584,0.0,0,-0.3333333333333333,0,0
0.5261728723011763,-0.4092506827124062,0.8043478260869565,-0.42226310947562096,2.0,0,0.6666666666666666,0,0
-0.3849411903602368,-0.4639189365693834,-0.5869565217391305,-0.3882244710211591,0.0,0,0.3333333333333333,1,1
1.5239444518233203,0.7524254464165177,0.6521739130434783,0.7138914443422266,1.0,1,1.0,0,0
1.2978852142087633,0.425513647940352,0.717391304347826,0.45262189512419526,1.0,1,0.3333333333333333,0,0
0.4902377473768097,0.41028426748129115,0.08695652173913043,0.42686292548298077,1.0,1,0.6666666666666666,1,0
1.1220466049792654,0.15470948233183618,0.8043478260869565,0.16835326586936536,2.0,0,1.0,0,0
2.0691695813225897,0.8554473651252075,0.9347826086956522,0.8224471021159155,2.0,1,1.3333333333333333,0,0
-0.4057791354909166,-0.9326775639822623,-0.6086956521739131,-0.9310027598896045,0.0,0,-0.6666666666666666,0,1
0.11649769041188887,0.43941724357724893,-0.21739130434782608,0.45630174793008305,0.0,1,0.3333333333333333,1,1
1.0641814613125544,0.5107523220987861,0.4782608695652174,0.45630174793008305,1.0,1,0.3333333333333333,0,0
1.5698263012647393,0.6678078321499439,0.7391304347826086,0.644894204231831,0.0,1,0.6666666666666666,1,0
-0.24555422735791974,-0.9126359518120187,-0.043478260869565216,-0.9245630174793008,1.0,0,-0.6666666666666666,0,0
0.2722952730921917,0.6450197489121435,-0.15217391304347827,0.5703771849126036,0.0,1,0.3333333333333333,0,1
-0.38461651982703915,-0.8752926582665265,-0.5434782608695652,-0.9254829806807728,0.0,0,-0.6666666666666666,0,0
-0.16696920057260076,-0.9329628972292712,0.2826086956521739,-0.9135234590616375,2.0,0,-0.6666666666666666,0,0
-0.22939448945558655,-0.9043228563803033,0.0,-0.9199632014719411,1.0,0,-0.6666666666666666,0,0
-0.33283156978202805,-0.06660336446525195,-0.5434782608695652,-0.005519779208831595,0.0,1,-0.6666666666666666,0,1
-0.22712179572320362,-0.9126735084958132,0.021739130434782608,-0.9319227230910763,1.0,0,-0.6666666666666666,0,0
-0.3226487212408318,0.0924150489638958,-0.5434782608695652,0.07911683532658716,0.0,1,-0.6666666666666666,1,1
1.3681468691430174,0.26900696086835296,0.9130434782608695,0.2778288868445264,2.0,0,1.3333333333333333,0,0
0.1322737267749886,-0.5582478177301896,0.3695652173913043,-0.5510579576816927,2.0,0,0.3333333333333333,0,0
-0.35062941810185805,-0.3445398957631536,-0.5434782608695652,-0.36706531738730447,0.0,0,-0.6666666666666666,0,1
-0.2331282005873585,0.2958796027924949,-0.4782608695652174,0.17111315547378128,0.0,1,-0.3333333333333333,0,1
1.7684213633210846,0.6767584530020445,0.8695652173913043,0.6412143514259432,1.0,1,0.6666666666666666,0,0
1.7530733017517452,0.5812110207420421,0.9347826086956522,0.5574977000919966,2.0,1,0.6666666666666666,0,0
0.022785968329865278,0.1313266485276417,-0.21739130434782608,0.17479300827966884,0.0,1,-0.3333333333333333,1,1
0.3635129351691977,0.43241156148621657,-0.021739130434782608,0.3799448022079118,0.0,1,0.3333333333333333,1,0
-0.28997505939994983,0.22276405568204952,-0.5217391304347826,0.15455381784728622,0.0,1,-0.3333333333333333,1,1
2.0314044952111097,0.8226834263196364,0.9347826086956522,0.8537258509659615,2.0,1,1.3333333333333333,0,0
-0.23940024497867504,0.047820754763113274,-0.45652173913043476,0.18583256669733228,0.0,1,-0.3333333333333333,0,1
-0.3026224524431458,-0.32425928651421876,-0.4782608695652174,-0.20699172033118665,1.0,0,0.0,1,0
-0.10197606292705244,-0.417659034480904,-0.15217391304347827,-0.37810487580496777,0.0,0,-0.3333333333333333,1,0
0.005976889361136938,-0.9345212557321655,0.9347826086956522,-0.939282428702852,2.0,0,-0.6666666666666666,0,0
-0.36150588096397634,-0.9055983414055596,-0.45652173913043476,-0.9328426862925483,0.0,0,-0.6666666666666666,0,0
0.8736293738286034,0.24709015009759866,0.5,0.20331186752529923,1.0,0,1.0,0,0
0.39097711072740954,-0.5595468895386253,0.8478260869565217,-0.578656853725851,2.0,0,0.3333333333333333,0,0
1.467156624016765,0.3561149041789187,0.9130434782608695,0.3238270469181235,2.0,0,1.3333333333333333,0,0
-0.39637844777969633,-0.8211342131131211,-0.5869565217391305,-0.9291628334866605,0.0,0,-0.6666666666666666,0,0
0.5300098876935111,0.4331455522143818,0.10869565217391304,0.4783808647654094,0.0,1,0.3333333333333333,1,0
-0.17179498531603724,-0.8688068140749028,0.13043478260869565,-0.8500459981600736,0.0,0,-0.6666666666666666,1,0
-0.07401012381753516,-0.9510993692538358,0.6956521739130435,-0.9429622815087396,1.0,0,-0.6666666666666666,0,0
-0.39862162600906126,-0.48558231463074547,-0.6086956521739131,-0.4848206071757129,0.0,0,-0.6666666666666666,1,0
-0.3968211803249657,-0.3731171178866525,-0.6086956521739131,-0.3725850965961361,0.0,0,-0.6666666666666666,0,1
0.5615176871651836,-0.14989126960120744,0.5217391304347826,-0.1793928242870284,1.0,0,0.0,0,0
0.14534909461194495,-0.8136058051343499,0.9347826086956522,-0.8224471021159153,2.0,0,-0.6666666666666666,0,0
-0.3668039137557002,0.1025553535883634,-0.5869565217391305,0.11131554737810509,0.0,1,-0.3333333333333333,1,1
-0.3249361727247237,0.5078602566087417,-0.5652173913043478,0.5216191352345908,0.0,1,0.6666666666666666,1,1
-0.025516152359026593,0.5583726831413451,-0.34782608695652173,0.5602575896964123,0.0,1,0.3333333333333333,1,1
0.24227800652292622,-0.30058358635997445,0.2608695652173913,-0.30174793008279654,0.0,0,0.6666666666666666,1,0
-0.269107598766252,-0.9259173608992841,-0.10869565217391304,-0.9190432382704692,1.0,0,-0.6666666666666666,0,0
0.3554847183483124,0.4145014130585858,-0.021739130434782608,0.3633854645814168,1.0,1,0.0,0,1
-0.34772214105458893,-0.7979728355049626,-0.45652173913043476,-0.7543698252069917,0.0,0,-0.3333333333333333,0,0
-0.4055725269697909,-0.9197717217329402,-0.6086956521739131,-0.9181232750689972,0.0,0,-0.6666666666666666,0,0
1.0833075072681928,0.4324566782816839,0.5434782608695652,0.4553817847286109,2.0,1,0.3333333333333333,0,0
-0.11750121751449948,-0.8487221372244769,0.2608695652173913,-0.8298068077276909,0.0,0,-0.6666666666666666,0,0
-0.16378152624666106,-0.4820404857427737,-0.21739130434782608,-0.468261269549218,0.0,0,-0.6666666666666666,0,0
1.5756703708622954,0.42730116986991745,0.9347826086956522,0.410303587856486,2.0,0,1.3333333333333333,0,0
0.36119596818228783,-0.5182037638185482,0.717391304347826,-0.4903403863845445,2.0,0,0.6666666666666666,0,0
0.7939080001770932,0.047886600897038216,0.5869565217391305,0.04139834406623735,2.0,0,0.6666666666666666,0,0
-0.18566727173447853,-0.3559093282208898,-0.30434782608695654,-0.34590616375344985,0.0,0,-0.6666666666666666,1,1
-0.17738817313794072,0.16625490354751737,-0.41304347826086957,0.16375344986200563,0.0,1,-0.3333333333333333,1,1
-0.2303980165581972,-0.9430771377590599,0.06521739130434782,-0.9457221711131554,2.0,0,-0.6666666666666666,0,0
-0.29270524342911114,-0.9431251505650469,-0.17391304347826086,-0.9172033118675252,0.0,0,-0.6666666666666666,0,0
-0.04419946576939538,-0.9266409603495148,0.717391304347826,-0.9273229070837166,1.0,0,-0.6666666666666666,0,0
-0.3979132539366302,-0.8690701986106032,-0.5869565217391305,-0.84360625574977,0.0,0,-0.6666666666666666,1,0
-0.23987249302696242,-0.8994911124840055,-0.043478260869565216,-0.9153633854645814,2.0,0,-0.6666666666666666,0,0
-0.275010699369844,0.4097143991222302,-0.5217391304347826,0.4507819687212512,0.0,1,0.0,0,1
0.04298933014565904,-0.1609450713077966,-0.08695652173913043,-0.171113155473781,1.0,0,1.0,1,0
-0.3614911232124674,0.268487611079648,-0.5869565217391305,0.2824287028518861,0.0,1,-0.3333333333333333,1,1
1.1137822641342368,0.6477613424882985,0.43478260869565216,0.6678932842686295,1.0,1,0.6666666666666666,0,0
1.5895721727837548,0.687386082637011,0.7391304347826086,0.6973321067157315,0.0,1,1.0,0,0
-0.3837162969849914,-0.8612345086735148,-0.5434782608695652,-0.9190432382704692,0.0,0,-0.6666666666666666,0,0
-0.3952863741680318,-0.27724514689168817,-0.6086956521739131,-0.27690892364305425,0.0,0,-0.3333333333333333,0,0
-0.35021620105960655,-0.948181335515539,-0.391304347826087,-0.9218031278748849,0.0,0,-0.6666666666666666,0,0
0.7187615294933664,0.06105456141025472,0.5,0.0478380864765411,0.0,1,-0.6666666666666666,0,0
1.1511193754519562,0.3301283719180771,0.6739130434782609,0.3514259429622817,0.0,1,0.0,1,0
1.6219506795944572,0.6879850995498018,0.7608695652173914,0.6310947562097519,1.0,1,0.6666666666666666,0,0
0.5489293251280235,0.09854639594613186,0.30434782608695654,0.08923643054277845,2.0,0,0.6666666666666666,0,0
1.4726317498265964,0.6326922928228136,0.6956521739130435,0.566697332106716,1.0,1,0.3333333333333333,0,0
-0.3985035639969894,-0.4782075476311329,-0.6086956521739131,-0.4774609015639374,0.0,0,-0.6666666666666666,0,1
-0.2706128894201679,0.4646564132693442,-0.5217391304347826,0.3523459061637536,0.0,1,0.0,1,1
0.9011083071383245,-0.05439589030301418,0.8043478260869565,-0.029438822447102015,2.0,0,0.6666666666666666,0,0
1.7492362863594104,0.7177842834161239,0.8260869565217391,0.7488500459981602,2.0,1,1.3333333333333333,1,0
0.8088576024556898,0.5183517406141431,0.2826086956521739,0.5271389144434224,2.0,1,0.6666666666666666,0,0
-0.38621035699000905,0.2896900662035342,-0.6086956521739131,0.2888684452621896,0.0,1,-0.3333333333333333,1,1
-0.20567878278065552,-0.8818570930050929,0.043478260869565216,-0.9080036798528058,2.0,0,-0.6666666666666666,0,0
-0.36183055149717386,-0.852608665129325,-0.4782608695652174,-0.937442502299908,0.0,0,-0.6666666666666666,0,0
-0.3601629255766592,-0.49341800456783386,-0.5434782608695652,-0.47470101195952163,0.0,0,0.0,1,1
0.4011894747716239,0.19647518037754802,0.10869565217391304,0.12603495860165612,1.0,0,0.3333333333333333,0,0
-0.39116896149702635,-0.8712211723188237,-0.5652173913043478,-0.936522539098436,1.0,0,-0.6666666666666666,0,0
-0.2832750402148729,-0.8748923830839817,-0.21739130434782608,-0.8371665133394663,0.0,0,-0.6666666666666666,0,0
-0.09357890231844275,-0.6559751166782474,0.043478260869565216,-0.6430542778288868,0.0,0,0.0,0,1
-0.3833768687002848,0.466684474194238,-0.6086956521739131,0.46550137994480245,0.0,1,0.0,0,1
-0.3799530703502015,-0.6376868839977564,-0.5652173913043478,-0.5335786568537257,0.0,0,0.3333333333333333,0,0
-0.16037248564808665,-0.9556435503451866,0.3695652173913043,-0.9337626494940202,0.0,0,-0.6666666666666666,1,0
-0.4054249494547011,-0.9105532629834243,-0.6086956521739131,-0.9089236430542778,0.0,0,-0.6666666666666666,0,1
1.3146352621714557,0.265949194902245,0.8695652173913043,0.2594296228150876,1.0,1,0.0,0,0
-0.37920042502324347,-0.8919319763094025,-0.5217391304347826,-0.9218031278748849,0.0,0,-0.6666666666666666,0,0
-0.40580865099393454,-0.9345212557321655,-0.6086956521739131,-0.9328426862925483,0.0,0,-0.6666666666666666,0,0
-0.23584362686501084,-0.8745303626391626,-0.06521739130434782,-0.9144434222631095,1.0,0,-0.6666666666666666,0,0
-0.3142663183837311,-0.6887571454700739,-0.41304347826086957,-0.6559337626494939,0.0,0,-0.3333333333333333,1,1
0.3302637210194655,0.5568410007645026,-0.08695652173913043,0.532658693652254,2.0,1,0.6666666666666666,0,0
1.1041159368958546,0.18256869476580143,0.7608695652173914,0.19687212511499547,0.0,1,0.0,1,0
0.1787606440282759,-0.06755593853603517,0.021739130434782608,-0.050597976080956765,0.0,0,0.6666666666666666,1,0
-0.13659774796711974,0.02462392154437957,-0.34782608695652173,-0.003679852805887556,0.0,1,-0.6666666666666666,1,0
1.7714024291258983,0.8338528054190933,0.7608695652173914,0.8215271389144436,1.0,1,1.3333333333333333,1,0
0.7568660438895531,0.2899105076084141,0.3695652173913043,0.26586936522539106,0.0,1,0.0,0,0
-0.33460249996310565,-0.8959573699633578,-0.3695652173913043,-0.9319227230910763,1.0,0,-0.6666666666666666,0,0
-0.32385885686456817,-0.9313869797573301,-0.30434782608695654,-0.9310027598896045,0.0,0,-0.6666666666666666,0,1
0.03558093888815099,0.3463564743990874,-0.2608695652173913,0.40846366145354196,0.0,1,0.0,1,1
-0.17052581868626498,-0.13840097587975003,-0.34782608695652173,-0.13247470101195946,0.0,0,0.3333333333333333,0,0
1.0253243015894098,0.04286927290866229,0.8260869565217391,0.06715731370745182,2.0,0,0.6666666666666666,0,0
-0.20854178657339767,-0.7682817162825636,-0.10869565217391304,-0.7589696412143514,0.0,0,-0.3333333333333333,1,0
-0.32650049438467554,-0.41075915778050875,-0.5,-0.37350505979760806,0.0,0,-0.3333333333333333,0,0
0.5416389958825875,-0.17332006947969383,0.5217391304347826,-0.18951241950321984,1.0,0,0.0,1,1
-0.06384203302784787,0.060899443113988726,-0.2826086956521739,0.07267709291628341,0.0,1,-0.3333333333333333,0,1
-0.35688670474166556,-0.9549862341560906,-0.41304347826086957,-0.9264029438822448,0.0,0,-0.6666666666666666,1,0
-0.12641489942592346,0.07355266413796362,-0.34782608695652173,0.07911683532658716,1.0,1,-0.3333333333333333,0,0
-0.1877038414427178,0.2572206059413508,-0.43478260869565216,0.2759889604415824,0.0,1,-0.3333333333333333,1,1
0.13850149791177818,0.07770238879966854,-0.08695652173913043,0.07267709291628341,1.0,0,1.0,0,1
-0.3331562403152256,-0.5967305886963361,-0.4782608695652174,-0.4774609015639374,0.0,0,0.3333333333333333,1,0
0.5615176871651836,0.3028384994725804,0.1956521739130435,0.2769089236430545,2.0,0,1.0,0,0
0.8006818081197149,0.46426194898796974,0.30434782608695654,0.4369825206991721,0.0,1,0.3333333333333333,1,0
-0.29463850887678755,0.5298309166284212,-0.5434782608695652,0.5105795768169273,0.0,1,0.6666666666666666,0,1
0.4174967901890469,0.7748022394380545,-0.08695652173913043,0.7092916283348669,2.0,1,1.0,1,0
0.05106182022107112,-0.22640705401009917,-0.043478260869565216,-0.2603495860165592,1.0,0,0.0,0,0
0.1348563332890601,-0.8227090331494966,0.9347826086956522,-0.8141674333026678,2.0,0,-0.6666666666666666,0,0
1.3678664718643467,0.2687602697187182,0.9130434782608695,0.2778288868445264,1.0,1,0.0,0,0
0.200174141467806,0.2954900131667712,-0.10869565217391304,0.3422263109475623,0.0,1,0.0,0,0
1.226841398444533,0.750115206906851,0.45652173913043476,0.723091076356946,2.0,1,1.0,1,1
0.8626791222089404,0.09966043408632241,0.6086956521739131,0.0735970561177553,2.0,0,0.6666666666666666,0,0
-0.1941382211006331,-0.3911852970357036,-0.30434782608695654,-0.3955841766329346,0.0,0,-0.3333333333333333,1,0
-0.3123920839420906,0.252585769736733,-0.5434782608695652,0.17939282428702855,0.0,1,-0.3333333333333333,1,0
0.03780935936600704,-0.29420052637740474,-0.021739130434782608,-0.26310947562097514,0.0,0,0.0,1,0
-0.22775637903808976,-0.020767139016270492,-0.43478260869565216,0.07727690892364311,0.0,1,-0.6666666666666666,1,1
1.0522424403417896,0.3657339704699949,0.5652173913043478,0.3578656853725852,0.0,1,0.0,0,0
-0.3142220451292041,0.7309469583470245,-0.5652173913043478,0.5630174793008281,0.0,1,0.3333333333333333,1,1
-0.10203509393308838,0.6369494072977947,-0.41304347826086957,0.45170193192272334,0.0,1,0.3333333333333333,1,1
-0.11601068461209249,-0.9610871777648611,0.5652173913043478,-0.9429622815087396,1.0,0,-0.6666666666666666,0,0
-0.28097283097947195,-0.8887977003345671,-0.1956521739130435,-0.9199632014719411,0.0,0,-0.6666666666666666,0,0
1.5669632974719971,0.6966106775853871,0.717391304347826,0.6568537258509661,1.0,1,0.6666666666666666,0,0
0.5776183940614809,0.6342011542830956,0.06521739130434782,0.6356945722171116,0.0,1,0.6666666666666666,1,1
-0.181608890069509,-0.9626911506085929,0.30434782608695654,-0.9328426862925483,2.0,0,-0.6666666666666666,0,0
-0.3349271704963032,-0.7645943327827573,-0.43478260869565216,-0.8509659613615455,1.0,0,-0.6666666666666666,0,1
0.6165493425421702,-0.22640534688810848,0.6739130434782609,-0.19319227230910752,2.0,0,0.3333333333333333,0,0
1.031847227756379,0.2577751262569347,0.6304347826086957,0.2897884084636615,2.0,0,1.0,1,0
-0.3712459969599032,-0.9366283320177692,-0.4782608695652174,-0.936522539098436,1.0,0,-0.6666666666666666,0,0
-0.35725564852939007,0.40077249413519983,-0.5869565217391305,0.4921803127874885,0.0,1,0.3333333333333333,1,0
-0.023479582650787315,-0.6415486707712021,0.17391304347826086,-0.6200551977920883,0.0,0,0.0,1,0
1.58573515739142,0.6226466139918155,0.782608695652174,0.6172953081876728,1.0,1,0.6666666666666666,0,0
-0.18789569221233451,-0.9384922841165724,0.21739130434782608,-0.9310027598896045,2.0,0,-0.6666666666666666,0,0
1.622009710600493,0.627895763416831,0.8043478260869565,0.6200551977920884,1.0,1,0.6666666666666666,1,1
0.07758149968270839,-0.8474339336632102,0.8478260869565217,-0.8426862925482981,2.0,0,-0.6666666666666666,0,0
0.47638021870987746,-0.40215526294762727,0.717391304347826,-0.3983440662373504,2.0,0,0.6666666666666666,0,0
-0.3342630716783991,0.31365805895227555,-0.5652173913043478,0.3311867525298988,0.0,1,0.3333333333333333,0,1
1.9983618895825035,0.7940165802916285,0.9347826086956522,0.721251149954002,2.0,1,1.0,1,0
-0.15318546066321337,-0.9030885598008895,0.2608695652173913,-0.9144434222631095,2.0,0,-0.6666666666666666,0,0
0.3703015008633285,0.38740572894840203,0.0,0.44710211591536364,0.0,1,0.3333333333333333,0,1
-0.3464824899278346,-0.279780223047805,-0.5434782608695652,-0.27874885004599803,0.0,0,0.0,1,0
-0.027346113546140072,-0.8439194602109809,0.5217391304347826,-0.8518859245630175,1.0,0,-0.6666666666666666,0,0
-0.3896489130916014,0.07489997733981597,-0.6086956521739131,0.07451701931922745,0.0,1,-0.6666666666666666,1,1
0.5701362140464279,0.19892197358939928,0.2608695652173913,0.17571297148114098,0.0,0,1.0,0,1
-0.17843597349507828,-0.923340919864163,0.21739130434782608,-0.9181232750689972,2.0,0,-0.6666666666666666,0,0
-0.04630982423517949,-0.934609050577399,0.7391304347826086,-0.9402023919043239,2.0,0,-0.6666666666666666,0,0
-0.2998627529109665,-0.8314588869125787,-0.30434782608695654,-0.8095676172953081,0.0,0,-0.6666666666666666,1,0
-0.23668481870102273,-0.45629598029574525,-0.34782608695652173,-0.48850045998160074,1.0,0,-0.6666666666666666,1,0
-0.3968064225734567,-0.372195272011701,-0.6086956521739131,-0.37166513339466417,0.0,0,-0.3333333333333333,0,0
-0.4055725269697909,-0.9197717217329402,-0.6086956521739131,-0.9181232750689972,2.0,0,-0.6666666666666666,0,0
-0.24607074866073406,-0.004263537171651116,-0.45652173913043476,-0.011959521619135079,0.0,1,-0.6666666666666666,1,1
0.6622393412139727,-0.1788380997406068,0.6739130434782609,-0.1646734130634774,2.0,0,0.3333333333333333,1,0
-0.09868508434054986,0.33209497645130714,-0.3695652173913043,0.5105795768169273,0.0,1,0.3333333333333333,1,1
0.450760762090288,0.04989490798175428,0.2391304347826087,0.007359705611775635,1.0,0,0.3333333333333333,0,0
0.7741621286580777,-0.17454313600503704,0.8043478260869565,-0.1692732290708371,2.0,0,0.3333333333333333,0,0
-0.15928041203642213,-0.9215276186376099,0.2826086956521739,-0.9218031278748849,1.0,0,-0.6666666666666666,0,0
0.8204719528932573,-0.13071355485961178,0.8043478260869565,-0.11959521619135223,1.0,0,0.3333333333333333,0,0
1.040716636413276,0.554617282755946,0.43478260869565216,0.5216191352345908,0.0,1,0.3333333333333333,1,0
-0.4055577692182819,-0.9188498758579886,-0.6086956521739131,-0.9172033118675252,0.0,0,-0.6666666666666666,0,1
-0.1724443263824324,-0.9324302394792265,0.2608695652173913,-0.9264029438822448,2.0,0,-0.6666666666666666,0,0
-0.1836307020262393,-0.9494731461429654,0.2608695652173913,-0.939282428702852,2.0,0,-0.6666666666666666,0,0
0.16006257286639808,0.2557821701074892,-0.13043478260869565,0.2585096596136157,0.0,1,0.3333333333333333,0,0
-0.38805507592863153,-0.8063846791138958,-0.5652173913043478,-0.8325666973321066,0.0,0,-0.6666666666666666,1,0
-0.35191334248313927,-0.36459004354335045,-0.5434782608695652,-0.4066237350505979,0.0,0,0.6666666666666666,0,0
-0.09564498752969997,-0.9172543733821109,0.5,-0.9291628334866605,2.0,0,-0.6666666666666666,0,0
-0.3089978010950252,0.30559190754644894,-0.5434782608695652,0.5381784728610857,0.0,1,0.3333333333333333,1,1
-0.11648293266037987,0.37910911607383746,-0.391304347826087,0.4388224471021161,0.0,1,0.6666666666666666,1,0
-0.3782264134236508,-0.25419900001789864,-0.5869565217391305,-0.15087396504139827,0.0,0,0.0,0,0
0.18336506249907766,0.13262171135601475,-0.06521739130434782,0.16467341306347752,0.0,1,-0.3333333333333333,0,0
0.017620755301722243,-0.1796447148811895,-0.10869565217391304,-0.2594296228150873,1.0,0,0.0,0,0
-0.338793701391656,-0.9177743890038784,-0.3695652173913043,-0.9208831646734131,0.0,0,-0.6666666666666666,0,0
1.364605008780862,0.5523854123689032,0.6739130434782609,0.5271389144434224,0.0,1,0.3333333333333333,1,0
1.305441182981361,0.37906590454844924,0.7608695652173914,0.3725850965961362,2.0,0,1.3333333333333333,0,0
1.2398724930269625,0.2662248984774941,0.8043478260869565,0.28610855565777393,2.0,0,1.3333333333333333,0,0
0.994805271468839,0.16739184679329125,0.6739130434782609,0.16283348666053377,1.0,1,-0.3333333333333333,0,0
-0.056935405321645156,0.006412251453707254,-0.2608695652173913,0.0,1.0,0,0.3333333333333333,0,0
-0.15562048966219508,-0.916084338233134,0.2826086956521739,-0.9383624655013799,2.0,0,-0.6666666666666666,0,0
-0.3968064225734567,-0.372195272011701,-0.6086956521739131,-0.37166513339466417,0.0,0,-0.6666666666666666,1,0
0.47599651717064395,-0.11713817078041677,0.391304347826087,-0.12051517939282425,2.0,0,0.3333333333333333,0,0
-0.3370080134590694,-0.8308135948001126,-0.41304347826086957,-0.9162833486660534,0.0,0,-0.6666666666666666,0,0
1.4497867504906954,0.3642278898067621,0.8913043478260869,0.33486660533578666,2.0,0,1.3333333333333333,0,0
1.6075618718732014,0.585698904318584,0.8260869565217391,0.5712971481140757,0.0,1,0.3333333333333333,0,0
-0.3874204926137454,0.21409870445750467,-0.6086956521739131,0.21343146274149052,0.0,1,-0.3333333333333333,1,1
-0.27846401322294534,-0.10867904404339887,-0.4782608695652174,-0.018399264029438825,0.0,1,-0.6666666666666666,1,1
-0.39844453299095356,-0.47452016413132647,-0.6086956521739131,-0.4737810487580496,0.0,0,-0.6666666666666666,0,0
-0.3448443795103378,-0.25419900001789864,-0.5434782608695652,-0.12143514259429614,0.0,0,0.3333333333333333,0,0
1.6788270539100663,0.6816701061223399,0.8043478260869565,0.7157313707451703,2.0,1,1.0,0,0
-0.1113324773837458,0.2662598168818483,-0.3695652173913043,0.2621895124195032,0.0,1,0.0,1,0
-0.25595844217175073,-0.8916938327917067,-0.10869565217391304,-0.9181232750689972,1.0,0,-0.6666666666666666,0,0
0.22194182494355164,0.22530267739922383,-0.06521739130434782,0.283348666053358,0.0,1,0.0,1,0
-0.27722436209619106,0.10224807163004623,-0.5,0.3817847286108556,0.0,1,0.0,1,1
1.3504228095807325,0.6341693142117567,0.6086956521739131,0.6918123275068999,2.0,1,0.6666666666666666,1,0
-0.0469296497985567,0.33031713083532876,-0.32608695652173914,0.2897884084636615,0.0,1,-0.3333333333333333,1,1
-0.11224745797730257,-0.8515770756978316,0.2826086956521739,-0.8721251149954001,2.0,0,-0.6666666666666666,1,0
0.28557724945027374,0.4451870283903669,-0.08695652173913043,0.4480220791168355,0.0,1,0.0,0,1
-0.04985168459733472,-0.9437253106398852,0.7608695652173914,-0.936522539098436,2.0,0,-0.6666666666666666,0,0
0.14142353271055627,0.27343205713620644,-0.15217391304347827,0.2713891444342227,0.0,1,-0.3333333333333333,1,1
-0.2975310281725476,-0.9217609680946779,-0.21739130434782608,-0.9319227230910763,1.0,0,-0.6666666666666666,0,0
1.3622880417939525,0.519698168117683,0.6956521739130435,0.5298988040478384,0.0,1,0.3333333333333333,1,1
0.13462020926491644,0.25411519584744835,-0.15217391304347827,0.3063477460901565,0.0,1,0.0,0,0
1.6844349994834789,0.5736185956886213,0.8913043478260869,0.5998160073597059,0.0,1,0.6666666666666666,1,1
-0.10364368884756715,0.3062832919526628,-0.3695652173913043,0.17663293468261287,0.0,1,-0.3333333333333333,0,0
0.1523590265787105,-0.1604086164825022,0.043478260869565216,-0.11683532658693643,1.0,0,0.3333333333333333,1,0
-0.20024793022535087,-0.09656335540117807,-0.391304347826087,-0.10027598896044139,0.0,0,0.0,1,0
0.08606720680037194,-0.8396389133970755,0.8478260869565217,-0.8206071757129715,2.0,0,-0.6666666666666666,0,0
1.5707855551128231,0.42306323952812624,0.9347826086956522,0.36430542778288894,2.0,0,1.3333333333333333,0,0
1.902362716016588,0.8605465639907149,0.8260869565217391,0.8417663293468263,2.0,1,1.3333333333333333,0,0
1.429199687135668,0.6196340689466211,0.6739130434782609,0.6366145354185835,0.0,1,1.0,0,0
-0.3983117132273727,-0.46622355125676235,-0.6086956521739131,-0.46550137994480223,0.0,0,-0.6666666666666666,0,1
-0.390652440194212,0.012214457843108345,-0.6086956521739131,0.011959521619135341,0.0,1,-0.6666666666666666,1,1
0.4501999675329467,-0.3686509335614561,0.6304347826086957,-0.37442502299908,1.0,0,0.6666666666666666,0,0
0.5651333362848837,0.0013288310218716784,0.391304347826087,0.0036798528058878174,0.0,1,-0.6666666666666666,0,1
-0.3880845914316495,0.17261564008468352,-0.6086956521739131,0.17203311867525317,0.0,1,-0.3333333333333333,1,1
-0.4055725269697909,-0.9197717217329402,-0.6086956521739131,-0.9181232750689972,0.0,0,-0.6666666666666666,0,0
-0.04127743097061729,-0.24531575795018337,-0.15217391304347827,-0.20883164673413054,0.0,0,0.0,1,1
0.4432785820752351,-0.184292354500737,0.41304347826086957,-0.1839926402943881,1.0,0,0.3333333333333333,0,1
-0.19983471318309942,-0.9392799736271858,0.17391304347826086,-0.9291628334866605,1.0,0,-0.6666666666666666,0,0
-0.3366981006773808,-0.9368613260301194,-0.34782608695652173,-0.9273229070837166,1.0,0,-0.6666666666666666,1,0
-0.08397160608609673,-0.8208555155230194,0.30434782608695654,-0.8077276908923642,2.0,0,-0.6666666666666666,0,0
-0.30865837281031866,-0.2250072139777652,-0.5,-0.12787488500459976,2.0,0,1.3333333333333333,0,0
0.7361461607709451,-0.2870219066640619,0.9130434782608695,-0.30174793008279654,2.0,0,1.0,0,0
-0.39116896149702635,-0.020050147780196995,-0.6086956521739131,-0.020239190432382603,0.0,1,-0.6666666666666666,1,1
1.6081816974365786,0.4555070929604497,0.9347826086956522,0.4553817847286109,2.0,1,0.3333333333333333,1,0
-0.2785230442289813,0.08872766546408943,-0.5,0.0689972401103956,0.0,1,-0.3333333333333333,1,0
-0.28402768554183083,-0.6326935521751019,-0.3695652173913043,-0.641214351425943,0.0,0,0.0,0,0
0.11003379525095557,0.006572761088404717,-0.08695652173913043,0.011039558417663452,0.0,1,-0.6666666666666666,0,1
0.10268443499948351,0.2329745961827036,-0.17391304347826086,0.16283348666053377,1.0,1,0.0,1,0
-0.3238440991130591,-0.3831037815319613,-0.5,-0.39650413983440663,0.0,0,-0.3333333333333333,0,0
0.12570652735349247,0.3813676384674692,-0.1956521739130435,0.3431462741490342,0.0,1,0.0,0,1
0.10283201251457331,0.4884502795750392,-0.2391304347826087,0.5344986200551981,0.0,1,0.3333333333333333,1,1
0.30982423517952806,-0.2487965544251591,0.30434782608695654,-0.27414903403863833,1.0,0,0.0,1,0
-0.13127019967237794,-0.7964814205715588,0.13043478260869565,-0.8270469181232751,2.0,0,-0.6666666666666666,0,0
-0.389914552618763,0.058306751590687406,-0.6086956521739131,0.0579576816927324,0.0,1,-0.3333333333333333,0,1
0.4652381163205975,0.41483064372821155,0.06521739130434782,0.4259429622815089,0.0,1,0.3333333333333333,1,0
0.5727188205604994,-0.11437979971514625,0.5,-0.11867525298988034,2.0,0,1.3333333333333333,0,0
0.1819335606027066,-0.13819045819196055,0.06521739130434782,-0.10119595216191353,1.0,0,0.0,0,0
0.9709862605333452,-0.09730595346711149,0.9347826086956522,-0.12051517939282425,2.0,0,1.3333333333333333,0,0
0.23228700875134672,-0.5081585008624028,0.4782608695652174,-0.4765409383624654,0.0,0,0.3333333333333333,0,0
-0.026947654255397635,-0.9434550267850051,0.8478260869565217,-0.9273229070837166,2.0,0,-0.6666666666666666,0,0
-0.30198786912825965,-0.44087278969559385,-0.45652173913043476,-0.4967801287948481,0.0,0,0.3333333333333333,0,0
0.2996856598928588,-0.39004898089596723,0.43478260869565216,-0.3808647654093836,2.0,0,0.3333333333333333,0,0
1.4051888254305573,0.27939612059990815,0.9347826086956522,0.2713891444342227,2.0,0,1.3333333333333333,0,0
-0.16689541181505585,0.4016431263504318,-0.43478260869565216,0.46274149034038653,0.0,1,0.0,1,1
0.3566505807175219,0.4171023353486279,-0.021739130434782608,0.4047838086476541,0.0,1,0.3333333333333333,0,1
0.965880078511238,0.2966209814855776,0.5434782608695652,0.3578656853725852,0.0,1,0.3333333333333333,0,0
-0.16817933619633713,0.08554310698698424,-0.391304347826087,0.07727690892364311,0.0,1,-0.3333333333333333,1,1
1.1094730006936144,0.6034864020370524,0.45652173913043476,0.6016559337626496,1.0,1,0.6666666666666666,0,0
2.0036008913681913,0.8896647698604273,0.8695652173913043,0.8399264029438824,2.0,1,1.3333333333333333,1,0
-0.39097711072740954,-0.008066151405826335,-0.6086956521739131,-0.008279668813247262,0.0,1,-0.6666666666666666,1,0
1.5610306813653871,0.5152711744269799,0.8478260869565217,0.4553817847286109,2.0,1,0.6666666666666666,0,0
0.05002877761544251,-0.5759001642291266,0.2391304347826087,-0.5538178472861085,1.0,0,0.3333333333333333,0,0
-0.1885893065332566,-0.8474216890310952,0.043478260869565216,-0.8206071757129715,2.0,0,-0.6666666666666666,0,0
0.6111184899868657,0.6390975875336669,0.08695652173913043,0.6439742410303588,0.0,1,0.6666666666666666,0,0
1.4457136110742168,0.8126113289783411,0.5652173913043478,0.7957681692732291,2.0,1,1.0,1,0
0.07961806939094761,-0.845563128799338,0.8478260869565217,-0.8528058877644894,2.0,0,-0.6666666666666666,0,0
-0.35313823585838466,-0.9924439048749565,-0.3695652173913043,-0.937442502299908,0.0,0,-0.6666666666666666,0,0
1.372869349625891,0.27316175917799373,0.9130434782608695,0.2897884084636615,2.0,0,1.3333333333333333,0,0
0.8009326898953675,0.5967338810030319,0.2391304347826087,0.5942962281508742,0.0,1,0.6666666666666666,0,0
1.35363999940969,0.42610885185457215,0.7608695652173914,0.4139834406623735,1.0,1,0.3333333333333333,1,0
1.0769174008648041,0.4575529820366985,0.5217391304347826,0.5041398344066239,1.0,1,0.3333333333333333,0,0
-0.10767255500951875,0.2853112982975143,-0.3695652173913043,0.24747010119595225,0.0,1,0.3333333333333333,0,1
0.4309263440622188,-0.3038047440813308,0.5217391304347826,-0.29254829806807714,0.0,0,0.6666666666666666,1,1
1.6881982261182686,0.5249272087102759,0.9347826086956522,0.5078196872125117,2.0,1,0.6666666666666666,0,0
-0.14388807721255592,-0.9332587276860362,0.3695652173913043,-0.9273229070837166,2.0,0,-0.6666666666666666,1,0
-0.12414220569354052,-0.8478907896335907,0.2391304347826087,-0.841766329346826,2.0,0,-0.6666666666666666,0,0
-0.23281828780566993,-0.3661264533349365,-0.3695652173913043,-0.35694572217111303,0.0,0,0.6666666666666666,0,0
-0.21634863712164817,0.058409178910126286,-0.43478260869565216,0.09659613615455383,0.0,1,-0.3333333333333333,1,0
0.803515296409439,0.19148636740722164,0.4782608695652174,0.19135234590616387,0.0,1,-0.3333333333333333,1,0
0.9150101090597835,0.3943666059633423,0.43478260869565216,0.36890524379024864,0.0,1,0.3333333333333333,0,0
0.8455453727070145,0.6185192350124825,0.2608695652173913,0.5418583256669735,0.0,1,0.3333333333333333,1,1
0.5573117279851243,-0.21602470387481437,0.5869565217391305,-0.18583256669733203,1.0,0,0.3333333333333333,0,0
-0.39516831215595993,-1.0400726084141216,-0.5434782608695652,-0.9227230910763569,0.0,0,-0.6666666666666666,1,0
-0.03544811912457016,-0.12196020925609423,-0.1956521739130435,-0.1140754369825205,1.0,0,0.3333333333333333,0,0
-0.2658166201797494,-0.9465407077171111,-0.06521739130434782,-0.9218031278748849,0.0,0,-0.6666666666666666,0,0
0.24943551600478156,0.7678054292471719,-0.1956521739130435,0.6531738730450782,0.0,1,0.6666666666666666,0,1
-0.26971266657812015,-0.03058552920821503,-0.4782608695652174,0.09383624655013816,0.0,1,-0.6666666666666666,0,1
-0.2240079101548088,0.37726542432393445,-0.4782608695652174,0.4323827046918124,0.0,1,0.0,1,1
1.0754268679623973,0.5245257839951213,0.4782608695652174,0.5271389144434224,0.0,1,0.6666666666666666,1,0
-0.3159191865527368,0.1975054787083761,-0.5434782608695652,0.18307267709291636,0.0,1,-0.3333333333333333,0,0
-0.40583816649695253,-0.9363649474820687,-0.6086956521739131,-0.9346826126954922,0.0,0,-0.6666666666666666,0,0
0.41292188722126305,0.6107655702051887,-0.043478260869565216,0.5593376264949403,0.0,1,0.6666666666666666,1,0
0.20674134088930213,0.4588906863423746,-0.15217391304347827,0.5593376264949403,0.0,1,0.3333333333333333,1,1
-0.220156137010965,-0.30021447327589834,-0.3695652173913043,-0.3054277828886844,0.0,0,0.0,0,0
-0.3835539617183926,-0.7126636818271516,-0.5652173913043478,-0.7240110395584176,0.0,0,-0.3333333333333333,0,1
-0.14090701140774192,-0.799470835051759,0.10869565217391304,-0.8233670653173872,1.0,0,-0.6666666666666666,0,0
-0.014064137188057988,-0.26211151044456626,-0.10869565217391304,-0.22079116835326576,1.0,0,0.0,1,0
0.8405424949454702,0.23683756937297704,0.4782608695652174,0.17755289788408476,0.0,1,-0.3333333333333333,0,1
-0.21305765853514558,-0.4109127987596673,-0.32608695652173914,-0.44158233670653163,0.0,0,0.0,1,0
1.524977494428949,0.7535191618613756,0.6521739130434783,0.7985280588776451,2.0,1,1.3333333333333333,1,0
-0.3323740794852496,0.3529901496168762,-0.5652173913043478,0.36890524379024864,0.0,1,0.3333333333333333,1,0
1.754106344357374,0.784451838412163,0.782608695652174,0.7166513339466423,2.0,1,1.0,1,0
-0.31364649282035395,-0.07296410100241783,-0.5217391304347826,-0.001839926402943778,0.0,1,-0.6666666666666666,0,1
1.1214415371673974,0.3262826600872055,0.6521739130434783,0.3670653173873046,2.0,0,1.3333333333333333,0,0
0.910346659582946,-0.14991518541400092,0.9347826086956522,-0.0938362465501379,2.0,0,1.3333333333333333,0,0
1.4429391537905285,0.5716559560838856,0.717391304347826,0.5482980680772772,0.0,1,0.6666666666666666,1,1
0.37332683992266946,0.4543054010163166,-0.021739130434782608,0.4443422263109477,0.0,1,0.3333333333333333,0,1
-0.3534924218946001,-0.0867303327350279,-0.5652173913043478,-0.17847286108555652,0.0,0,0.0,0,0
-0.2819763580820826,-0.8706227811368374,-0.21739130434782608,-0.8509659613615455,0.0,0,-0.6666666666666666,0,0
-0.40585292424846153,-0.9372867933570203,-0.6086956521739131,-0.9356025758969642,0.0,0,-0.6666666666666666,0,0
0.21032747450598432,0.32191626158204995,-0.10869565217391304,0.2870285188592458,0.0,1,0.3333333333333333,1,0
0.4844231932822716,-0.31486292768357194,0.6086956521739131,-0.3100275988960441,1.0,0,0.0,1,0
0.13928365874175413,-0.8188680086705318,0.9347826086956522,-0.8261269549218031,2.0,0,-0.6666666666666666,0,0
0.010743643098537535,-0.9030409070472518,0.8260869565217391,-0.9172033118675252,2.0,0,-0.6666666666666666,0,0
-0.09532031699650244,-0.9168643616657853,0.5,-0.9107635694572217,1.0,0,-0.6666666666666666,0,0
1.4942518557872522,0.37995305948048336,0.9130434782608695,0.35970561177552923,2.0,0,1.3333333333333333,0,0
-0.20970764894260713,-0.8117384763107299,-0.06521739130434782,-0.8160073597056118,1.0,0,-0.6666666666666666,0,0
0.7436430985375069,0.7649937993285695,0.13043478260869565,0.7884084636614538,2.0,1,1.3333333333333333,0,0
0.7225542716311744,-0.008703063101247634,0.5652173913043478,-0.023919043238270418,2.0,1,-0.6666666666666666,0,0
-0.21375127285606765,-0.9222858468464445,0.08695652173913043,-0.9245630174793008,2.0,0,-0.6666666666666666,0,0
1.9142869792358437,0.7210755254360847,0.9347826086956522,0.723091076356946,2.0,1,1.0,1,0
-0.4059414707575154,-0.9428178686067297,-0.6086956521739131,-0.9411223551057957,0.0,0,-0.6666666666666666,0,0
-0.32351942857986155,-0.7465568818295382,-0.41304347826086957,-0.670653173873045,0.0,0,-0.3333333333333333,0,1
0.5835805256711089,0.38331970939456234,0.17391304347826086,0.361545538178473,0.0,1,0.3333333333333333,1,0
-0.2810171042339989,-0.6170221723009252,-0.3695652173913043,-0.6688132474701012,0.0,0,0.0,0,0
-0.40558728472129985,-0.9206935676078918,-0.6086956521739131,-0.9190432382704692,1.0,0,-0.6666666666666666,0,0
0.28069243370080144,-0.5993113323324332,0.717391304347826,-0.5841766329346826,2.0,0,0.3333333333333333,0,0
-0.4041557828249288,-0.8312745177375884,-0.6086956521739131,-0.8298068077276909,0.0,0,-0.6666666666666666,0,0
-0.07030592818878117,-0.11238837625451382,-0.2391304347826087,-0.1793928242870284,0.0,0,0.0,0,0
1.4015731763108572,0.34465345648687923,0.8695652173913043,0.3606255749770011,0.0,1,0.0,1,1
-0.36886999896695744,0.03802614234175272,-0.5869565217391305,0.08095676172953094,0.0,1,-0.3333333333333333,1,0
-0.28913386756393794,-0.8941541100500753,-0.21739130434782608,-0.9153633854645814,0.0,0,-0.6666666666666666,0,0
-0.09887693511016662,0.33109631008677615,-0.3695652173913043,0.2594296228150876,0.0,1,-0.3333333333333333,1,1
-0.35794926285031214,-0.924380951107698,-0.43478260869565216,-0.9190432382704692,0.0,0,-0.6666666666666666,0,0
0.24143681468691439,0.21403041957787858,-0.043478260869565216,0.20883164673413082,1.0,0,1.0,1,0
0.23199185372116712,0.19217925809754496,-0.043478260869565216,0.16835326586936536,0.0,1,-0.3333333333333333,1,1
-0.3852953763964522,0.3468445104505324,-0.6086956521739131,0.3459061637534501,0.0,1,0.0,0,1
-0.27585189120585585,-0.9434708427681537,-0.10869565217391304,-0.9208831646734131,0.0,0,-0.6666666666666666,0,0
-0.10560646979826153,0.06851290234907995,-0.32608695652173914,0.08463661453541875,0.0,1,-0.6666666666666666,1,1
0.26044479863048065,0.015066418518739695,0.06521739130434782,0.07451701931922745,0.0,1,-0.3333333333333333,1,1
-0.34905033869039714,-0.9415608060499776,-0.391304347826087,-0.9264029438822448,1.0,0,-0.6666666666666666,0,0
-0.4042295715824737,-0.8358837471123464,-0.6086956521739131,-0.8344066237350506,0.0,0,-0.6666666666666666,0,0
0.521863608860554,0.23765429247271475,0.1956521739130435,0.18583256669733228,0.0,1,-0.3333333333333333,0,0
-0.3494340402296306,-0.865280387791358,-0.43478260869565216,-0.9310027598896045,2.0,0,-0.6666666666666666,0,0
0.641120998804622,-0.07904828377709824,0.5434782608695652,-0.08647654093836227,2.0,0,0.3333333333333333,0,0
0.20234353093962604,0.02562890471309333,0.0,0.011959521619135341,1.0,0,0.0,0,0
0.7808769055946636,0.39612136267521664,0.32608695652173914,0.346826126954922,0.0,1,0.0,1,0
1.1190655391744515,0.32376711456403245,0.6521739130434783,0.3017479300827968,2.0,0,1.3333333333333333,1,0
-0.3537137881672348,-0.09133956210978582,-0.5652173913043478,-0.27690892364305425,0.0,0,-0.3333333333333333,1,1
-0.0906421097681557,-0.18296079934802914,-0.2391304347826087,-0.1628334866605335,1.0,0,0.3333333333333333,0,0
0.08193503637785751,-0.8366680040507378,0.8260869565217391,-0.8325666973321066,2.0,0,-0.6666666666666666,0,0
-0.05563672318885495,-0.2860864868741783,-0.15217391304347827,-0.27966881324747006,0.0,0,0.0,1,1
-0.08282050146839626,-0.674448980101886,0.08695652173913043,-0.6678932842686293,1.0,0,0.0,0,0
-0.3800121013562374,-0.9020722809338699,-0.5217391304347826,-0.9273229070837166,0.0,0,-0.6666666666666666,0,0
-0.4003482829356119,-0.9451224832941086,-0.5869565217391305,-0.9273229070837166,0.0,0,-0.6666666666666666,0,0
1.4594678354805863,0.32648708071201826,0.9347826086956522,0.3560257589696414,2.0,0,1.3333333333333333,0,0
-0.35727040628089907,-0.9196692944135011,-0.43478260869565216,-0.9190432382704692,0.0,0,-0.6666666666666666,0,0
0.08687888313336585,-0.83205877467598,0.8260869565217391,-0.8104875804967802,2.0,0,-0.6666666666666666,0,0
-0.004811026991927497,0.291360911851884,-0.2826086956521739,0.268629254829807,0.0,1,-0.3333333333333333,1,1
-0.37099511518425055,-0.979691703604793,-0.45652173913043476,-0.9135234590616375,0.0,0,-0.6666666666666666,0,0
-0.34696949572763097,-0.4892696981305519,-0.5217391304347826,-0.498620055197792,0.0,0,0.6666666666666666,0,1
-0.09663375688080161,-0.44137379288850215,-0.13043478260869565,-0.404783808647654,1.0,0,-0.6666666666666666,0,1
-0.38812886468617647,0.16985010245982868,-0.6086956521739131,0.16927322907083725,0.0,1,-0.3333333333333333,1,1
0.6051563583772378,-0.026558379657355316,0.45652173913043476,0.01287948482060723,0.0,1,-0.6666666666666666,1,1
-0.3026814834491817,-0.8965628961753357,-0.2608695652173913,-0.936522539098436,2.0,0,-0.6666666666666666,0,0
1.8178745886276768,0.7512094921866467,0.8478260869565217,0.7442502299908005,2.0,1,1.0,0,0
-0.3866678472867874,0.26111284408003527,-0.6086956521739131,0.26034958601655944,0.0,1,-0.3333333333333333,1,1
0.12353713788167235,0.040312320111632556,-0.08695652173913043,-0.019319227230910712,0.0,1,-0.6666666666666666,1,0
0.5687047121500568,-0.3828446557014402,0.8260869565217391,-0.3863845446182152,1.0,0,0.6666666666666666,0,0
-0.20278626348489545,-0.8891779617579846,0.06521739130434782,-0.9199632014719411,1.0,0,-0.6666666666666666,0,0
1.6875784005548915,0.6602996257213818,0.8260869565217391,0.6485740570377185,1.0,1,0.6666666666666666,1,0
0.9582355632295865,-0.10836810396653036,0.9347826086956522,-0.1085556577736889,2.0,0,1.3333333333333333,0,0
1.858399374271336,0.700326960387952,0.9130434782608695,0.7037718491260351,2.0,1,1.0,0,1
-0.3968802113310016,-0.37680450138645893,-0.6086956521739131,-0.3762649494020239,0.0,0,-0.3333333333333333,1,0
-0.0042649901860952605,-0.7436590793617556,0.3695652173913043,-0.7368905243790249,0.0,0,-0.3333333333333333,0,1
-0.38839450421333804,-0.5717749039387182,-0.5869565217391305,-0.735050597976081,0.0,0,-0.3333333333333333,1,1
-0.3982084089668098,-0.45977063013210123,-0.6086956521739131,-0.4590616375344986,0.0,0,-0.6666666666666666,0,1
0.5017930668083411,-0.10814404420525753,0.41304347826086957,-0.08647654093836227,1.0,0,0.3333333333333333,1,0
1.512315343634244,0.6733290724579745,0.6956521739130435,0.6062557497700093,1.0,1,0.6666666666666666,0,0
0.35164770295597764,0.1930979031187638,0.06521739130434782,0.25390984360625596,0.0,1,0.0,0,1
-0.3871991263411107,-0.5344401460031792,-0.5869565217391305,-0.4765409383624654,0.0,0,-0.6666666666666666,1,0
-0.3942385738108942,-0.9351358196487999,-0.5652173913043478,-0.9310027598896045,0.0,0,-0.6666666666666666,1,1
-0.2859019199834713,0.27364994797937664,-0.5217391304347826,0.2769089236430545,0.0,1,0.0,0,1
1.4604713625831969,0.3502332678218332,0.9130434782608695,0.35970561177552923,2.0,0,1.3333333333333333,0,0
0.18777763020026272,-0.2848939761784485,0.17391304347826086,-0.28150873965041395,0.0,0,-0.3333333333333333,0,0
1.5659450126178778,0.6036282244793529,0.782608695652174,0.6209751609935603,2.0,1,0.6666666666666666,0,0
1.7267011998051978,0.6967744528034213,0.8260869565217391,0.6669733210671573,1.0,1,0.6666666666666666,0,0
0.6740603001726657,0.08720379779325134,0.43478260869565216,0.08923643054277845,0.0,1,-0.6666666666666666,0,1
0.6174938386387452,-0.011145116628164645,0.45652173913043476,0.002759889604415928,2.0,0,0.3333333333333333,0,0
-0.29025545667862046,-0.9935931393990629,-0.08695652173913043,-0.9337626494940202,1.0,0,-0.6666666666666666,1,0
-0.13490060654358701,-0.2800649107444812,-0.2608695652173913,-0.2667893284268628,1.0,0,-0.3333333333333333,0,1
0.04858251796756251,-0.847651685859775,0.7608695652173914,-0.8518859245630175,2.0,0,-0.6666666666666666,0,0
-0.12519000605067812,-0.5811592949457254,-0.08695652173913043,-0.593376264949402,1.0,0,0.0,0,0
0.32140907011407743,0.6939796027529517,-0.13043478260869565,0.6632934682612698,0.0,1,0.6666666666666666,1,1
-0.16716105134221748,-0.6605793898923873,-0.10869565217391304,-0.6642134314627415,0.0,0,0.0,0,0
0.7130945529139181,0.6019715850317268,0.17391304347826086,0.5464581416743332,0.0,1,0.3333333333333333,1,0
0.02911704372721775,0.01414594443824492,-0.17391304347826086,-0.03127874885004579,0.0,1,-0.6666666666666666,1,0
-0.398090346954738,-0.4523958631324886,-0.6086956521739131,-0.45170193192272307,0.0,0,-0.6666666666666666,0,0
-0.18218444237835923,0.136294912611591,-0.41304347826086957,0.09935602575896976,0.0,1,-0.6666666666666666,0,0
-0.24739894629654227,0.41275649050957053,-0.5,0.2585096596136157,0.0,1,0.0,1,1
1.0379126636265699,0.47857809352204456,0.4782608695652174,0.47930082796688156,1.0,1,0.3333333333333333,0,0
-0.35631115243281536,-0.9513910352437794,-0.41304347826086957,-0.9162833486660534,0.0,0,-0.6666666666666666,0,0
-0.3208187600537182,-0.3516073808044489,-0.5,-0.35694572217111303,0.0,0,0.6666666666666666,0,0
0.86297427723912,0.39717337247448486,0.391304347826087,0.3707451701931924,2.0,0,1.3333333333333333,0,0
1.011201133395316,0.1601782768865663,0.6956521739130435,0.16651333946642158,1.0,0,1.0,1,0
0.4852348696152655,-0.21947022945962644,0.5,-0.21343146274149025,2.0,0,1.0,0,0
0.21910833665382748,-0.17115385591154608,0.13043478260869565,-0.20055197792088303,0.0,0,0.0,0,0
1.793834211419548,0.6435230772483299,0.9130434782608695,0.6504139834406626,1.0,1,0.6666666666666666,0,0
-0.29676362509408066,-0.10117258477593598,-0.5,-0.2594296228150873,0.0,0,0.0,1,1
0.266141290712947,-0.35601175554032877,0.34782608695652173,-0.3137074517019319,2.0,0,0.0,0,0
-0.35628163692979736,0.4311934080086019,-0.5869565217391305,0.27966881324747017,0.0,1,-0.3333333333333333,1,1
-0.3344991957025428,-0.09264551043263401,-0.5434782608695652,-0.03127874885004579,0.0,0,0.3333333333333333,0,1
-0.40025973642655804,-0.9423569456692539,-0.5869565217391305,-0.8472861085556578,0.0,0,-0.6666666666666666,0,0
-0.32329806230722685,0.08227474433942845,-0.5434782608695652,0.1379944802207912,0.0,1,-0.3333333333333333,1,1
0.48672540251767243,-0.19652036890083005,0.4782608695652174,-0.19227230910763562,1.0,0,0.0,0,0
0.03301309012558851,-0.8339171425791162,0.6739130434782609,-0.8537258509659613,1.0,0,-0.6666666666666666,0,0
-0.36329156889656294,-0.9614596407446396,-0.43478260869565216,-0.9236430542778289,1.0,0,-0.6666666666666666,0,0
-0.31619958383140745,0.6897711759325205,-0.5652173913043478,0.6439742410303588,0.0,1,0.6666666666666666,0,1
0.07244580215758328,0.48181359178903144,-0.2608695652173913,0.46550137994480245,0.0,1,0.3333333333333333,0,0
-0.18667079883708917,0.45954016866336317,-0.45652173913043476,0.30726770929162844,0.0,1,-0.3333333333333333,1,1
0.7236611029943479,0.2448202202466519,0.3695652173913043,0.19595216191352358,2.0,0,1.0,0,0
1.2550139460751761,0.23416240879468622,0.8478260869565217,0.22263109475620993,2.0,0,1.3333333333333333,0,0
-0.39581765322235507,-0.31043159838994505,-0.6086956521739131,-0.3100275988960441,0.0,0,-0.3333333333333333,0,1
-0.3882764422012662,-0.9324471025135244,-0.5434782608695652,-0.9172033118675252,1.0,0,-0.6666666666666666,0,0
-0.4042000560794558,-0.8340400553624431,-0.6086956521739131,-0.8325666973321066,0.0,0,-0.6666666666666666,0,1
0.0360236714334204,-0.2981842174798741,-0.021739130434782608,-0.29346826126954917,1.0,0,0.0,0,0
0.2449639172975606,-0.24519327493183313,0.21739130434782608,-0.21619135234590606,1.0,0,0.0,0,0
-0.1492894142648426,0.19281244516316814,-0.391304347826087,0.26586936522539106,0.0,1,0.0,1,0
0.8606130369976831,-0.17751700371558807,0.9130434782608695,-0.1646734130634774,2.0,0,1.0,0,0
-0.3989462965422588,-0.9013348042339085,-0.5869565217391305,-0.9190432382704692,0.0,0,-0.6666666666666666,0,0
0.2864774722923216,0.15672916283968463,0.021739130434782608,0.17111315547378128,0.0,1,0.0,0,1
-0.3072268709139476,-0.9132645743803409,-0.2608695652173913,-0.9236430542778289,1.0,0,-0.6666666666666666,0,0
1.0857425362671744,0.40378106385436013,0.5652173913043478,0.4434222631094758,0.0,1,0.3333333333333333,0,0
0.924514101031567,0.14217883231688577,0.6304347826086957,0.17387304507819695,0.0,1,-0.3333333333333333,0,0
-0.3206269092841015,-0.16017072077283737,-0.5217391304347826,-0.29714811407543684,0.0,0,0.0,1,1
-0.4058676819999705,-0.9382086392319717,-0.6086956521739131,-0.936522539098436,0.0,0,-0.6666666666666666,1,1
-0.21136051711161286,0.09302961288053041,-0.43478260869565216,0.0680772769089237,0.0,1,-0.6666666666666666,1,0
-0.04641312849574239,-0.419422145297682,-0.06521739130434782,-0.390064397424103,0.0,0,-0.3333333333333333,0,0
-0.10938445418456043,-0.9192370511254683,0.45652173913043476,-0.937442502299908,2.0,0,-0.6666666666666666,0,0
2.003571375865173,0.7985361857618772,0.9347826086956522,0.7966881324747013,2.0,1,1.3333333333333333,0,0
0.9261226959460457,0.6464872963621197,0.30434782608695654,0.6559337626494942,1.0,1,1.0,0,0
0.014610173993890292,-0.8213811361153401,0.5869565217391305,-0.8169273229070837,2.0,0,-0.6666666666666666,0,0
-0.4059709862605334,-0.9446615603566328,-0.6086956521739131,-0.9429622815087396,0.0,0,-0.6666666666666666,0,0
1.7644662859166778,0.5910952570679116,0.9347826086956522,0.6080956761729533,2.0,1,0.6666666666666666,1,1
1.7504316642316378,0.5789192094695931,0.9347826086956522,0.5556577736890526,2.0,1,0.6666666666666666,0,0
0.6138191585130089,0.4824582813878536,0.15217391304347827,0.46090156393744275,0.0,1,0.0,1,0
-0.2957158247369431,0.15104444661081648,-0.5217391304347826,0.08831646734130656,0.0,0,0.6666666666666666,0,0
-0.09915733238883725,0.20452568960223816,-0.34782608695652173,0.2594296228150876,0.0,1,0.0,1,1
0.7662814893522822,0.37540078153141887,0.32608695652173914,0.3459061637534501,1.0,1,0.3333333333333333,0,0
1.7949262850312129,0.6722165966280856,0.8913043478260869,0.6908923643054281,1.0,1,1.0,1,0
-0.1650064196219064,-0.9467147625326615,0.32608695652173914,-0.9356025758969642,1.0,0,-0.6666666666666666,0,0
0.36423606499313765,0.21767085722294194,0.06521739130434782,0.2870285188592458,0.0,1,-0.3333333333333333,0,1
0.09557119877215507,-0.8376606384365284,0.8695652173913043,-0.8353265869365225,2.0,0,-0.6666666666666666,0,0
-0.10939921193606943,-0.11695919538448199,-0.2826086956521739,-0.20147194112235506,0.0,0,0.0,1,1
-0.059326161066099975,-0.9731981128091782,0.8478260869565217,-0.9356025758969642,1.0,0,-0.6666666666666666,0,0
-0.055799058455453715,0.09229981822952696,-0.2826086956521739,-0.007359705611775373,0.0,1,-0.6666666666666666,0,0
1.2933398267439973,0.26936878728364555,0.8478260869565217,0.2299908003679853,2.0,0,1.0,0,0
-0.38832071545579316,-0.9331384869197381,-0.5434782608695652,-0.9448022079116836,0.0,0,-0.6666666666666666,0,0
-0.10903026814834489,-0.5698603009676649,-0.06521739130434782,-0.5795768169273229,0.0,0,0.3333333333333333,0,0
-0.1588524372426617,-0.7523772259572497,0.0,-0.7313707451701932,0.0,0,-0.3333333333333333,1,1
-0.37559953365505233,-0.8469458976117653,-0.5217391304347826,-0.9199632014719411,0.0,0,-0.6666666666666666,0,0
1.5372707014359293,0.44229506618837583,0.8913043478260869,0.4535418583256671,1.0,1,0.3333333333333333,0,0
0.0939626038576763,0.019051481415665976,-0.10869565217391304,0.07451701931922745,1.0,0,0.6666666666666666,0,0
1.265536222901079,0.1582374051184247,0.9347826086956522,0.14903403863845463,2.0,0,1.0,0,0
-0.3896784285946194,0.07305628558991265,-0.6086956521739131,0.07267709291628341,0.0,1,-0.3333333333333333,0,0
0.661324360620416,-0.3393643896366396,0.8913043478260869,-0.35510579576816925,1.0,0,0.6666666666666666,0,0
-0.2041439766237216,-0.9368258704195445,0.15217391304347827,-0.9411223551057957,0.0,0,-0.6666666666666666,0,0
0.6905742241112144,0.5149843462213062,0.1956521739130435,0.5372585096596137,0.0,1,0.3333333333333333,1,1
-0.07380351529640942,-0.05556832707980196,-0.2608695652173913,-0.006439742410303484,0.0,1,-0.6666666666666666,1,1
0.9030858458405278,0.7061845293158048,0.2608695652173913,0.7129714811407545,1.0,1,1.0,0,0
-0.3982379244698278,-0.4616143218820044,-0.6086956521739131,-0.46090156393744247,0.0,0,-0.6666666666666666,1,1
-0.38929472705538587,-0.5998912031247416,-0.5869565217391305,-0.7451701931922723,0.0,0,-0.3333333333333333,0,1
-0.08175794335974972,0.17492025477206247,-0.32608695652173914,0.11223551057957698,0.0,1,-0.3333333333333333,1,0
-0.35840675314709053,0.3648205050120881,-0.5869565217391305,0.4553817847286109,0.0,1,0.6666666666666666,0,1
-0.40576437773940766,-0.9317557181073108,-0.6086956521739131,-0.9300827966881325,0.0,0,-0.6666666666666666,0,1
-0.13709951151842506,0.02221294002527541,-0.34782608695652173,0.04507819687212517,0.0,0,0.6666666666666666,1,0
-0.3790971207626806,-0.958335607501748,-0.5,-0.9457221711131554,0.0,0,-0.6666666666666666,0,0
-0.3131447292690485,0.24083223483110058,-0.5434782608695652,0.1159153633854648,0.0,1,-0.3333333333333333,0,1
-0.27434660055193993,0.41801101199679447,-0.5217391304347826,0.5298988040478384,0.0,1,0.6666666666666666,0,1
0.08112336004486362,0.755099320270756,-0.30434782608695654,0.5777368905243792,0.0,1,0.6666666666666666,1,0
0.6347456501527429,0.09384685213137381,0.391304347826087,0.09383624655013816,0.0,1,-0.3333333333333333,0,0
-0.26283555437493544,-0.13516565141477566,-0.45652173913043476,-0.11499540018399265,0.0,0,0.3333333333333333,0,0
-0.28168120305190303,-0.8193989738190945,-0.2608695652173913,-0.8224471021159153,0.0,0,-0.6666666666666666,0,0
-0.07172267233364325,0.11859547181252074,-0.30434782608695654,0.08739650413983442,0.0,1,-0.3333333333333333,0,0
0.3190035566181137,0.4584942281513986,-0.06521739130434782,0.46918123275069,1.0,1,0.6666666666666666,0,0
-0.042886025885096137,-0.29540150260269094,-0.13043478260869565,-0.29346826126954917,0.0,0,-0.3333333333333333,1,0
-0.3178229364973953,0.16777594924118766,-0.5434782608695652,0.04415823367065328,0.0,1,-0.3333333333333333,1,0
-0.2536857484393678,-0.9566455567310034,0.0,-0.9291628334866605,1.0,0,-0.6666666666666666,0,0
-0.27545343191511346,-0.9566086828960054,-0.08695652173913043,-0.9438822447102116,0.0,0,-0.6666666666666666,0,0
-0.28439662932955534,-0.4138831910234003,-0.43478260869565216,-0.46734130634774596,0.0,0,-0.6666666666666666,0,1
-0.15235902657871045,-0.3971363242951132,-0.2391304347826087,-0.38270469181232747,0.0,0,-0.3333333333333333,0,1
-0.31251014595416243,0.766591665511819,-0.5652173913043478,0.4507819687212512,0.0,1,0.0,1,0
0.5096884638656455,-0.4627632892044078,0.8695652173913043,-0.4434222631094756,2.0,0,0.6666666666666666,0,0
-0.31574209353462906,-0.8690701986106032,-0.32608695652173914,-0.9383624655013799,1.0,0,-0.6666666666666666,0,0
0.0,0.05641454163683945,-0.21739130434782608,-0.013799448022079119,0.0,0,0.0,0,0
0.5958294594235622,0.3167781526828808,0.21739130434782608,0.37442502299908026,0.0,1,0.0,1,0
0.5162556632871417,0.5728454346322103,0.043478260869565216,0.5712971481140757,0.0,1,0.6666666666666666,1,0
-0.28181402281548384,-0.9589885816631719,-0.10869565217391304,-0.9218031278748849,1.0,0,-0.6666666666666666,0,0
-0.21550744528563628,-0.4218432569912362,-0.32608695652173914,-0.39650413983440663,0.0,0,-0.3333333333333333,0,0
0.9931966765543603,0.07430941982617506,0.7608695652173914,0.0735970561177553,2.0,0,1.0,0,0
-0.10671330116143504,-0.9158999690581436,0.45652173913043476,-0.9383624655013799,1.0,0,-0.6666666666666666,0,0
0.6163722495240627,-0.06194095167463144,0.5,-0.029438822447102015,1.0,0,0.6666666666666666,1,0
0.3819010935493868,0.4734337029215618,-0.021739130434782608,0.549218031278749,1.0,1,0.3333333333333333,1,0
-0.28314222045129206,-0.9146796207093981,-0.17391304347826086,-0.9107635694572217,2.0,0,-0.6666666666666666,0,0
0.3111524328153363,0.5090893844420107,-0.08695652173913043,0.47010119595216215,0.0,1,0.3333333333333333,1,1
-0.320995853071826,-0.963857645046801,-0.2608695652173913,-0.9383624655013799,1.0,0,-0.6666666666666666,0,0
0.38216673307654847,-0.44192178672571114,0.6304347826086957,-0.4664213431462741,1.0,0,0.0,0,0
-0.019288381222236955,0.1447433589243827,-0.2608695652173913,0.205151793928243,0.0,1,-0.3333333333333333,0,1
-0.033441064919348874,-0.8336243209482492,0.4782608695652174,-0.8252069917203312,2.0,0,-0.6666666666666666,0,0
0.6294033441064919,-0.39365379543418494,0.9347826086956522,-0.3946642134314627,2.0,0,0.6666666666666666,0,0
0.8719174746535617,0.24503372468424492,0.5,0.2529898804047838,0.0,1,0.0,1,1
-0.24598220215168018,-0.9136260825665964,-0.043478260869565216,-0.9337626494940202,2.0,0,-0.6666666666666666,0,0
-0.3928365874175411,-0.9059440336086664,-0.5652173913043478,-0.9264029438822448,0.0,0,-0.6666666666666666,0,0
1.102330248963268,0.18082582990847104,0.7608695652173914,0.20147194112235517,2.0,0,1.0,0,0
0.8533669810067739,0.45912533801963507,0.34782608695652173,0.45722171113155496,2.0,1,0.3333333333333333,0,0
-0.38395242100913507,-0.7209602947017159,-0.5652173913043478,-0.623735050597976,0.0,0,-0.3333333333333333,0,1
1.3281828780566993,0.23384698017301658,0.9130434782608695,0.23827046918123282,2.0,0,1.0,0,0
-0.40421481383096475,-0.8349619012373948,-0.6086956521739131,-0.8334866605335787,0.0,0,-0.6666666666666666,0,1
-0.0690072460559909,-0.9278299261915687,0.6304347826086957,-0.9208831646734131,2.0,0,-0.6666666666666666,0,0
0.5009371172208202,0.3797327176951285,0.10869565217391304,0.3587856485740571,0.0,1,0.3333333333333333,1,0
-0.3037145260548103,-0.4543547856167606,-0.45652173913043476,-0.3771849126034958,0.0,0,-0.3333333333333333,1,1
-0.3310458818494414,-0.9613162424974249,-0.30434782608695654,-0.9300827966881325,0.0,0,-0.6666666666666666,0,0
0.6603946222753502,-0.28221752767173,0.8043478260869565,-0.28886844526218947,2.0,0,0.6666666666666666,0,0
-0.2990953498324995,-0.7111272720355657,-0.3695652173913043,-0.7543698252069917,0.0,0,-0.3333333333333333,0,0
-0.10597541358598603,-0.9676441316528397,0.6304347826086957,-0.9420423183072677,2.0,0,-0.6666666666666666,0,0
-0.39626038576762446,-0.9772334479382555,-0.5652173913043478,-0.9429622815087396,2.0,0,-0.6666666666666666,0,0
0.2797036643496997,-0.2925520760711168,0.30434782608695654,-0.27230910763569455,0.0,0,0.6666666666666666,0,1
-0.2186065731025221,0.042737799035949514,-0.43478260869565216,0.18767249310027606,0.0,1,0.0,1,0
-0.3905934091881761,-0.859237175944453,-0.5652173913043478,-0.9218031278748849,1.0,0,-0.6666666666666666,0,0
0.030592818878115758,-0.0412526029040832,-0.15217391304347827,-0.015639374425022896,1.0,0,0.3333333333333333,0,1
0.8217411195230294,0.6292289480950751,0.2391304347826087,0.6559337626494942,1.0,1,0.6666666666666666,0,0
0.1261049866442349,-0.8028599742979045,0.8478260869565217,-0.8252069917203312,2.0,0,-0.6666666666666666,0,0
1.1462640752055016,0.5052825024028585,0.5434782608695652,0.6246550137994481,0.0,1,0.6666666666666666,1,1
0.7761544251117899,0.18707018340392417,0.45652173913043476,0.1701931922723091,2.0,0,0.6666666666666666,0,0
-0.39530113191954075,-0.2781669927666397,-0.6086956521739131,-0.27782888684452617,0.0,0,-0.3333333333333333,1,0
1.513038473458184,0.3729634769074937,0.9347826086956522,0.32566697332106725,2.0,0,1.3333333333333333,0,0
-0.15928041203642213,-0.9027636653400835,0.2391304347826087,-0.9190432382704692,1.0,0,-0.6666666666666666,0,0
2.04080518292233,0.8308392016299722,0.9347826086956522,0.8693652253909845,2.0,1,1.3333333333333333,0,0
-0.3793775180413512,-0.9612547861057613,-0.5,-0.9264029438822448,0.0,0,-0.6666666666666666,0,0
-0.3844394268089314,-0.9573830334309648,-0.5217391304347826,-0.9328426862925483,0.0,0,-0.6666666666666666,0,0
0.5979693333923644,0.017015738441814584,0.41304347826086957,0.0036798528058878174,1.0,0,0.3333333333333333,0,0
-0.38390814775460813,0.4334980226959808,-0.6086956521739131,0.4323827046918124,0.0,1,0.0,1,1
0.7890822154336565,-0.12491011605593935,0.7608695652173914,-0.0837166513339466,1.0,0,0.3333333333333333,0,0
-0.31187556263927635,-0.9303458361809143,-0.2608695652173913,-0.9254829806807728,1.0,0,-0.6666666666666666,0,0
0.5236640545446496,0.1637428735382745,0.2391304347826087,0.17755289788408476,0.0,1,0.0,1,0
0.005268517288705934,-0.6616773607922279,0.2608695652173913,-0.6430542778288868,1.0,0,0.0,0,0
0.7615442511178996,0.14007990332168652,0.4782608695652174,0.1701931922723091,1.0,1,-0.3333333333333333,0,0
0.6034297014506871,0.24964598075746675,0.2608695652173913,0.18215271389144447,0.0,1,-0.3333333333333333,1,0
-0.39671787606440284,-0.36666419676199147,-0.6086956521739131,-0.36614535418583244,0.0,0,-0.3333333333333333,0,1
-0.39907911630583964,-0.9054831106711907,-0.5869565217391305,-0.9181232750689972,0.0,0,-0.6666666666666666,0,0
1.2003659922374228,0.1839624782807786,0.8478260869565217,0.1701931922723091,1.0,1,0.0,0,0
-0.2428535588317764,-0.857585535418498,-0.10869565217391304,-0.8399264029438822,2.0,0,-0.6666666666666666,0,0
1.211212939596523,0.15133416960008692,0.8913043478260869,0.12787488500459987,2.0,0,0.6666666666666666,0,0
-0.38302268266406936,-0.7016015313277327,-0.5652173913043478,-0.7470101195952161,0.0,0,-0.3333333333333333,1,0
-0.37883148123551896,-0.273096840454406,-0.5869565217391305,-0.468261269549218,0.0,0,-0.6666666666666666,0,0
-0.3837458124880093,-0.7166583472852751,-0.5652173913043478,-0.7460901563937443,0.0,0,-0.3333333333333333,0,0
-0.2578031611103732,0.07569013094691736,-0.4782608695652174,0.07911683532658716,0.0,0,0.3333333333333333,1,1
-0.13892947270553857,0.013419948602660426,-0.34782608695652173,0.029438822447102275,0.0,0,0.3333333333333333,1,0
-0.36996207257862196,-0.9251711047147995,-0.4782608695652174,-0.9126034958601655,0.0,0,-0.6666666666666666,0,0
-0.22605923761455707,-0.3309426691076178,-0.3695652173913043,-0.25850965961361544,0.0,0,-0.3333333333333333,0,0
1.23426454745355,0.6430005427675243,0.5217391304347826,0.6421343146274151,1.0,1,0.6666666666666666,1,0
-0.10284677026608229,0.3104315983899448,-0.3695652173913043,0.4388224471021161,0.0,1,0.0,1,1
-0.04396334174525171,-0.9322824871787116,0.7391304347826086,-0.9346826126954922,2.0,0,-0.6666666666666666,0,0
-0.03149304172016353,0.28612559548705463,-0.30434782608695654,0.2594296228150876,0.0,0,1.3333333333333333,0,0
0.1608004604418471,-0.30359457481738755,0.15217391304347827,-0.3072677092916283,1.0,0,0.0,0,0
-0.37670636501822585,-0.7517653110230146,-0.5434782608695652,-0.7442502299908004,0.0,0,-0.3333333333333333,1,0
-0.27803603842918495,-0.9491555589970218,-0.10869565217391304,-0.9319227230910763,2.0,0,-0.6666666666666666,0,0
0.3842918492938417,-0.48178914553873153,0.6956521739130435,-0.4903403863845445,1.0,0,0.6666666666666666,0,0
-0.15324449166924928,-0.2881344512895537,-0.2826086956521739,-0.27690892364305425,0.0,0,-0.3333333333333333,1,0
-0.037632266347899235,-0.9374144335550904,0.782608695652174,-0.9291628334866605,2.0,0,-0.6666666666666666,0,0
-0.2655362229010788,-0.945867051116185,-0.06521739130434782,-0.9328426862925483,2.0,0,-0.6666666666666666,0,0
-0.17577957822346188,-0.3761131169802452,-0.2826086956521739,-0.38454461821527125,0.0,0,-0.3333333333333333,0,0
1.2894585380971357,0.6709245491557325,0.5434782608695652,0.6660533578656855,1.0,1,0.6666666666666666,0,1
-0.4056758312303538,-0.9262246428576012,-0.6086956521739131,-0.9245630174793008,0.0,0,-0.6666666666666666,0,1
-0.3800563746107643,-0.9026253884588408,-0.5217391304347826,-0.9181232750689972,2.0,0,-0.6666666666666666,0,0
-0.20203361815793747,-0.6077996703677472,-0.21739130434782608,-0.5639374425022998,0.0,0,0.0,1,0
-0.24390135918891398,-0.24922103229315992,-0.41304347826086957,-0.2916283348666053,0.0,0,-0.3333333333333333,0,0
0.14925989876182466,0.22644342313076915,-0.13043478260869565,0.24747010119595225,0.0,1,0.3333333333333333,1,1
-0.3646345242838801,-0.31872821126450923,-0.5652173913043478,-0.27966881324747006,0.0,0,-0.3333333333333333,0,1
1.9533950207346409,0.7550045750002747,0.9347826086956522,0.7589696412143515,2.0,1,1.0,0,0
-0.15876389073360783,0.28259185296640693,-0.41304347826086957,0.29990800367985304,0.0,1,-0.3333333333333333,1,1
-0.24888947919894927,-0.2803794228665236,-0.41304347826086957,-0.27230910763569455,0.0,0,0.0,0,0
-0.3570195245052464,-0.9868150580930553,-0.391304347826087,-0.9162833486660534,1.0,0,-0.6666666666666666,0,0
0.785761721344136,0.724651830660418,0.17391304347826086,0.6697332106715733,0.0,1,0.6666666666666666,0,1
-0.08792668349050335,-0.1074628272167821,-0.2608695652173913,-0.15179392824287016,1.0,0,0.0,0,0
0.67602308112336,0.590391069246768,0.15217391304347827,0.628334866605336,0.0,1,0.6666666666666666,0,0
0.10563598530127953,0.603768378422332,-0.2608695652173913,0.5786568537258511,0.0,1,0.6666666666666666,1,0
1.7167102020336185,0.7175243237132599,0.8043478260869565,0.7405703771849127,1.0,1,1.0,0,0
1.1422352090435501,0.29435974448812496,0.6956521739130435,0.2677092916283351,1.0,0,1.3333333333333333,0,0
0.22512949926949138,0.5111006845328141,-0.15217391304347827,0.4204231830726773,0.0,1,0.3333333333333333,0,0
-0.40440666460058144,-0.8469458976117653,-0.6086956521739131,-0.8454461821527139,0.0,0,-0.6666666666666666,1,0
-0.2835259219905255,0.0366433735293253,-0.5,0.0036798528058878174,0.0,1,-0.6666666666666666,0,0
0.30713832440489375,0.15147265888821349,0.043478260869565216,0.14903403863845463,0.0,1,0.0,1,1
1.2435471731526986,0.22362896401766585,0.8478260869565217,0.2695492180312789,2.0,0,1.3333333333333333,0,0
0.43671138265373893,0.261736445701326,0.10869565217391304,0.31462741490340407,0.0,1,0.0,1,1
0.8969023479582652,0.2750468990360342,0.5,0.2842686292548299,0.0,1,0.3333333333333333,0,0
-0.1269756939832647,0.48115745443097774,-0.41304347826086957,0.3817847286108556,0.0,1,0.3333333333333333,1,0
0.17126370626171397,-0.04131617848166635,0.0,0.007359705611775635,0.0,1,-0.6666666666666666,1,1
0.019568778500907588,-0.9227293105817432,0.9347826086956522,-0.9245630174793008,2.0,0,-0.6666666666666666,0,0
-0.13075367836956361,-0.9235375602008276,0.391304347826087,-0.9254829806807728,1.0,0,-0.6666666666666666,0,0
0.12592789362612716,0.10224807163004623,-0.10869565217391304,0.08187672493100281,1.0,0,0.3333333333333333,0,0
0.06091999822906985,-0.8427054065869881,0.782608695652174,-0.8380864765409384,1.0,0,-0.6666666666666666,0,0
-0.2937678015377577,0.5434281432839569,-0.5434782608695652,0.5611775528978842,0.0,1,0.3333333333333333,0,0
-0.05194728531160993,0.5753854669489451,-0.3695652173913043,0.5703771849126036,0.0,1,0.3333333333333333,1,1
-0.3874942813712903,0.20948947508274676,-0.6086956521739131,0.20883164673413082,0.0,1,-0.3333333333333333,1,1
0.22921739643747885,-0.08379718676927293,0.08695652173913043,-0.038638454461821424,0.0,1,-0.6666666666666666,1,1
0.6612210563598531,0.6742082485142202,0.10869565217391304,0.6393744250229991,0.0,1,1.0,1,0
-0.3253051165124482,-0.9117384933940764,-0.32608695652173914,-0.9190432382704692,2.0,0,-0.6666666666666666,0,0
-0.31797051401248505,0.16547133455380872,-0.5434782608695652,0.16191352345906188,0.0,1,-0.3333333333333333,1,1
-0.3471023154912118,-0.9868537369409552,-0.34782608695652173,-0.9264029438822448,1.0,0,-0.6666666666666666,0,0
1.0853883502309587,0.14181180561707055,0.782608695652174,0.16651333946642158,2.0,0,0.6666666666666666,0,0
0.00850046486917252,-0.15584205318610816,-0.13043478260869565,-0.24195032198712038,1.0,0,0.0,0,0
0.49410427827216247,-0.2681607748148926,0.5652173913043478,-0.21619135234590606,2.0,0,0.3333333333333333,1,0
0.9728604949749855,0.46811427595946875,0.43478260869565216,0.4498620055197793,2.0,1,0.3333333333333333,1,0
1.4058381664969526,0.5953127019458154,0.6739130434782609,0.5915363385464583,1.0,1,0.6666666666666666,0,0
0.01419695695163889,-0.9113281479217894,0.8695652173913043,-0.9199632014719411,1.0,0,-0.6666666666666666,0,0
0.582783607089624,0.25606573791467546,0.2391304347826087,0.2677092916283351,0.0,1,-0.3333333333333333,1,0
0.9672525494015731,-0.011271973627673201,0.8260869565217391,-0.02115915363385449,2.0,0,0.6666666666666666,0,0
0.6137748852584821,0.5332154079121719,0.13043478260869565,0.46182152713891467,0.0,1,0.0,1,1
0.1419695695163885,0.5231596635860083,-0.21739130434782608,0.5630174793008281,1.0,1,0.3333333333333333,1,1
-0.33122297486754915,-0.9105532629834243,-0.34782608695652173,-0.9107635694572217,2.0,0,-0.6666666666666666,0,0
0.664246395419194,0.342302733212966,0.2608695652173913,0.33394664213431474,0.0,1,0.0,0,0
-0.3715411519900828,-0.6711037969647512,-0.5434782608695652,-0.6504139834406624,0.0,0,0.0,0,0
-0.022048080754416274,-0.2828914528757666,-0.10869565217391304,-0.27966881324747006,0.0,0,0.0,1,0
-0.34389988341376304,-0.450920909732566,-0.5217391304347826,-0.35694572217111303,0.0,0,0.3333333333333333,0,0
-0.30232729741296616,0.06844705621515475,-0.5217391304347826,-0.11683532658693643,0.0,0,0.0,1,0
-0.3912132347515533,-0.02281568540505184,-0.6086956521739131,-0.02299908003679853,0.0,1,-0.6666666666666666,0,1
1.274966426115317,0.1664187872586199,0.9347826086956522,0.18123275068997258,2.0,0,1.0,0,0
-0.04760850636796977,-0.34941799685143904,-0.10869565217391304,-0.3873045078196872,0.0,0,-0.3333333333333333,0,0
0.6425672584525023,0.27103366159141895,0.2826086956521739,0.2575896964121435,2.0,0,1.0,0,0
-0.38702203332300295,-0.9128578776708033,-0.5434782608695652,-0.9254829806807728,0.0,0,-0.6666666666666666,0,0
1.9602426174348078,0.8819895974169096,0.8478260869565217,0.862005519779209,1.0,1,1.3333333333333333,0,0
-0.24059562285090244,-0.9730991088627149,0.08695652173913043,-0.9245630174793008,1.0,0,-0.6666666666666666,0,0
-0.39106565723646347,-0.013597226655536032,-0.6086956521739131,-0.013799448022079119,0.0,1,-0.6666666666666666,1,1
0.49346969495727633,0.5269315626668797,0.043478260869565216,0.6090156393744253,1.0,1,0.6666666666666666,1,1
-0.32142382786558643,0.11154335086914127,-0.5434782608695652,0.13983440662373522,0.0,1,-0.3333333333333333,0,1
1.8416788418116616,0.7430779156579816,0.8695652173913043,0.7286108555657776,2.0,1,1.0,1,0
0.6665928779091218,0.47556330551614,0.1956521739130435,0.4489420423183074,0.0,1,0.0,1,0
-0.34038753855462583,0.18613604625064006,-0.5652173913043478,0.17755289788408476,0.0,1,0.0,1,0
0.7307300659671493,0.18978501950565682,0.41304347826086957,0.17111315547378128,2.0,0,0.6666666666666666,1,0
-0.2971178111302962,-0.8200279980631792,-0.30434782608695654,-0.8307267709291628,2.0,0,-0.6666666666666666,0,0
-0.2559141689172238,-0.9077877253585697,-0.08695652173913043,-0.9282428702851886,1.0,0,-0.6666666666666666,0,0
-0.388453535219374,0.149569493210894,-0.6086956521739131,0.14903403863845463,0.0,1,-0.3333333333333333,1,1
0.2095600714275174,-0.4884438778675742,0.41304347826086957,-0.47010119595216193,0.0,0,0.3333333333333333,1,0
-0.40561680022431784,-0.922537259357795,-0.6086956521739131,-0.9208831646734131,0.0,0,-0.6666666666666666,0,0
-0.4059414707575154,-0.9428178686067297,-0.6086956521739131,-0.9411223551057957,0.0,0,-0.6666666666666666,1,0
0.4794941042782722,0.20759595382608925,0.17391304347826086,0.17847286108555666,1.0,1,0.0,1,0
1.6698100677380794,0.6731360480981669,0.8043478260869565,0.6807727690892365,1.0,1,1.0,0,0
-0.060226383908147746,-0.4526085967959389,-0.06521739130434782,-0.4139834406623734,1.0,0,0.6666666666666666,0,0
0.901477250926049,0.0051323403276074,0.7391304347826086,0.008279668813247524,1.0,0,0.6666666666666666,0,0
-0.3362701258836204,-0.8262043654253547,-0.41304347826086957,-0.7516099356025758,0.0,0,-0.3333333333333333,0,1
-0.36825017340358024,0.05738490571573587,-0.5869565217391305,0.007359705611775635,0.0,0,0.3333333333333333,1,1
-0.11319195407387732,-0.26121527139947454,-0.2391304347826087,-0.20699172033118665,0.0,0,0.0,0,0
0.09456767166954447,-0.80276931482307,0.7608695652173914,-0.8242870285188593,2.0,0,-0.6666666666666666,0,0
-0.18655273682501733,0.26520993685759797,-0.43478260869565216,0.2594296228150876,0.0,1,-0.3333333333333333,1,1
-0.2535972019303139,-0.9442994066200447,-0.021739130434782608,-0.9218031278748849,0.0,0,-0.6666666666666666,0,0
-0.38930948480689487,0.09610243246370218,-0.6086956521739131,0.09567617295308194,0.0,1,-0.3333333333333333,1,0
-0.3115804076090967,0.26526115051731725,-0.5434782608695652,0.28150873965041423,0.0,1,-0.3333333333333333,1,1
0.3254969672820649,-0.08513731837217312,0.1956521739130435,-0.003679852805887556,1.0,0,0.6666666666666666,0,1
1.4400171189917503,0.4556502584183022,0.8043478260869565,0.45906163753449875,1.0,1,0.3333333333333333,1,0
-0.3908738064668467,-0.0016132302811653718,-0.6086956521739131,-0.001839926402943778,0.0,1,-0.6666666666666666,1,0
-0.14338631366125057,-0.3659984191856375,-0.2391304347826087,-0.36890524379024836,0.0,0,-0.3333333333333333,0,0
1.038576762444474,0.47939148694111955,0.4782608695652174,0.5050597976080958,0.0,1,0.3333333333333333,1,1
-0.4116084473369638,-0.9308338722323591,-0.6304347826086957,-0.9291628334866605,2.0,0,-0.6666666666666666,0,0
-0.3979427694396482,-0.4431774043829728,-0.6086956521739131,-0.44250229990800366,0.0,0,-0.6666666666666666,0,1
-0.3489470344298343,-0.9706268858344358,-0.3695652173913043,-0.9383624655013799,2.0,0,-0.6666666666666666,0,0
0.899898171514588,0.7013279754380111,0.2608695652173913,0.6614535418583258,0.0,1,0.6666666666666666,1,1
-0.3182804267941736,-0.8109939084886537,-0.3695652173913043,-0.8344066237350506,0.0,0,-0.6666666666666666,1,0
-0.0931214120216644,-0.9350911240912265,0.5652173913043478,-0.9208831646734131,2.0,0,-0.6666666666666666,0,0
-0.24494915954605156,0.1903940962444639,-0.4782608695652174,0.09199632014719412,0.0,1,-0.6666666666666666,1,0
-0.08822183852068295,0.38656070356302974,-0.3695652173913043,0.3505059797608098,0.0,1,0.3333333333333333,1,1
1.4071073331267248,0.37387628507778886,0.8478260869565217,0.32474701011959534,2.0,0,1.3333333333333333,0,0
-0.27995454612535237,0.34795072550047434,-0.5217391304347826,0.23551057957681715,0.0,1,-0.3333333333333333,0,1
0.21000280397278678,-0.5043766825710848,0.43478260869565216,-0.48850045998160074,0.0,0,-0.6666666666666666,0,0
0.32968816871061535,-0.13917568097081492,0.2391304347826087,-0.1527138914443422,1.0,0,1.0,0,0
-0.31757205472174255,-0.9296815648886697,-0.2826086956521739,-0.9245630174793008,1.0,0,-0.6666666666666666,0,0
-0.17200159383716299,0.19990227798325014,-0.41304347826086957,0.06991720331186774,0.0,1,-0.6666666666666666,0,1
1.7498561119227873,0.5784198762873273,0.9347826086956522,0.5703771849126036,1.0,1,0.6666666666666666,1,0
-0.35669485397204886,0.41828756575927994,-0.5869565217391305,0.25206991720331196,0.0,1,-0.3333333333333333,1,0
-0.2776080636354245,-0.9328779652594257,-0.13043478260869565,-0.9098436062557498,2.0,0,-0.6666666666666666,0,0
1.8085329319224923,0.6564548869870872,0.9130434782608695,0.6540938362465504,1.0,1,0.6666666666666666,1,0
-0.09964433818863357,0.4747296745574518,-0.391304347826087,0.5363385464581418,0.0,1,0.3333333333333333,1,1
-0.3985773527545343,-0.48281677700589076,-0.6086956521739131,-0.4820607175712971,0.0,0,-0.6666666666666666,0,1
-0.16540487891264888,-0.33560951384956017,-0.2826086956521739,-0.3026678932842686,0.0,0,0.0,0,1
-0.38638745000811675,0.2786279157041153,-0.6086956521739131,0.2778288868445264,0.0,1,-0.3333333333333333,0,1
-0.11651244816339783,0.23929582503951444,-0.3695652173913043,0.27046918123275077,0.0,1,0.0,0,0
0.2878204276796387,-0.48773328833896584,0.5434782608695652,-0.482980680772769,1.0,0,0.3333333333333333,0,0
1.4471746284736058,0.41068233729092923,0.8478260869565217,0.3652253909843608,2.0,1,0.3333333333333333,0,0
-0.34090405985744016,-0.1926657878648805,-0.5434782608695652,-0.3587856485740569,0.0,0,-0.6666666666666666,0,1
-0.3941352695503313,-0.20534116864546476,-0.6086956521739131,-0.20515179392824273,0.0,0,0.0,1,1
0.01974587151901539,-0.2988573112933307,-0.043478260869565216,-0.31094756209751595,0.0,0,0.0,0,0
-0.28870589277017755,-0.9312289490359098,-0.17391304347826086,-0.9273229070837166,0.0,0,-0.6666666666666666,0,0
-0.09856702232847805,0.2073621384482429,-0.34782608695652173,0.23643054277828904,0.0,1,0.0,1,1
1.0256046988680807,0.10594025641045124,0.7608695652173914,0.07911683532658716,0.0,0,0.6666666666666666,0,0
-0.39540443618010357,-0.2846199138913008,-0.6086956521739131,-0.28426862925482976,0.0,0,0.0,1,1
0.5523531234781068,-0.2404198300975697,0.6086956521739131,-0.2364305427782888,2.0,0,1.0,0,0
0.2537300216938947,0.6822647166650573,-0.17391304347826086,0.6172953081876728,0.0,1,0.6666666666666666,1,1
-0.3058986732781394,-0.9492707897313909,-0.21739130434782608,-0.9328426862925483,2.0,0,-0.6666666666666666,0,0
0.45608831038502984,0.45160783359422346,0.043478260869565216,0.4314627414903405,1.0,1,0.3333333333333333,1,0
0.9615708150706157,0.35273014180599227,0.5,0.3477460901563939,2.0,0,1.3333333333333333,0,0
0.889567745458302,0.47011133603373184,0.3695652173913043,0.43790248390064423,1.0,1,0.3333333333333333,1,0
-0.24018240580865102,-0.3233374406392672,-0.391304347826087,-0.2713891444342225,0.0,0,-0.3333333333333333,1,0
0.32486238396717876,-0.4288105233884444,0.5217391304347826,-0.3983440662373504,0.0,0,0.6666666666666666,0,0
-0.35839199539558153,-0.9946088459449186,-0.391304347826087,-0.9402023919043239,0.0,0,-0.6666666666666666,0,1
1.3339236433936925,0.616088196874987,0.6086956521739131,0.6356945722171116,0.0,1,0.6666666666666666,0,0
-0.3648558905565148,0.1633971813351677,-0.5869565217391305,0.09383624655013816,0.0,1,-0.6666666666666666,0,1
-0.38085329319224925,-0.3362432828885893,-0.5869565217391305,-0.2851885924563016,0.0,0,0.0,0,1
-0.0015348061569339432,-0.9360273701194103,0.9130434782608695,-0.9282428702851886,2.0,0,-0.6666666666666666,0,0
-0.4058824397514795,-0.9391304851069234,-0.6086956521739131,-0.937442502299908,0.0,0,-0.6666666666666666,0,0
0.0692581278316436,-0.8550798318025145,0.8478260869565217,-0.8334866605335787,2.0,0,-0.6666666666666666,0,0
1.3690913652395922,0.24807896768141427,0.9347826086956522,0.2594296228150876,2.0,0,1.3333333333333333,0,0
-0.3985035639969894,-0.8875071161096348,-0.5869565217391305,-0.939282428702852,0.0,0,-0.6666666666666666,0,0
-0.3835392039668836,0.45654416956977034,-0.6086956521739131,0.4553817847286109,0.0,1,0.0,1,1
0.5685276191319492,0.19647121260477204,0.2608695652173913,0.17479300827966884,1.0,0,1.0,0,0
0.13965260252947864,-0.8185479232972845,0.9347826086956522,-0.8242870285188593,2.0,0,-0.6666666666666666,0,0
-0.28233054411829817,0.04908829284117159,-0.5,0.09475620975161005,0.0,1,-0.6666666666666666,1,1
-0.3155502427650123,0.2032670154268235,-0.5434782608695652,0.06255749770009211,0.0,1,-0.3333333333333333,1,1
-0.0727409571877629,0.4671453971317136,-0.3695652173913043,0.47286108555657785,0.0,1,0.0,1,1
0.7608211212939596,-0.03411624432040652,0.6304347826086957,-0.035878564857405496,1.0,0,0.3333333333333333,1,0
-0.3655937781319638,-0.8861901934311326,-0.4782608695652174,-0.9144434222631095,0.0,0,-0.6666666666666666,0,0
0.6725402517672409,-0.2549364767178599,0.782608695652174,-0.27966881324747006,0.0,0,0.0,0,0
-0.3907705022062839,0.004839690843495592,-0.6086956521739131,0.004599816007359706,0.0,1,-0.6666666666666666,0,0
-0.07904251708209736,-0.9258460275875319,0.5869565217391305,-0.9273229070837166,1.0,0,-0.6666666666666666,0,0
-0.389929310370272,-0.9582587870121687,-0.5434782608695652,-0.9448022079116836,0.0,0,-0.6666666666666666,0,0
0.30061539823792455,-0.5297514471564427,0.6304347826086957,-0.482980680772769,1.0,0,-0.6666666666666666,0,0
1.62870972978557,0.7588204056627645,0.717391304347826,0.6853725850965962,2.0,1,0.6666666666666666,0,0
0.05531205265565742,-0.17502662160378782,-0.06521739130434782,-0.1619135234590616,1.0,0,0.0,1,0
1.2372603710098729,0.36443392448388245,0.717391304347826,0.37442502299908026,0.0,1,0.3333333333333333,0,0
1.3140597098626052,0.5617140687862293,0.6304347826086957,0.5317387304507821,1.0,1,0.6666666666666666,0,0
1.4846740750579241,0.4451295485887524,0.8478260869565217,0.39282428702851907,2.0,0,1.3333333333333333,1,0
1.3648263750534968,0.5222974712404971,0.6956521739130435,0.5584176632934684,1.0,1,0.6666666666666666,0,0
0.5840675314709052,0.18402896996503645,0.2826086956521739,0.14903403863845463,2.0,0,0.6666666666666666,0,0
0.04231047357624597,0.27842306106523734,-0.2391304347826087,0.25666973321067166,0.0,1,-0.3333333333333333,0,0
-0.09267867947639498,-0.941056484524233,0.5869565217391305,-0.9346826126954922,2.0,0,-0.6666666666666666,0,0
-0.3067693806171692,0.34039158932587116,-0.5434782608695652,0.3422263109475623,0.0,1,0.0,1,1
-0.38715485308658376,-0.9149320308894444,-0.5434782608695652,-0.9181232750689972,0.0,0,-0.6666666666666666,0,0
0.18355691326869442,-0.23460319056178497,0.13043478260869565,-0.2713891444342225,1.0,0,0.0,0,0
1.1607561871873202,0.23785063957930394,0.7608695652173914,0.30266789328426874,0.0,1,0.0,0,0
-0.2099437729667508,-0.8904510755167383,0.043478260869565216,-0.9089236430542778,1.0,0,-0.6666666666666666,0,0
-0.03881288646861764,-0.9492432719440788,0.8260869565217391,-0.9254829806807728,2.0,0,-0.6666666666666666,0,0
-0.36695149127079,-0.5994302801872657,-0.5434782608695652,-0.36154553817847274,0.0,0,-0.3333333333333333,0,1
1.8654093062381016,0.7351128237533532,0.8913043478260869,0.7966881324747013,2.0,1,1.3333333333333333,1,0
-0.35591269314207286,-0.13712457389904784,-0.5652173913043478,-0.311867525298988,0.0,0,-0.3333333333333333,0,1
1.2263248771417186,0.6336429374708458,0.5217391304347826,0.5804967801287951,0.0,1,0.3333333333333333,1,1
-0.3730907158985257,-0.09379781777632348,-0.5869565217391305,-0.19963201471941114,2.0,0,0.3333333333333333,0,0
0.3622142530364074,0.36998602069069625,0.0,0.32106715731370755,0.0,1,0.0,0,0
0.14188102300733463,-0.5611932901187954,0.391304347826087,-0.5234590616375345,2.0,0,0.3333333333333333,0,0
1.2665840232582164,0.24479074947059862,0.8478260869565217,0.23275068997240123,1.0,1,-0.3333333333333333,1,1
-0.1644161095615472,-0.010063484134888112,-0.3695652173913043,-0.009199632014719412,0.0,0,0.3333333333333333,0,0
-0.2931037027198536,-0.3715038876054873,-0.45652173913043476,-0.25850965961361544,0.0,0,0.0,0,0
1.3944304245805108,0.7923521363507435,0.5434782608695652,0.721251149954002,0.0,1,1.0,1,0
1.5012617877540178,0.4349008316361245,0.8695652173913043,0.40110395584176656,2.0,1,0.3333333333333333,0,0
0.11968536473782855,-0.020369248275372613,-0.06521739130434782,-0.015639374425022896,0.0,0,0.3333333333333333,0,0
1.6852319180649638,0.5223537223093693,0.9347826086956522,0.49034038638454475,2.0,1,0.6666666666666666,0,0
0.8322486385974233,-0.18683840501250806,0.8913043478260869,-0.22079116835326576,2.0,0,1.0,0,0
-0.39667360280987596,-0.36389865913713676,-0.6086956521739131,-0.36338546458141663,0.0,0,-0.3333333333333333,0,1
-0.1568601407889494,0.2944836647532825,-0.41304347826086957,0.3523459061637536,0.0,1,0.0,1,1
0.17639940378683908,0.014979995467963194,-0.021739130434782608,0.0009199632014721504,1.0,1,-0.6666666666666666,0,0
-0.3910066262304276,-0.009909843155729655,-0.6086956521739131,-0.010119595216191301,0.0,1,-0.6666666666666666,1,1
0.1634568557134635,0.41374418251844697,-0.17391304347826086,0.4406623735050599,0.0,1,0.0,1,0
0.9906583432948156,0.42070063290253545,0.4782608695652174,0.4314627414903405,0.0,1,0.3333333333333333,0,1
-0.11412169241894306,-0.9461921723754204,0.5217391304347826,-0.9346826126954922,1.0,0,-0.6666666666666666,0,0
1.0750579241746727,0.45536142391888906,0.5217391304347826,0.4710211591536341,1.0,1,0.6666666666666666,1,0
0.29434335384660804,0.5405857851695232,-0.10869565217391304,0.564857405703772,0.0,1,0.3333333333333333,1,1
1.6128746624164343,0.5097610150080468,0.8913043478260869,0.4498620055197793,2.0,0,1.3333333333333333,0,0
1.5133631439913815,0.674402040607508,0.6956521739130435,0.6881324747010121,1.0,1,1.0,1,0
-0.22924691194049673,-0.26123855033571064,-0.391304347826087,-0.28978840846366133,1.0,0,0.0,0,0
-0.36504774132613155,0.15740518314798238,-0.5869565217391305,0.017479300827966934,0.0,1,-0.6666666666666666,0,0
-0.2592199052552353,-0.9160474643981358,-0.08695652173913043,-0.9356025758969642,1.0,0,-0.6666666666666666,0,0
0.28613804400761506,-0.23376100244885017,0.2608695652173913,-0.25850965961361544,1.0,0,-0.3333333333333333,0,0
0.0865984858546952,0.43211525388355365,-0.2391304347826087,0.4480220791168355,0.0,1,0.0,1,1
1.8581189769926654,0.6723457282129496,0.9347826086956522,0.6218951241950325,2.0,1,0.6666666666666666,0,1
1.4298785437050812,0.3233179650221906,0.9130434782608695,0.3716651333946643,2.0,0,1.3333333333333333,0,0
0.1911128820412922,-0.18947999697350373,0.10869565217391304,-0.17571297148114073,1.0,0,0.3333333333333333,0,0
0.4169212378801966,0.4878233537405413,0.0,0.5234590616375346,0.0,1,0.6666666666666666,0,0
0.8034857809064212,0.6007208644121977,0.2391304347826087,0.5114995400183995,1.0,1,1.0,0,0
-0.022608875311757475,-0.6218362563145611,0.15217391304347827,-0.6439742410303587,1.0,0,0.0,0,0
0.9445256120777438,0.544740771649377,0.3695652173913043,0.6034958601655936,1.0,1,0.6666666666666666,1,0
1.4575345700329099,0.7162345101013892,0.6304347826086957,0.6881324747010121,1.0,1,1.0,1,0
0.5369460309027317,0.2224662285532191,0.21739130434782608,0.20331186752529923,1.0,1,-0.3333333333333333,0,0
-0.34385561015923616,-0.23875808161245957,-0.5434782608695652,-0.16375344986200538,0.0,0,0.0,0,1
1.057127256091262,0.46751768104275154,0.5,0.46642134314627437,1.0,1,0.3333333333333333,0,0
1.7456649104942372,0.62825771761968,0.8913043478260869,0.6338546458141675,1.0,1,0.6666666666666666,1,0
0.9328817461371585,-0.004747506256000779,0.782608695652174,0.011039558417663452,1.0,1,-0.6666666666666666,0,0
-0.39834122873039063,-0.46806724300666536,-0.6086956521739131,-0.46734130634774596,0.0,0,-0.6666666666666666,0,0
1.6493115508921061,0.5422758359402675,0.8913043478260869,0.5022999080036801,1.0,1,0.3333333333333333,1,0
-0.10903026814834489,-0.645061650997369,0.0,-0.6384544618215271,0.0,0,0.0,0,0
-0.38488215935420084,0.3726561949491765,-0.6086956521739131,0.3716651333946643,0.0,1,0.0,1,1
1.274966426115317,0.27561471799345266,0.8260869565217391,0.2741490340386386,2.0,0,1.0,0,0
-0.40585292424846153,-0.9372867933570203,-0.6086956521739131,-0.9356025758969642,0.0,0,-0.6666666666666666,0,0
0.2596773955520137,0.31596267363965425,-0.06521739130434782,0.33946642134314636,0.0,1,0.0,0,1
-0.17856879325865913,-0.8115777442094564,0.021739130434782608,-0.8325666973321066,2.0,0,-0.6666666666666666,0,0
1.0151709685512316,0.5599445485435061,0.41304347826086957,0.5464581416743332,0.0,1,0.6666666666666666,0,0
0.5127580761795134,-0.24697508052509615,0.5652173913043478,-0.2695492180312786,0.0,0,0.0,1,0
-0.23376278390224467,0.2902168352749351,-0.4782608695652174,0.2732290708371667,0.0,1,-0.3333333333333333,0,1
0.5828426380956598,0.3820739717257089,0.17391304347826086,0.38270469181232775,0.0,1,0.0,1,0
0.37768037661781856,0.29361534541300555,0.043478260869565216,0.24839006439742412,0.0,1,0.0,0,0
-0.3526512300585883,-0.3761131169802452,-0.5434782608695652,-0.4498620055197792,0.0,0,-0.6666666666666666,1,0
0.11695518070866724,-0.8382395754594448,0.9347826086956522,-0.8325666973321066,2.0,0,-0.6666666666666666,0,0
-0.27886247251368784,0.3615940444497577,-0.5217391304347826,0.38730450781968745,0.0,1,0.0,1,1
-0.4057938932424256,-0.9335994098572139,-0.6086956521739131,-0.9319227230910763,0.0,0,-0.6666666666666666,0,0
0.0016971414235327107,0.42434102033812837,-0.30434782608695654,0.38914443422263123,0.0,1,0.0,1,0
-0.29012263691503964,-0.3482272792629598,-0.45652173913043476,-0.35050597976080955,0.0,0,-0.3333333333333333,0,0
-0.19289856997387878,-0.9064708026800674,0.13043478260869565,-0.906163753449862,1.0,0,-0.6666666666666666,0,0
1.3124953882026535,0.6263448874291556,0.5869565217391305,0.6329346826126957,0.0,1,0.6666666666666666,1,0
0.9203376573545254,0.6841523058375776,0.2826086956521739,0.6586936522539101,0.0,1,0.6666666666666666,0,1
1.2673661840881922,0.3166930592175005,0.782608695652174,0.283348666053358,0.0,1,0.0,1,0
-0.40219300187423446,-1.0027378504785824,-0.5869565217391305,-0.9208831646734131,1.0,0,-0.6666666666666666,0,0
1.5584480748513156,0.5964236444105002,0.782608695652174,0.5593376264949403,1.0,1,0.3333333333333333,1,0
-0.014403565472764557,0.08160896676307454,-0.2391304347826087,0.06991720331186774,0.0,1,-0.6666666666666666,1,0
0.13237703103555143,0.18059161091578613,-0.13043478260869565,0.1508739650413984,1.0,0,0.6666666666666666,1,0
-0.3534776641430912,-0.3890189592295674,-0.5434782608695652,-0.46090156393744247,0.0,0,-0.6666666666666666,0,1
0.011584834934549372,-0.9191659373008292,0.8913043478260869,-0.9291628334866605,2.0,0,-0.6666666666666666,0,0
-0.3482829356119302,-0.3078965222338282,-0.5434782608695652,-0.36154553817847274,0.0,0,-0.6666666666666666,1,0
-0.1560484644559555,-0.4566169468756878,-0.21739130434782608,-0.4664213431462741,0.0,0,-0.6666666666666666,0,0
-0.0106108233349567,0.09477087731099433,-0.2391304347826087,0.1370745170193193,0.0,1,0.0,1,0
0.5172887058927702,0.2301339708612678,0.1956521739130435,0.24103035878564877,0.0,1,0.0,1,0
-0.37292838063192696,-0.08872766546408968,-0.5869565217391305,0.053357865685372693,0.0,1,-0.6666666666666666,0,1
0.9271704963031834,0.4824931502625567,0.391304347826087,0.4498620055197793,1.0,1,0.3333333333333333,0,0
-0.09320995853071826,-0.9143292855096684,0.5,-0.9245630174793008,2.0,0,-0.6666666666666666,0,0
-0.2515163589675477,-0.18567512331316444,-0.43478260869565216,-0.19227230910763562,0.0,0,-0.3333333333333333,0,0
0.2709523177048746,0.3430507601190008,-0.06521739130434782,0.3633854645814168,1.0,0,1.3333333333333333,0,0
-0.28910435206092,-0.34027635859150246,-0.45652173913043476,-0.35510579576816925,0.0,0,-0.3333333333333333,1,1
0.5477782205103231,0.06519964461021174,0.32608695652173914,0.011039558417663452,1.0,0,0.6666666666666666,1,0
-0.382535676864273,-0.6914612267032653,-0.5652173913043478,-0.7571297148114075,0.0,0,-0.3333333333333333,0,0
-0.38566432018417673,-0.486504160505697,-0.5869565217391305,-0.43698252069917193,0.0,0,-0.6666666666666666,0,0
-0.18886970381192722,0.2491288477056646,-0.43478260869565216,0.2759889604415824,0.0,1,-0.3333333333333333,0,1
-0.3893685158129308,0.0924150489638958,-0.6086956521739131,0.09199632014719412,0.0,1,-0.6666666666666666,1,1
0.16460796033116398,0.14293220291124262,-0.08695652173913043,0.07267709291628341,0.0,1,-0.3333333333333333,0,0
-0.366213603695341,0.12099227108739502,-0.5869565217391305,-0.019319227230910712,0.0,1,-0.6666666666666666,1,0
0.5324744321955107,0.07464271802587595,0.30434782608695654,0.08923643054277845,0.0,1,-0.3333333333333333,1,1
-0.40543970720621003,-0.911475108858376,-0.6086956521739131,-0.9098436062557498,0.0,0,-0.6666666666666666,0,1
1.2442555452251294,0.4865359482944882,0.6304347826086957,0.4406623735050599,1.0,1,0.3333333333333333,1,0
0.9223447115597467,0.11549244485039575,0.6521739130434783,0.11223551057957698,2.0,0,0.6666666666666666,0,0
0.30864361505880966,-0.27429104988332054,0.32608695652173914,-0.3008279668813247,1.0,0,0.6666666666666666,1,0
1.6133321527132127,0.6196829547127171,0.8043478260869565,0.6237350505979763,1.0,1,0.6666666666666666,1,0
-0.004973362258526265,-0.9232693134349623,0.8478260869565217,-0.9273229070837166,2.0,0,-0.6666666666666666,0,0
-0.3554552028452945,-0.9070707341224963,-0.43478260869565216,-0.8353265869365225,0.0,0,-0.6666666666666666,1,0
0.07597290476822954,0.30618625554477324,-0.21739130434782608,0.2649494020239192,0.0,1,0.0,1,0
-0.388497808473901,-0.9359040245445929,-0.5434782608695652,-0.9310027598896045,0.0,0,-0.6666666666666666,0,0
1.9317011260164403,0.7942689904716748,0.8913043478260869,0.7966881324747013,2.0,1,1.3333333333333333,0,0
-0.3983559864818996,-0.46898908888161706,-0.6086956521739131,-0.468261269549218,0.0,0,-0.6666666666666666,0,0
-0.24139254143238736,0.03226460562330534,-0.45652173913043476,0.09015639374425034,0.0,1,-0.6666666666666666,1,0
-0.03410516373725298,-0.8518856000360341,0.5217391304347826,-0.841766329346826,2.0,0,-0.6666666666666666,0,0
-0.039506500789539684,-0.8410533141758003,0.4782608695652174,-0.8344066237350506,1.0,0,-0.6666666666666666,0,0
-0.3326987500184472,-0.8487057851912182,-0.391304347826087,-0.9089236430542778,0.0,0,-0.6666666666666666,0,0
1.5325334632015468,0.7272134825534705,0.6739130434782609,0.7405703771849127,2.0,1,1.0,1,0
-0.1358893758946887,-0.2836980680163493,-0.2608695652173913,-0.2732290708371664,0.0,0,0.0,0,0
-0.37511252785525595,-0.5368984016697168,-0.5652173913043478,-0.49770009199632015,0.0,0,-0.6666666666666666,1,1
1.8122814008057733,0.687703607327272,0.8913043478260869,0.72033118675253,1.0,1,1.3333333333333333,0,1
-0.4058676819999705,-0.9382086392319717,-0.6086956521739131,-0.936522539098436,0.0,0,-0.6666666666666666,0,0
0.6644087306857929,0.2663009069111581,0.30434782608695654,0.2667893284268629,0.0,1,-0.3333333333333333,1,0
-0.31879694809698794,-0.934463640364981,-0.2826086956521739,-0.9337626494940202,0.0,0,-0.6666666666666666,0,0
0.48949985980136074,-0.3092995069645659,0.6086956521739131,-0.31094756209751595,1.0,0,0.0,1,0
-0.21177373415386433,-0.9594360091092352,0.17391304347826086,-0.9300827966881325,1.0,0,-0.6666666666666666,0,0
1.9395817653222356,0.7430205786259041,0.9347826086956522,0.7681692732290709,2.0,1,1.3333333333333333,0,0
-0.1439471082185918,0.2231495548661201,-0.391304347826087,0.26586936522539106,0.0,1,-0.3333333333333333,0,1
1.0313159487020558,0.505844486962181,0.45652173913043476,0.454461821527139,0.0,1,0.3333333333333333,1,1
-0.34158291642685323,-0.42197494925908635,-0.5217391304347826,-0.36798528058877633,0.0,0,-0.3333333333333333,1,1
-0.3895898820855655,0.07858736083962209,-0.6086956521739131,0.078196872125115,0.0,1,-0.6666666666666666,0,1
-0.31054736500346813,-0.9022566501088601,-0.2826086956521739,-0.9319227230910763,0.0,0,-0.6666666666666666,0,1
-0.3702572276088016,-0.005300613780971749,-0.5869565217391305,0.07083716651333963,0.0,1,-0.3333333333333333,1,0
-0.0845766738979649,-0.09515347347478177,-0.2608695652173913,-0.02483900643974231,0.0,0,0.3333333333333333,0,0
-0.32437537816738243,-0.9562422491607122,-0.2826086956521739,-0.9383624655013799,1.0,0,-0.6666666666666666,0,0
-0.14813830964714217,-0.19962572422076505,-0.30434782608695654,-0.20055197792088303,0.0,0,0.0,1,1
-0.35309396260385767,-0.9312947951698349,-0.41304347826086957,-0.9300827966881325,1.0,0,-0.6666666666666666,0,0
1.011879989964729,0.6362039145467471,0.3695652173913043,0.6412143514259432,1.0,1,1.0,0,1
1.5780758843582592,0.6451624778899415,0.7608695652173914,0.7148114075436984,2.0,1,1.0,0,0
-0.38824692669824823,0.16247533546021617,-0.6086956521739131,0.16191352345906188,0.0,1,-0.3333333333333333,0,0
-0.011540561680022406,-0.2971938916256403,-0.08695652173913043,-0.3072677092916283,1.0,0,0.0,0,0
1.716164165227786,0.5751896287994542,0.9130434782608695,0.549218031278749,2.0,1,1.0,0,0
-0.2822124821062263,-0.286463605641204,-0.45652173913043476,-0.4636614535418583,0.0,0,-0.6666666666666666,0,1
1.868862620091203,0.6816666142819046,0.9347826086956522,0.7046918123275072,2.0,1,1.3333333333333333,0,0
0.1995838314074468,-0.5176587884428363,0.43478260869565216,-0.546458141674333,0.0,0,0.0,0,0
0.07154557931553551,-0.2561062673453846,0.0,-0.2759889604415822,1.0,0,1.0,0,0
1.8261094139696876,0.6445751212300334,0.9347826086956522,0.6485740570377185,2.0,1,1.0,0,0
0.47961216629034403,0.49900855374495945,0.043478260869565216,0.4314627414903405,0.0,1,0.3333333333333333,1,1
0.9844010566550081,0.44723352623275947,0.45652173913043476,0.46642134314627437,0.0,1,0.0,1,0
1.3965407830462953,0.2939876857050693,0.9130434782608695,0.23643054277828904,2.0,0,1.0,1,0
1.4577264208025265,0.3713129338171042,0.8913043478260869,0.3624655013799449,2.0,0,1.3333333333333333,0,0
1.5623441212496865,0.4398600576076186,0.9130434782608695,0.5022999080036801,1.0,1,0.3333333333333333,0,0
0.8157199569073657,-0.03999828802505083,0.6956521739130435,-0.04231830726770924,2.0,0,0.6666666666666666,0,0
0.5279880757367809,0.5373209143624028,0.06521739130434782,0.4756209751609938,0.0,1,0.3333333333333333,1,1
-0.38811410693466747,0.1707719483347802,-0.6086956521739131,0.1701931922723091,0.0,1,-0.3333333333333333,1,1
1.6985581676775727,0.6416047289663004,0.8478260869565217,0.5841766329346827,2.0,1,0.6666666666666666,0,0
0.010359941559304066,-0.8716721829350633,0.717391304347826,-0.8638454461821528,2.0,0,-0.6666666666666666,0,0
-0.27210342232257495,-0.05191967659995164,-0.4782608695652174,0.01287948482060723,0.0,1,-0.6666666666666666,1,0
0.10033795250955567,0.30213498551538054,-0.1956521739130435,0.2741490340386386,0.0,1,-0.3333333333333333,1,1
-0.37810835141157895,-0.9480416618981219,-0.5,-0.936522539098436,1.0,0,-0.6666666666666666,0,0
0.1446554802910229,-0.24386315232904743,0.08695652173913043,-0.20055197792088303,0.0,0,1.0,0,0
0.34639394341878077,0.3942208038096511,-0.021739130434782608,0.4020239190432385,1.0,1,0.0,0,0
-0.2728855831525509,-0.9758677503457346,-0.043478260869565216,-0.9291628334866605,2.0,0,-0.6666666666666666,0,0
-0.32943728693496266,-0.5635441371980793,-0.4782608695652174,-0.48666053357865685,0.0,0,-0.6666666666666666,0,0
0.20491137970218865,0.18438690279560377,-0.06521739130434782,0.18675252989880417,0.0,1,-0.3333333333333333,1,1
-0.26326352916869583,0.5564722624145221,-0.5217391304347826,0.3578656853725852,0.0,1,0.0,1,1
0.3545697377547557,0.2985090584072378,0.021739130434782608,0.3707451701931924,0.0,1,0.0,0,0
1.3078171809743069,0.40802288510406487,0.7391304347826086,0.3698252069917205,1.0,1,0.0,0,0
-0.39662932955534896,-0.361133121512282,-0.6086956521739131,-0.3606255749770009,0.0,0,-0.3333333333333333,1,1
0.9017576482047196,0.25111168600273037,0.5217391304347826,0.2621895124195032,1.0,0,1.0,1,0
-0.05495786661944188,0.2944968339800675,-0.32608695652173914,0.35510579576816953,0.0,1,0.3333333333333333,0,1
0.16583285370640935,0.4208116675597426,-0.17391304347826086,0.5298988040478384,0.0,1,0.6666666666666666,0,0
-0.3199332949631794,-0.9599533566352414,-0.2608695652173913,-0.9273229070837166,1.0,0,-0.6666666666666666,0,0
-0.32585115331828046,-0.9620037858791596,-0.2826086956521739,-0.9172033118675252,2.0,0,-0.6666666666666666,0,0
0.20706601142249967,-0.19264603402470312,0.13043478260869565,-0.15179392824287016,0.0,0,0.0,1,0
0.3749797080916752,0.23864285087809048,0.06521739130434782,0.16835326586936536,0.0,1,-0.3333333333333333,1,0
-0.25110314192529626,-0.9387354083033728,-0.021739130434782608,-0.9346826126954922,0.0,0,-0.6666666666666666,0,0
-0.4056020424728089,-0.9216154134828434,-0.6086956521739131,-0.9199632014719411,0.0,0,-0.6666666666666666,0,0
0.47556854237688356,-0.35752386054425117,0.6521739130434783,-0.3431462741490339,0.0,0,0.3333333333333333,1,0
0.06747243989905702,-0.8811694257193426,0.9347826086956522,-0.8656853725850966,1.0,0,-0.6666666666666666,0,0
0.3258068800637536,-0.017284610155342148,0.15217391304347827,-0.09107635694572197,1.0,0,0.3333333333333333,0,1
0.35166246070748663,-0.10485996827574236,0.2391304347826087,-0.09659613615455383,0.0,0,0.3333333333333333,0,0
0.5601304585233395,0.2206899024634085,0.2391304347826087,0.1996320147194114,0.0,1,-0.3333333333333333,1,0
-0.21934446067797111,0.0376164330639964,-0.43478260869565216,0.04691812327506921,0.0,0,0.6666666666666666,0,1
0.9681084989890941,0.07119796136580396,0.7391304347826086,0.07635694572217122,2.0,0,1.0,0,0
-0.3430291760747333,0.13113257571186238,-0.5652173913043478,0.18675252989880417,0.0,1,-0.3333333333333333,1,0
0.3110786440577914,-0.1682368721786637,0.2391304347826087,-0.18491260349586014,1.0,0,1.0,0,0
-0.21736692197576776,0.21986024117595204,-0.45652173913043476,0.08555657773689064,0.0,1,-0.3333333333333333,0,0
0.5118726110889746,0.39982353514627916,0.10869565217391304,0.36430542778288894,1.0,1,0.3333333333333333,0,0
-0.3456560558433317,-0.4728608415564137,-0.5217391304347826,-0.5584176632934682,0.0,0,0.3333333333333333,0,1
-0.14024291258983781,0.5866268652573824,-0.43478260869565216,0.5354185832566699,0.0,1,0.3333333333333333,0,1
-0.2185918153510131,0.04284022635538866,-0.43478260869565216,-0.023919043238270418,0.0,0,0.3333333333333333,0,0
0.12719706025589944,-0.21111013960483915,0.043478260869565216,-0.19595216191352333,0.0,0,-0.3333333333333333,0,0
-0.13324773837458123,-0.9490495467214024,0.45652173913043476,-0.9291628334866605,1.0,0,-0.6666666666666666,0,0
-0.3579935361048391,0.3777263472614103,-0.5869565217391305,0.2925482980680774,0.0,1,0.3333333333333333,1,1
-0.39813462020926493,-0.45516140075734335,-0.6086956521739131,-0.4544618215271389,0.0,0,-0.6666666666666666,1,1
-0.24887472144744027,-0.026157376701751167,-0.45652173913043476,-0.004599816007359706,0.0,1,-0.6666666666666666,0,1
-0.3055297294904149,-0.5605591124601408,-0.43478260869565216,-0.5446182152713891,0.0,0,0.0,1,0
-0.37738522158763893,-0.22792639258177852,-0.5869565217391305,-0.0027598896044156666,0.0,1,-0.6666666666666666,0,1
-0.3628488363512935,-0.2815470943081289,-0.5652173913043478,-0.2759889604415822,0.0,0,0.0,1,1
0.2785673174835082,0.4276719567662868,-0.08695652173913043,0.46642134314627437,0.0,1,0.3333333333333333,0,0
-0.3979427694396482,-0.4431774043829728,-0.6086956521739131,-0.44250229990800366,0.0,0,-0.6666666666666666,1,0
0.6335650300320245,0.15401483887454936,0.34782608695652173,0.20147194112235517,0.0,0,1.0,0,0
0.8121190655391746,0.20202433103657022,0.4782608695652174,0.2548298068077279,0.0,1,0.0,1,1
-0.09070114077419164,-0.9323423473004618,0.5652173913043478,-0.9264029438822448,0.0,0,-0.6666666666666666,0,0
0.332890600788064,-0.07298350828399569,0.1956521739130435,-0.07727690892364285,0.0,0,0.3333333333333333,0,0
-0.387700889892416,-0.5501115258773561,-0.5869565217391305,-0.4507819687212511,0.0,0,-0.6666666666666666,0,1
-0.19989374418913536,-0.9487856076919426,0.1956521739130435,-0.9337626494940202,0.0,0,-0.6666666666666666,1,0
0.10024940600050179,-0.3564154396816474,0.10869565217391304,-0.37810487580496777,0.0,0,-0.3333333333333333,1,0
1.6749310075116957,0.5651376136390669,0.8913043478260869,0.5777368905243792,1.0,1,0.3333333333333333,1,0
-0.19233777541653754,-0.2432077607396298,-0.34782608695652173,-0.27966881324747006,1.0,0,0.0,0,0
0.4790661294845118,0.12976162543629338,0.21739130434782608,0.09015639374425034,0.0,1,-0.6666666666666666,1,1
1.484172311506619,0.6445100546951438,0.6956521739130435,0.6182152713891447,1.0,1,0.6666666666666666,1,0
-0.06795944569885333,0.4920352357554062,-0.3695652173913043,0.5482980680772772,0.0,1,0.3333333333333333,0,1
0.834049084281519,0.6010041633884025,0.2608695652173913,0.5390984360625578,2.0,1,0.6666666666666666,0,0
0.04844969820398167,0.07165156806617691,-0.17391304347826086,0.061637534498620215,0.0,1,-0.6666666666666666,1,0
0.39813462020926493,-0.3771564789023496,0.5652173913043478,-0.37350505979760806,1.0,0,0.3333333333333333,0,0
0.7853927775564116,-0.21317017853998116,0.8695652173913043,-0.18583256669733203,2.0,0,1.0,0,0
0.38833547320730216,0.6250646866330345,-0.06521739130434782,0.6513339466421345,0.0,1,0.6666666666666666,1,1
1.3757175956671244,0.32124658731419564,0.8695652173913043,0.31186752529898815,1.0,1,0.3333333333333333,0,0
-0.17232626437036053,-0.46642840589564033,-0.2391304347826087,-0.404783808647654,0.0,0,0.3333333333333333,1,1
0.33755405026490165,-0.30113468467234833,0.391304347826087,-0.296228150873965,0.0,0,-0.3333333333333333,1,0
1.397455763639852,0.2726871311766496,0.9347826086956522,0.27506899724011047,2.0,0,1.3333333333333333,0,0
0.10516373725299213,-0.3186164723705758,0.08695652173913043,-0.37442502299908,0.0,0,0.6666666666666666,1,0
-0.4008205309838993,-0.959872017293334,-0.5869565217391305,-0.8454461821527139,0.0,0,-0.6666666666666666,0,1
1.5518956331813285,0.40667486841787576,0.9347826086956522,0.37902483900643996,2.0,0,1.3333333333333333,0,0
0.3485485751390918,-0.013472652888650662,0.17391304347826086,0.03495860165593387,0.0,1,-0.6666666666666666,0,0
1.3650329835746227,0.4931652403763149,0.717391304347826,0.4737810487580497,0.0,1,0.3333333333333333,0,0
-0.0044125677011850615,-0.9385592003393478,0.9130434782608695,-0.9291628334866605,2.0,0,-0.6666666666666666,0,0
-0.03257035758031904,-0.26738540405524946,-0.13043478260869565,-0.27690892364305425,0.0,0,0.0,0,0
-0.32419828514927473,-0.9555508647544985,-0.2826086956521739,-0.9245630174793008,1.0,0,-0.6666666666666666,0,0
-0.21879842387213885,0.04140624388324166,-0.43478260869565216,-0.015639374425022896,0.0,0,0.6666666666666666,0,0
-0.28982748188486,-0.8493318516410517,-0.2608695652173913,-0.8316467341306348,2.0,0,-0.6666666666666666,0,0
-0.3863726922566078,-0.9027175730463359,-0.5434782608695652,-0.9089236430542778,0.0,0,-0.6666666666666666,0,1
-0.39698351559156453,-0.38325742251112,-0.6086956521739131,-0.38270469181232747,0.0,0,-0.3333333333333333,1,1
0.15765705937043437,0.18483009792779187,-0.10869565217391304,0.17111315547378128,0.0,1,-0.3333333333333333,0,0
-0.39057865143666715,0.01682368721786625,-0.6086956521739131,0.016559337626495047,0.0,1,-0.6666666666666666,1,0
1.9041188884461564,0.7122539725493953,0.9347826086956522,0.799448022079117,2.0,1,1.3333333333333333,0,0
0.10511946399846522,-0.848507914233211,0.9347826086956522,-0.8426862925482981,2.0,0,-0.6666666666666666,1,0
-0.3477959298121338,-0.9344374515617153,-0.391304347826087,-0.9319227230910763,0.0,0,-0.6666666666666666,0,0
-0.35892327444990485,-0.9311411541906764,-0.43478260869565216,-0.9218031278748849,0.0,0,-0.6666666666666666,0,1
-0.3776361033632916,-0.23576208251886704,-0.5869565217391305,-0.37166513339466417,0.0,0,-0.3333333333333333,0,1
1.3678812296158558,0.555796242106224,0.6739130434782609,0.5547378104875806,1.0,1,0.3333333333333333,0,0
0.3986511415120792,0.44847007121674615,0.0,0.47010119595216215,0.0,1,0.3333333333333333,1,1
0.6869290594884965,0.10360889173116508,0.43478260869565216,0.07543698252069933,2.0,0,0.6666666666666666,0,0
0.5095999173565916,0.6213087556194496,0.021739130434782608,0.6209751609935603,0.0,1,0.6666666666666666,1,0
-0.11927214769557709,-0.9522624404953846,0.5217391304347826,-0.9438822447102116,1.0,0,-0.6666666666666666,0,0
-0.11516949277608063,-0.8220087848406391,0.21739130434782608,-0.8344066237350506,2.0,0,-0.6666666666666666,0,0
-0.3650772568291495,-0.9738533463967664,-0.43478260869565216,-0.9438822447102116,0.0,0,-0.6666666666666666,0,0
0.5387169610838093,0.22530267739922383,0.21739130434782608,0.21251149954001863,1.0,1,0.0,1,0
-0.24252888829857883,0.02339183907689632,-0.45652173913043476,-0.011959521619135079,0.0,1,-0.6666666666666666,1,0
0.9327784418765959,0.34980887757782764,0.4782608695652174,0.36430542778288894,1.0,1,0.0,1,0
0.13370522867135964,-0.8170443335270682,0.9130434782608695,-0.8279668813247469,2.0,0,-0.6666666666666666,0,0
0.10985670223284782,-0.8380260649907549,0.9130434782608695,-0.8408463661453542,2.0,0,-0.6666666666666666,0,0
0.019922964537123125,-0.9117253241672915,0.8913043478260869,-0.9346826126954922,2.0,0,-0.6666666666666666,0,0
-0.4041557828249288,-0.8312745177375884,-0.6086956521739131,-0.8298068077276909,0.0,0,-0.6666666666666666,1,1
0.235725564852939,-0.23270543567034344,0.1956521739130435,-0.19043238270469173,2.0,0,1.0,0,0
0.30665131860509737,0.3055589844794866,-0.021739130434782608,0.35970561177552923,0.0,1,0.3333333333333333,0,0
-0.22236979973731202,-0.9274057578848829,0.06521739130434782,-0.937442502299908,0.0,0,-0.6666666666666666,0,0
0.2962913770457934,-0.3943760125539033,0.43478260869565216,-0.37810487580496777,2.0,0,-0.3333333333333333,0,0
-0.1572290845766739,-0.8673510806275855,0.17391304347826086,-0.8509659613615455,2.0,0,-0.6666666666666666,0,0
-0.23953306474225589,-0.2219343943945933,-0.41304347826086957,-0.296228150873965,0.0,0,0.0,1,0
1.7525862959519487,0.7209075522760342,0.8260869565217391,0.7276908923643057,1.0,1,1.0,0,0
-0.33795250955564415,-0.6395305757476596,-0.4782608695652174,-0.641214351425943,1.0,0,0.0,0,0
0.909475952243916,0.3212678062729539,0.4782608695652174,0.31646734130634785,1.0,1,0.0,0,0
-0.28869113501866855,-0.4436895409801681,-0.43478260869565216,-0.4636614535418583,0.0,0,-0.6666666666666666,1,1
-0.17884919053732973,0.3186769976047895,-0.43478260869565216,0.332106715731371,0.0,1,0.0,0,0
-0.3518985847316303,-0.3643595820746125,-0.5434782608695652,-0.35970561177552896,0.0,0,-0.3333333333333333,0,0
1.6528829267572795,0.519515331450266,0.9130434782608695,0.5271389144434224,2.0,1,0.6666666666666666,1,0
0.8032939301368043,0.2209756746846433,0.45652173913043476,0.2585096596136157,0.0,1,-0.3333333333333333,0,1
0.256460205723056,0.44198668679449316,-0.10869565217391304,0.48206071757129726,2.0,1,0.3333333333333333,1,0
-0.005962131609627971,-0.14504406800658642,-0.15217391304347827,-0.19503219871205144,1.0,0,0.0,0,0
1.039122799250306,0.7627436573519831,0.32608695652173914,0.7571297148114077,0.0,1,1.0,1,0
-0.1641209545313676,-0.8283413717718334,0.08695652173913043,-0.8482060717571297,0.0,0,-0.6666666666666666,0,0
-0.3894423045704757,0.0878058195891379,-0.6086956521739131,0.08739650413983442,0.0,1,-0.6666666666666666,1,1
0.685084340549874,-0.02819311967560256,0.5434782608695652,-0.003679852805887556,1.0,0,0.0,0,1
0.8497218163840556,0.5791277222270221,0.2826086956521739,0.5777368905243792,0.0,1,0.3333333333333333,1,1
-0.398090346954738,-0.4523958631324886,-0.6086956521739131,-0.45170193192272307,0.0,0,-0.6666666666666666,1,1
-0.4055577692182819,-0.9188498758579886,-0.6086956521739131,-0.9172033118675252,0.0,0,-0.6666666666666666,0,0
0.19190980062277715,-0.04017711604997322,0.021739130434782608,0.0009199632014721504,1.0,0,0.6666666666666666,1,0
-0.40259146116497696,-0.7335588549927209,-0.6086956521739131,-0.7322907083716652,0.0,0,-0.3333333333333333,0,0
0.0010920736116645402,0.31440705872567354,-0.2826086956521739,0.2677092916283351,0.0,0,1.0,1,0
-0.4056758312303538,-0.9262246428576012,-0.6086956521739131,-0.9245630174793008,0.0,0,-0.6666666666666666,0,1
-0.3145172001593837,-0.6229373499985311,-0.43478260869565216,-0.546458141674333,0.0,0,0.0,0,1
0.9697318516550819,0.5789693097888838,0.3695652173913043,0.5639374425023,0.0,1,0.3333333333333333,1,1
-0.3912132347515533,-0.02281568540505184,-0.6086956521739131,-0.02299908003679853,0.0,1,-0.6666666666666666,1,1
0.7035462876876079,-0.315702998745302,0.9130434782608695,-0.2916283348666053,2.0,0,0.0,0,0
0.5214946650728296,0.05869264056159744,0.30434782608695654,0.09199632014719412,0.0,1,-0.6666666666666666,0,0
0.23432357845958587,-0.4898412425730218,0.45652173913043476,-0.4765409383624654,1.0,0,0.3333333333333333,0,0
-0.11661575242396066,0.12063771498164434,-0.34782608695652173,0.08555657773689064,0.0,1,-0.6666666666666666,0,1
0.14583610041174133,0.5358714330195514,-0.21739130434782608,0.5455381784728612,1.0,1,0.6666666666666666,0,1
0.7662372160977554,0.49768997325663367,0.2608695652173913,0.5096596136154555,0.0,1,0.3333333333333333,0,0
-0.3906081669396851,0.014979995467963194,-0.6086956521739131,0.01471941122355127,0.0,1,-0.6666666666666666,1,1
-0.04554242115671255,-0.34404056258088805,-0.10869565217391304,-0.29806807727690887,0.0,0,0.6666666666666666,0,1
0.36612505718628713,-0.08227474433942872,0.2391304347826087,-0.11867525298988034,1.0,0,0.0,0,0
-0.3422470152447573,0.14741851950267348,-0.5652173913043478,-0.02207911683532638,0.0,0,0.3333333333333333,0,0
0.28137129027021446,-0.12688461026107223,0.17391304347826086,-0.10487580496780109,1.0,0,0.0,0,0
1.7005799796343029,0.6724212110323122,0.8260869565217391,0.7065317387304509,2.0,1,1.0,0,1
0.5003025339059342,0.4832776999433663,0.06521739130434782,0.5243790248390064,0.0,1,0.3333333333333333,1,0
-0.3316804651643276,-0.4646871414651763,-0.5,-0.390064397424103,0.0,0,-0.3333333333333333,1,1
0.444872419238205,0.37507604037092457,0.06521739130434782,0.3541858325666974,0.0,1,0.0,1,0
1.049143312524904,0.24973820345351427,0.6521739130434783,0.23735050597976093,0.0,1,0.0,1,0
0.2374079485249628,0.05455791169921764,0.021739130434782608,-0.001839926402943778,1.0,0,0.6666666666666666,0,0
-0.3010728885347029,-0.9515754044187698,-0.1956521739130435,-0.937442502299908,0.0,0,-0.6666666666666666,1,1
-0.1867150720916161,-0.7765100442775018,-0.043478260869565216,-0.84360625574977,2.0,0,-0.6666666666666666,1,0
0.03729283806319274,0.10522870662572291,-0.1956521739130435,0.16191352345906188,0.0,1,-0.3333333333333333,1,1
-0.3554552028452945,-0.9070707341224963,-0.43478260869565216,-0.9245630174793008,1.0,0,-0.6666666666666666,0,0
1.1122769734803206,0.10304338963980818,0.8478260869565217,0.04875804967801299,1.0,0,0.6666666666666666,0,0
0.7866767019376929,-0.21200785113243345,0.8695652173913043,-0.1646734130634774,2.0,0,0.0,0,0
0.2618172695208158,0.3211037371730382,-0.06521739130434782,0.25666973321067166,0.0,1,0.0,0,0
-0.011171617892297904,-0.9342941342847135,0.8695652173913043,-0.9282428702851886,2.0,0,-0.6666666666666666,0,0
-0.3432948156018949,-0.9088771795744215,-0.391304347826087,-0.9190432382704692,2.0,0,-0.6666666666666666,0,0
-0.39662932955534896,-0.361133121512282,-0.6086956521739131,-0.3606255749770009,0.0,0,-0.6666666666666666,0,0
-0.34006286802142827,-0.8498958044116103,-0.41304347826086957,-0.9181232750689972,1.0,0,-0.6666666666666666,0,0
0.8470063901064034,0.13264105077996488,0.5652173913043478,0.09935602575896976,1.0,0,0.6666666666666666,0,0
0.4073139416478506,-0.13421237897590524,0.32608695652173914,-0.09107635694572197,1.0,0,0.3333333333333333,1,0
0.6524844674665368,0.1481666842707501,0.3695652173913043,0.1849126034958604,0.0,1,-0.3333333333333333,1,1
0.7896430099909979,-0.2093224740184441,0.8695652173913043,-0.19503219871205144,2.0,0,0.3333333333333333,0,0
-0.1535839199539558,0.1684254315621765,-0.391304347826087,0.14995400183992652,0.0,1,-0.3333333333333333,1,0
-0.07355263352075679,0.6228954479133055,-0.391304347826087,0.5823367065317389,0.0,1,0.3333333333333333,1,1
-0.020911733888224766,-0.4552567641237175,0.0,-0.3937442502299907,0.0,0,-0.3333333333333333,0,0
1.2108735113118165,0.4812399353776839,0.6086956521739131,0.5390984360625578,0.0,1,0.3333333333333333,1,0
-0.25378905269993063,-0.944727406490558,-0.021739130434782608,-0.9586016559337627,1.0,0,-0.6666666666666666,0,0
0.31301190950546787,-0.21910301063581328,0.2826086956521739,-0.29070837166513336,0.0,0,0.0,0,0
-0.40018594766901316,-0.9400523309818749,-0.5869565217391305,-0.9144434222631095,0.0,0,-0.6666666666666666,0,1
-0.13197857174480895,-0.5373660046497648,-0.13043478260869565,-0.546458141674333,1.0,0,0.3333333333333333,0,0
-0.3062381015628459,-0.9311411541906764,-0.2391304347826087,-0.9181232750689972,0.0,0,-0.6666666666666666,0,0
0.024114165965673486,-0.8578147578470815,0.717391304347826,-0.8380864765409384,1.0,0,-0.6666666666666666,0,0
-0.39071147120024796,0.00852707434330197,-0.6086956521739131,0.008279668813247524,0.0,1,-0.6666666666666666,0,1
0.01595312938120747,0.37242573348043856,-0.2826086956521739,0.34406623735050607,0.0,1,0.0,0,1
-0.325452694027538,0.49710538806764,-0.5652173913043478,0.4829806807727691,0.0,1,0.0,1,1
1.3307359690677527,0.32760957711945304,0.8260869565217391,0.33946642134314636,1.0,0,1.3333333333333333,0,0
-0.056935405321645156,-0.9394724601895668,0.717391304347826,-0.9254829806807728,2.0,0,-0.6666666666666666,0,0
1.3361077906170218,0.6184817616029317,0.6086956521739131,0.628334866605336,0.0,1,0.6666666666666666,0,1
-0.3683239621611251,0.055080291028356924,-0.5869565217391305,-0.010119595216191301,0.0,1,-0.6666666666666666,1,0
0.10768731276102778,0.11353734357691692,-0.13043478260869565,0.12511499540018423,2.0,0,0.6666666666666666,0,0
-0.16236478210179894,-0.6740444853058467,-0.08695652173913043,-0.6494940202391905,2.0,0,0.0,0,0
1.88294151503077,0.6938810721250129,0.9347826086956522,0.6945722171113157,2.0,1,1.0,0,0
-0.37204291554138813,-0.06107228921554225,-0.5869565217391305,0.25206991720331196,0.0,1,-0.3333333333333333,1,0
-0.37000634583314884,-0.9719712444020735,-0.45652173913043476,-0.9227230910763569,1.0,0,-0.6666666666666666,0,0
-0.3378344475435723,-0.37514517881154613,-0.5217391304347826,-0.36338546458141663,0.0,0,-0.6666666666666666,0,1
0.09064210976815577,-0.40043009423878945,0.13043478260869565,-0.38914443422263095,0.0,0,0.3333333333333333,1,0
-0.23668481870102273,-0.8415300530964248,-0.10869565217391304,-0.841766329346826,1.0,0,-0.6666666666666666,1,0
-0.3715411519900828,-0.045400909341365474,-0.5869565217391305,0.023919043238270682,0.0,1,-0.6666666666666666,1,0
1.8707220967813343,0.6832798445630697,0.9347826086956522,0.6356945722171116,2.0,1,1.0,0,0
0.852363453904163,0.6289068641399854,0.2608695652173913,0.6651333946642136,0.0,1,1.0,1,0
-0.34677764495801416,-0.28438945242256286,-0.5434782608695652,-0.3863845446182152,0.0,0,-0.3333333333333333,1,1
0.1840439190684907,0.13425266944246764,-0.06521739130434782,0.09475620975161005,1.0,1,-0.3333333333333333,0,0
-0.21414973214681013,0.46523585924788535,-0.4782608695652174,0.439742410303588,0.0,1,0.3333333333333333,1,1
-0.3912575080060802,-0.025581223029906428,-0.6086956521739131,-0.025758969641214196,0.0,1,-0.6666666666666666,1,1
-0.3452428388010803,-0.2604214596738218,-0.5434782608695652,-0.21803127874884998,0.0,0,0.0,0,0
0.7015687489854046,0.15183569765348331,0.41304347826086957,0.15731370745170214,2.0,0,1.0,0,0
-0.3535366951491271,0.5169250743790991,-0.5869565217391305,0.4323827046918124,0.0,1,0.0,1,1
-0.13302637210194654,0.1533336972002796,-0.3695652173913043,0.16283348666053377,1.0,0,1.0,1,0
1.5284012927790325,0.7229115351370298,0.6739130434782609,0.7194112235510582,0.0,1,1.0,0,0
0.5257596552589248,-0.2322087856917809,0.5652173913043478,-0.20515179392824273,2.0,0,0.3333333333333333,1,0
-0.40300467820722835,-0.7593705394913651,-0.6086956521739131,-0.7580496780128795,0.0,0,-0.3333333333333333,0,0
-0.4056905889818628,-0.9271464887325529,-0.6086956521739131,-0.9254829806807728,0.0,0,-0.6666666666666666,0,0
-0.3174835082126888,0.17307656302215915,-0.5434782608695652,0.10487580496780136,0.0,1,-0.6666666666666666,1,1
-0.4043919068490725,-0.8460240517368136,-0.6086956521739131,-0.8445262189512419,0.0,0,-0.6666666666666666,0,1
0.4038311122917313,-0.08403064124409852,0.2826086956521739,-0.07083716651333936,2.0,0,0.3333333333333333,0,0
-0.39698351559156453,-0.38325742251112,-0.6086956521739131,-0.38270469181232747,0.0,0,-0.3333333333333333,0,0
-0.22511474151798233,0.3673885042351676,-0.4782608695652174,0.3495860165593377,0.0,1,0.0,0,1
-0.3429849028202063,0.1320544215868139,-0.5652173913043478,0.05979760809567618,0.0,1,-0.3333333333333333,0,0
1.3355174805566625,0.2189511987159305,0.9347826086956522,0.22631094756209774,2.0,0,1.0,0,0
-0.19046354097489707,-0.3758826555115073,-0.30434782608695654,-0.3928242870285188,0.0,0,-0.6666666666666666,1,0
-0.32087779105975417,0.12007042521244324,-0.5434782608695652,0.18399264029438825,0.0,1,-0.3333333333333333,1,1
-0.3392511916884343,-0.8859148368710822,-0.391304347826087,-0.8307267709291628,1.0,0,-0.6666666666666666,1,0
-0.37183630702026244,-0.7999317579892345,-0.5217391304347826,-0.8261269549218031,0.0,0,-0.6666666666666666,0,0
-0.395138796652942,-0.2680266881421724,-0.6086956521739131,-0.26770929162833484,0.0,0,0.0,1,1
2.020719883118608,0.8134137539104015,0.9347826086956522,0.7460901563937445,2.0,1,1.0,0,0
0.8476409734212894,0.133361766645836,0.5652173913043478,0.1361545538178474,0.0,1,-0.3333333333333333,0,0
-0.09357890231844275,-0.8001622194579725,0.2391304347826087,-0.812327506899724,0.0,0,-0.6666666666666666,1,0
-0.08233349566859995,-0.9359606291158619,0.6086956521739131,-0.9282428702851886,2.0,0,-0.6666666666666666,0,0
-0.3882764422012662,0.16063164371031285,-0.6086956521739131,0.16007359705611782,0.0,1,-0.3333333333333333,1,1
-0.38356871946990156,0.4547004778198673,-0.6086956521739131,0.4535418583256671,0.0,1,0.3333333333333333,1,1
-0.40417054057643775,-0.8321963636125399,-0.6086956521739131,-0.8307267709291628,0.0,0,-0.6666666666666666,0,1
0.792491256032231,0.1496226766267566,0.5,0.19319227230910765,1.0,0,0.6666666666666666,1,0
0.8244270302976638,0.5863445655720992,0.2608695652173913,0.5160993560257592,0.0,1,0.3333333333333333,1,1
0.2941515030769912,-0.2715640037088469,0.30434782608695654,-0.2575896964121434,1.0,0,-0.3333333333333333,0,0
-0.1487728929620283,-0.9474859392075483,0.391304347826087,-0.939282428702852,2.0,0,-0.6666666666666666,0,0
-0.3710984194448134,-0.4533177090074401,-0.5652173913043478,-0.36706531738730447,0.0,0,-0.6666666666666666,0,0
1.109797671226812,0.14311657208623302,0.8043478260869565,0.16651333946642158,2.0,0,1.0,0,1
0.5092457313203761,-0.25096415903852304,0.5652173913043478,-0.27782888684452617,2.0,0,0.0,0,0
-0.2553238588568646,-0.9601740012868526,0.0,-0.9429622815087396,1.0,0,-0.6666666666666666,0,0
-0.12632635291686958,0.18821019946928105,-0.3695652173913043,0.25206991720331196,0.0,1,-0.3333333333333333,1,0
1.6358377237644075,0.6409831813687953,0.8043478260869565,0.6412143514259432,0.0,1,0.6666666666666666,1,0
0.6203420846799782,0.544936019750842,0.13043478260869565,0.5712971481140757,0.0,1,0.3333333333333333,1,1
-0.14174820324375378,0.3888806823483243,-0.41304347826086957,0.3578656853725852,0.0,1,0.0,1,1
0.15774560587948822,0.02040864339823348,-0.043478260869565216,0.09935602575896976,0.0,1,-0.6666666666666666,0,0
1.3055149717389058,0.5525115039311091,0.6304347826086957,0.45906163753449875,0.0,1,0.3333333333333333,1,0
1.3918478180664393,0.7893646728671041,0.5434782608695652,0.7249310027598898,2.0,1,1.3333333333333333,0,1
-0.358834727940851,-0.9305265902740419,-0.43478260869565216,-0.9291628334866605,0.0,0,-0.6666666666666666,0,0
-0.40325555998288104,-1.0359243019768394,-0.5869565217391305,-0.939282428702852,1.0,0,-0.6666666666666666,0,1
-0.28321600920883694,0.03986983409165578,-0.5,-0.02299908003679853,0.0,1,-0.6666666666666666,1,0
0.28253715263942397,0.3708834144204236,-0.06521739130434782,0.3845446182152715,0.0,1,0.0,1,1
-0.35666533846903087,-0.9154697743164995,-0.43478260869565216,-0.9218031278748849,0.0,0,-0.6666666666666666,0,0
-0.28001357713138825,-0.2692942262202307,-0.45652173913043476,-0.2870285188592456,0.0,0,0.0,0,0
-0.14242705981316686,0.10439904533826647,-0.3695652173913043,0.20423183072677112,0.0,1,-0.3333333333333333,1,0
-0.21103584657841534,-0.461552865490341,-0.30434782608695654,-0.3909843606255749,0.0,0,-0.6666666666666666,1,1
0.6455188087542983,0.23885991342422724,0.30434782608695654,0.18123275068997258,1.0,0,0.6666666666666666,1,0
0.8348164873599858,0.5569595238055676,0.2826086956521739,0.5510579576816929,0.0,1,0.3333333333333333,1,0
0.17701922935021622,-0.11071815012624128,0.043478260869565216,-0.0938362465501379,0.0,0,0.3333333333333333,0,1
1.3386756393795842,0.3597363853381129,0.8043478260869565,0.37902483900643996,2.0,1,0.3333333333333333,0,0
0.032850754858989674,0.24559510518501693,-0.2391304347826087,0.2778288868445264,0.0,1,0.0,1,1
-0.4057053467333717,-0.9280683346075044,-0.6086956521739131,-0.9264029438822448,0.0,0,-0.6666666666666666,0,0
1.2525641593246855,0.40733875696579774,0.6956521739130435,0.4369825206991721,2.0,1,0.3333333333333333,1,1
-0.17629609952627617,0.17307656302215915,-0.41304347826086957,0.17479300827966884,0.0,1,-0.3333333333333333,1,0
-0.3904605894245953,0.024198454217479005,-0.6086956521739131,0.023919043238270682,0.0,1,-0.6666666666666666,1,1
-0.010359941559303998,0.09564150952622655,-0.2391304347826087,0.05887764489420429,0.0,1,-0.3333333333333333,1,0
0.33880845914316493,0.6563158527207358,-0.10869565217391304,0.6310947562097519,0.0,1,0.6666666666666666,1,1
-0.3954634671861395,-0.9606402221891269,-0.5652173913043478,-0.939282428702852,0.0,0,-0.6666666666666666,0,0
-0.11968536473782855,-0.9321060195397923,0.45652173913043476,-0.9236430542778289,1.0,0,-0.6666666666666666,0,0
-0.3984592907424625,-0.4754420100062781,-0.6086956521739131,-0.47470101195952163,0.0,0,-0.6666666666666666,1,0
-0.38584141320228454,-0.4920352357554066,-0.5869565217391305,-0.29254829806807714,0.0,0,0.0,0,0
-0.30784669647732477,-0.9155420759537506,-0.2608695652173913,-0.9328426862925483,1.0,0,-0.6666666666666666,0,0
1.7423591741562257,0.6531645426373417,0.8695652173913043,0.6375344986200554,2.0,1,0.6666666666666666,1,0
1.4483700063458331,0.3168589126847461,0.9347826086956522,0.3376264949402026,2.0,0,1.3333333333333333,0,0
-0.3495373444901935,-0.004378767906019958,-0.5652173913043478,0.07175712971481152,0.0,1,-0.6666666666666666,1,1
0.7166068977730552,0.11267722129533163,0.45652173913043476,0.08831646734130656,2.0,0,0.6666666666666666,0,0
-0.10215315594516018,-0.9320861911568217,0.5217391304347826,-0.9218031278748849,2.0,0,-0.6666666666666666,0,0
1.4755095113708474,0.7355932734753723,0.6304347826086957,0.7129714811407545,2.0,1,1.0,0,0
0.027965939109517276,-0.6998914404292718,0.3695652173913043,-0.7286108555657773,1.0,0,-0.3333333333333333,0,0
1.9677838284558966,0.7674879045569106,0.9347826086956522,0.7828886844526222,0.0,1,1.3333333333333333,0,0
-0.3897079440976373,0.0712125938400096,-0.6086956521739131,0.07083716651333963,0.0,1,-0.6666666666666666,1,1
-0.2584967754312953,0.2972184741823054,-0.5,0.4360625574977002,0.0,1,0.3333333333333333,0,0
1.2894142648426086,0.1789533304749754,0.9347826086956522,0.15639374425023,2.0,0,1.0,0,0
-0.3412139726391287,-0.19750547870837637,-0.5434782608695652,-0.27690892364305425,0.0,0,-0.3333333333333333,0,0
-0.1070970027006685,-0.9310111502852345,0.5,-0.9383624655013799,2.0,0,-0.6666666666666666,0,0
-0.4116084473369638,-0.8294308259876852,-0.6304347826086957,-0.8279668813247469,2.0,0,-0.6666666666666666,0,0
-0.4013370522867136,-0.9760043201049867,-0.5869565217391305,-0.9181232750689972,1.0,0,-0.6666666666666666,0,0
-0.02201856525139827,-0.9224096191597247,0.782608695652174,-0.9383624655013799,2.0,0,-0.6666666666666666,0,0
0.8836498871032009,0.5847879375688485,0.30434782608695654,0.5639374425023,0.0,1,0.3333333333333333,1,1
-0.28758430365549503,0.639991498685135,-0.5434782608695652,0.549218031278749,0.0,1,0.3333333333333333,1,1
0.23107687312761024,0.3090119557425194,-0.08695652173913043,0.34406623735050607,1.0,1,0.0,1,1
0.7545048036481163,0.1314579330794923,0.4782608695652174,0.15271389144434244,1.0,0,0.6666666666666666,0,0
-0.16750047962692405,-0.026118966456961552,-0.3695652173913043,0.08095676172953094,0.0,0,0.3333333333333333,0,0
0.7434217322648722,-0.031031434606374624,0.6086956521739131,-0.004599816007359706,1.0,0,0.3333333333333333,0,1
-0.2541432387361462,-0.8869693726825797,-0.10869565217391304,-0.9282428702851886,1.0,0,-0.6666666666666666,0,0
0.6971266657812015,-0.2146604542875535,0.7608695652173914,-0.22079116835326576,1.0,0,0.0,0,0
-0.2805891294402385,0.7492302348668973,-0.5434782608695652,0.6494940202391907,1.0,1,1.0,1,1
0.35577987337849204,0.5468496097044503,-0.06521739130434782,0.5547378104875806,0.0,1,0.3333333333333333,0,0
-0.32769587225690294,-0.9473656415898242,-0.30434782608695654,-0.9254829806807728,0.0,0,-0.6666666666666666,0,0
0.10219742919968715,-0.7953225286144767,0.7608695652173914,-0.8224471021159153,2.0,0,-0.6666666666666666,0,0
0.6025737518631662,0.462945877034712,0.15217391304347827,0.48114075436982534,0.0,1,0.3333333333333333,1,1
0.31522557223181485,0.3847426186429863,-0.043478260869565216,0.4535418583256671,0.0,1,0.0,0,0
-0.390696713448739,0.009448920218253496,-0.6086956521739131,0.009199632014719412,0.0,1,-0.6666666666666666,0,1
0.5063532120246159,0.3414978043758131,0.13043478260869565,0.2870285188592458,1.0,0,1.0,0,1
-0.32871415711102253,-0.0023046146873789528,-0.5434782608695652,0.06531738730450803,0.0,1,-0.3333333333333333,1,1
-0.2900783636605127,-0.34788158705985306,-0.45652173913043476,-0.45814167433302655,0.0,0,-0.6666666666666666,1,0
-0.35299065834329485,-0.9306495030573688,-0.41304347826086957,-0.9264029438822448,0.0,0,-0.6666666666666666,0,0
-0.381000870707339,-0.34085251226334723,-0.5869565217391305,-0.38914443422263095,0.0,0,-0.3333333333333333,0,0
1.401986393353109,0.6564098915959107,0.6304347826086957,0.7194112235510582,2.0,1,1.0,0,1
0.795413290831009,0.18156296769450767,0.4782608695652174,0.23735050597976093,2.0,0,1.3333333333333333,0,0
-0.15653547025575182,-0.9504331171389385,0.3695652173913043,-0.9402023919043239,2.0,0,-0.6666666666666666,0,0
-0.40580865099393454,-0.9345212557321655,-0.6086956521739131,-0.9328426862925483,0.0,0,-0.6666666666666666,0,0
0.5474683077286345,0.005561135441284007,0.3695652173913043,0.04507819687212517,0.0,1,-0.6666666666666666,0,0
1.183940614807928,0.6965190877371661,0.45652173913043476,0.723091076356946,0.0,1,1.0,0,0
0.581234043181181,-0.12665379622506936,0.5217391304347826,-0.09843606255749761,0.0,0,0.3333333333333333,0,0
1.6934815011584834,0.8588467767351152,0.6956521739130435,0.8049678012879485,0.0,1,1.0,1,0
-0.383996694263662,-0.9518519581812552,-0.5217391304347826,-0.9144434222631095,0.0,0,-0.6666666666666666,0,0
0.8100087070733902,0.32677965236382017,0.391304347826087,0.30542778288868466,1.0,0,1.3333333333333333,0,0
1.100101828485412,0.45188372653529313,0.5434782608695652,0.4489420423183074,1.0,1,0.3333333333333333,0,0
-0.24452118475229115,-0.7474835795248841,-0.21739130434782608,-0.8279668813247469,0.0,0,-0.6666666666666666,0,0
0.38982600610970924,0.6286457033011159,-0.06521739130434782,0.6458141674333029,2.0,1,1.0,1,0
0.11437257419459572,-0.8274422727431469,0.8913043478260869,-0.8270469181232751,2.0,0,-0.6666666666666666,0,0
0.10269919275099249,0.5929773590626045,-0.2608695652173913,0.5924563017479302,0.0,1,0.6666666666666666,1,0
0.4690751317129323,0.5369291298655485,0.021739130434782608,0.549218031278749,0.0,1,0.3333333333333333,1,1
-0.4045247266126533,-0.8543206646113779,-0.6086956521739131,-0.8528058877644894,0.0,0,-0.6666666666666666,0,0
-0.26819261817269524,-0.8253067786523757,-0.21739130434782608,-0.8233670653173872,2.0,0,-0.6666666666666666,0,0
0.1508684936763035,0.05454845686973089,-0.06521739130434782,0.0579576816927324,2.0,0,0.6666666666666666,0,0
0.05051578341523889,0.07779720723252095,-0.17391304347826086,0.0680772769089237,0.0,1,-0.3333333333333333,0,1
1.0224612977966676,0.49478233646276193,0.45652173913043476,0.5133394664213433,1.0,1,0.3333333333333333,1,0
0.6874455807913108,-0.287209216275356,0.8478260869565217,-0.29346826126954917,1.0,0,0.6666666666666666,1,0
-0.3235489440828795,0.5367447606905581,-0.5652173913043478,0.5740570377184914,0.0,1,0.3333333333333333,0,1
-0.12517524829916912,0.6912051584046675,-0.43478260869565216,0.6025758969641215,0.0,1,0.6666666666666666,1,0
0.11435781644308675,-0.6525990966807967,0.4782608695652174,-0.6651333946642134,2.0,0,0.0,0,0
-0.29186405159309925,-0.465711414659567,-0.43478260869565216,-0.4894204231830726,0.0,0,-0.6666666666666666,1,0
0.9268900990245126,0.7424512950791435,0.2608695652173913,0.7654093836246553,1.0,1,1.0,1,1
0.3014713478254453,0.7278601714021108,-0.15217391304347827,0.5574977000919966,0.0,1,0.3333333333333333,1,0
-0.07009931966765544,-0.2809764278141112,-0.17391304347826086,-0.2649494020239189,1.0,0,0.6666666666666666,1,1
2.0374404155782826,0.8578457513022137,0.9130434782608695,0.8408463661453544,2.0,1,1.3333333333333333,0,0
-0.398105104706247,-0.4533177090074401,-0.6086956521739131,-0.452621895124195,0.0,0,-0.6666666666666666,1,1
0.20322899603016484,0.1803449631900467,-0.06521739130434782,0.21435142594296241,1.0,0,0.6666666666666666,0,0
0.9702336152063872,-0.08107374795304825,0.9130434782608695,-0.09567617295308167,2.0,0,0.3333333333333333,0,0
-0.35960213101931787,-0.48466046875579394,-0.5434782608695652,-0.47010119595216193,0.0,0,-0.6666666666666666,0,0
-0.11609923112114637,0.24144679874773492,-0.3695652173913043,0.17387304507819695,0.0,1,-0.3333333333333333,1,0
0.059090037041956305,0.3366529921663455,-0.2391304347826087,0.3403863845446182,0.0,1,0.0,1,0
-0.3489175189268163,0.00852707434330197,-0.5652173913043478,0.08463661453541875,0.0,1,-0.6666666666666666,1,0
1.8544147813639114,0.6691320710655488,0.9347826086956522,0.671573137074517,1.0,1,0.6666666666666666,0,0
-0.17090952022549843,0.0700393354537076,-0.391304347826087,0.08463661453541875,0.0,1,-0.3333333333333333,1,1
-0.38795177166806866,0.1809122529592478,-0.6086956521739131,0.1803127874885007,0.0,1,-0.3333333333333333,0,1
-0.33497144375083016,-0.9285647131555554,-0.34782608695652173,-0.939282428702852,1.0,0,-0.6666666666666666,0,0
1.9820398164135713,0.7798560033791779,0.9347826086956522,0.7157313707451703,1.0,1,1.0,1,1
0.2928823364472189,-0.24904105286043146,0.2826086956521739,-0.2621895124195031,1.0,0,-0.3333333333333333,0,0
-0.3111524328153362,-0.927688751011936,-0.2608695652173913,-0.9319227230910763,0.0,0,-0.6666666666666666,0,0
-0.2878351854311477,-0.19230363412829243,-0.4782608695652174,-0.35050597976080955,0.0,0,-0.3333333333333333,0,0
1.946695001549564,0.8695446781050634,0.8478260869565217,0.8877644894204233,2.0,1,1.3333333333333333,0,0
0.002272693732382948,-0.8351429781056888,0.5869565217391305,-0.8500459981600736,2.0,0,-0.6666666666666666,0,0
-0.1904340254718791,-0.9332355233276277,0.1956521739130435,-0.9208831646734131,1.0,0,-0.6666666666666666,0,0
2.0751169551807087,0.8606071413419503,0.9347826086956522,0.830726770929163,2.0,1,1.3333333333333333,1,0
-0.06583432948156018,-0.8468306668773964,0.41304347826086957,-0.8334866605335787,1.0,0,-0.6666666666666666,0,0
1.2554124053659184,0.7057084728860102,0.5,0.7129714811407545,0.0,1,1.0,1,0
-0.20240256194566197,-0.9234327667791765,0.13043478260869565,-0.9328426862925483,1.0,0,-0.6666666666666666,0,0
1.8218886970381194,0.7855193168845809,0.8260869565217391,0.7534498620055199,2.0,1,1.0,0,0
-0.40278331193459366,-0.7455428513670914,-0.6086956521739131,-0.7442502299908004,0.0,0,-0.3333333333333333,0,0
0.8717551393869631,0.21575106970505942,0.5217391304347826,0.18859245630174795,0.0,1,0.0,0,0
-0.22391936364575493,-0.9519821011283072,0.10869565217391304,-0.9116835326586937,0.0,0,-0.6666666666666666,0,0
-0.3794513067988961,-0.6272392974149718,-0.5652173913043478,-0.6467341306347745,0.0,0,-0.3333333333333333,0,1
-0.38835023095881116,0.15602241433555494,-0.6086956521739131,0.15547378104875811,0.0,1,-0.3333333333333333,1,1
0.08496037543719843,0.33573384174716864,-0.21739130434782608,0.3606255749770011,0.0,1,0.3333333333333333,0,0
1.6326057761839405,0.8313974305209149,0.6739130434782609,0.8408463661453544,2.0,1,1.3333333333333333,0,0
-0.3457446023523856,-0.9227886718691455,-0.391304347826087,-0.9346826126954922,2.0,0,-0.6666666666666666,0,0
1.1019317896725256,0.7147590832663142,0.391304347826087,0.6632934682612698,0.0,1,0.6666666666666666,1,1
-0.15340682693584806,-0.4007724941352001,-0.2391304347826087,-0.3854645814167433,0.0,0,-0.3333333333333333,1,1
1.5831820663803664,0.779943066600701,0.6739130434782609,0.8261269549218033,2.0,1,1.3333333333333333,0,0
0.141600625728664,-0.81685787252654,0.9347826086956522,-0.8380864765409384,2.0,0,-0.6666666666666666,0,0
-0.17809654521037174,-0.9227972671686787,0.21739130434782608,-0.9282428702851886,1.0,0,-0.6666666666666666,0,0
0.9577485574297899,0.15297563559630814,0.6521739130434783,0.20055197792088328,1.0,1,0.0,0,0
-0.369135638494119,0.02972952946718844,-0.5869565217391305,-0.007359705611775373,0.0,1,-0.6666666666666666,0,0
-0.3912132347515533,-0.02281568540505184,-0.6086956521739131,-0.02299908003679853,0.0,1,-0.6666666666666666,1,1
0.1127492215286079,0.34089860455709464,-0.1956521739130435,0.3652253909843608,0.0,1,0.0,1,1
-0.2532872891486253,0.35145373982529005,-0.5,0.42686292548298077,0.0,1,0.0,0,1
1.410088398931539,0.3059067633558516,0.9130434782608695,0.29530818767249334,2.0,1,0.0,0,0
0.04867106447661637,-0.09882955984376741,-0.10869565217391304,-0.07451701931922719,0.0,0,0.3333333333333333,0,0
1.3826389811248359,0.3759996061075831,0.8260869565217391,0.44710211591536364,0.0,1,0.0,0,0
-0.38774516314694296,0.19381809520856974,-0.6086956521739131,0.19319227230910765,0.0,1,-0.3333333333333333,0,1
0.7778515665353226,0.25110697531233156,0.41304347826086957,0.2152713891444343,1.0,1,-0.3333333333333333,0,1
0.37303168489248983,0.02786092296390815,0.17391304347826086,0.03219871205151794,1.0,0,0.3333333333333333,0,0
-0.2984017355115775,-0.6539448930650843,-0.391304347826087,-0.6559337626494939,0.0,0,0.0,0,0
-0.3965112675432771,-0.9824572412296477,-0.5652173913043478,-0.9162833486660534,0.0,0,-0.6666666666666666,0,1
0.10358465784153129,0.49106217622073534,-0.2391304347826087,0.4710211591536341,0.0,1,0.3333333333333333,0,0
0.246838151739201,-0.474206736533843,0.45652173913043476,-0.47010119595216193,1.0,0,-0.6666666666666666,0,0
1.7375924204188251,0.7069285163215449,0.8260869565217391,0.7184912603495863,1.0,1,1.0,1,0
0.13079795162409058,0.058454246930679576,-0.08695652173913043,0.01287948482060723,0.0,0,0.6666666666666666,0,0
-0.36746801257360434,0.08181382140195283,-0.5869565217391305,0.1508739650413984,0.0,1,-0.3333333333333333,1,1
-0.3582739333835097,-0.9266343521353576,-0.43478260869565216,-0.9319227230910763,0.0,0,-0.6666666666666666,0,0
-0.2901669101695666,-0.5382197140904809,-0.41304347826086957,-0.5538178472861085,1.0,0,0.3333333333333333,0,0
-0.019539262997889658,-0.9469398365904418,0.8913043478260869,-0.9291628334866605,2.0,0,-0.6666666666666666,0,0
-0.24131875267484246,-0.11489784558077082,-0.43478260869565216,-0.038638454461821424,0.0,0,0.6666666666666666,0,0
-0.39140508552117,-0.9813049338859583,-0.5434782608695652,-0.9236430542778289,0.0,0,-0.6666666666666666,0,0
-0.37528962087336376,-0.1624753354602163,-0.5869565217391305,-0.35694572217111303,0.0,0,-0.3333333333333333,0,0
-0.38839450421333804,0.15325687671070037,-0.6086956521739131,0.15271389144434244,0.0,1,-0.3333333333333333,1,1
-0.27337258895234723,-0.8423366682370073,-0.21739130434782608,-0.8316467341306348,0.0,0,-0.6666666666666666,0,0
-0.3600448635645873,-0.8366739007194477,-0.4782608695652174,-0.9218031278748849,0.0,0,-0.6666666666666666,0,0
-0.3989462965422588,-0.5058629238796802,-0.6086956521739131,-0.5050597976080956,0.0,0,-0.6666666666666666,1,1
-0.39862162600906126,-0.48558231463074547,-0.6086956521739131,-0.4848206071757129,0.0,0,-0.6666666666666666,1,0
-0.3607384778855094,-0.9437397144816814,-0.43478260869565216,-0.9218031278748849,1.0,0,-0.6666666666666666,0,0
-0.3704785938814363,-0.44041186675811805,-0.5652173913043478,-0.6642134314627415,0.0,0,0.0,0,1
-0.2522690042945057,-0.19089891660455668,-0.43478260869565216,-0.21803127874884998,0.0,0,1.0,0,1
-0.3229438762710114,-0.189116681246317,-0.5217391304347826,-0.26770929162833484,0.0,0,0.0,0,0
1.0547217425952982,0.3388112821116684,0.5869565217391305,0.3413063477460904,1.0,1,0.0,0,0
-0.11860804887767298,-0.28001068451654276,-0.2391304347826087,-0.23367065317387298,0.0,0,-0.3333333333333333,0,0
0.9810067738079427,0.47849915193851533,0.43478260869565216,0.4756209751609938,0.0,1,0.0,1,1
1.2225173772524018,0.16142179731741424,0.8913043478260869,0.16191352345906188,2.0,0,1.0,0,0
1.8925488112631161,0.702216095244367,0.9347826086956522,0.6936522539098438,2.0,1,1.0,0,0
-0.28348164873599857,0.0371042964668012,-0.5,0.07451701931922745,0.0,1,-0.3333333333333333,1,1
0.049984504360915616,0.39928127286689585,-0.2608695652173913,0.4498620055197793,0.0,1,0.0,1,0
-0.018343885125662214,-0.4497256888740081,0.0,-0.4498620055197792,0.0,0,0.0,1,0
-0.2506899248830448,0.3784945521572034,-0.5,0.6430542778288869,0.0,1,0.6666666666666666,1,1
1.4469089889464442,0.5459339544916626,0.7391304347826086,0.5933762649494021,2.0,1,0.3333333333333333,1,0
-0.03257035758031904,0.1829864061778888,-0.2826086956521739,0.06439742410303588,0.0,1,-0.6666666666666666,0,1
0.6643792151827748,-0.15762392623695415,0.6521739130434783,-0.1655933762649493,1.0,0,0.0,0,0
-0.363955667714467,-0.30459324118191844,-0.5652173913043478,-0.2355105795768169,0.0,0,0.0,1,0
-0.3446230132377031,-0.7737743812874835,-0.45652173913043476,-0.7562097516099355,0.0,0,-0.3333333333333333,0,0
-0.2206874160652883,0.4068961845902353,-0.4782608695652174,0.26126954921803136,0.0,1,-0.3333333333333333,1,1
0.013901801921459287,-0.9059304770516818,0.8478260869565217,-0.9337626494940202,2.0,0,-0.6666666666666666,0,0
1.8053895308510797,0.7397406449776902,0.8478260869565217,0.7617295308187675,2.0,1,1.0,0,0
1.247708859078231,0.6964545585259196,0.5,0.6651333946642136,1.0,1,0.6666666666666666,1,0
1.925960360679447,0.7312030266456221,0.9347826086956522,0.6872125114995402,2.0,1,1.0,0,0
-0.23652248343442392,-0.9550323264498382,0.06521739130434782,-0.939282428702852,1.0,0,-0.6666666666666666,0,0
0.008589011378226454,-0.9322550512895762,0.9347826086956522,-0.9254829806807728,2.0,0,-0.6666666666666666,0,0
-0.3909623529759006,-0.007144305530874806,-0.6086956521739131,-0.007359705611775373,0.0,1,-0.6666666666666666,0,0
0.404008205309839,-0.08376725670839798,0.2826086956521739,-0.12235510579576803,1.0,0,0.3333333333333333,0,0
-0.2073316509496613,-0.7863990605449455,-0.08695652173913043,-0.8390064397424103,2.0,0,-0.6666666666666666,0,1
0.26682014728236014,-0.35506942420148935,0.34782608695652173,-0.35786568537258506,0.0,0,-0.3333333333333333,0,0
0.36776316760378397,-0.16462988221446354,0.30434782608695654,-0.18307267709291622,1.0,0,1.0,0,0
0.447823969540001,0.15412889307889768,0.17391304347826086,0.16375344986200563,1.0,0,0.6666666666666666,0,0
0.09827186729829845,0.29568206439071953,-0.1956521739130435,0.2842686292548299,0.0,1,-0.3333333333333333,0,1
-0.38604802172341024,-0.8976474207341023,-0.5434782608695652,-0.8445262189512419,0.0,0,-0.6666666666666666,1,1
1.5676126385383924,0.6656129610191067,0.7391304347826086,0.7313707451701933,2.0,1,1.3333333333333333,0,0
-0.34146485441478136,0.16370446329348487,-0.5652173913043478,0.37442502299908026,0.0,1,0.0,0,0
0.08199406738389338,-0.8296403364138106,0.8043478260869565,-0.828886844526219,2.0,0,-0.6666666666666666,0,0
0.46780596508315997,0.6650788757106032,-0.021739130434782608,0.6504139834406626,0.0,1,0.6666666666666666,1,1
-0.20625433508950577,0.30662898415576956,-0.45652173913043476,0.2732290708371667,0.0,1,-0.3333333333333333,1,0
0.07675506559820545,-0.8671486043923944,0.9130434782608695,-0.8463661453541858,2.0,0,-0.6666666666666666,0,0
-0.40445093785510844,-0.8497114352366201,-0.6086956521739131,-0.8482060717571297,0.0,0,-0.6666666666666666,1,1
0.13674532548220952,-0.8210701960384715,0.9347826086956522,-0.8325666973321066,2.0,0,-0.6666666666666666,0,0
-0.16807603193577425,-0.34603789530994983,-0.2826086956521739,-0.29070837166513336,0.0,0,0.0,0,0
1.4845412552943433,0.49778978879298297,0.8043478260869565,0.4829806807727691,2.0,1,0.6666666666666666,0,0
-0.16428328979796636,0.10766740798582224,-0.391304347826087,0.11315547378104887,0.0,1,-0.6666666666666666,1,1
0.8062602381901093,0.19484839353939806,0.4782608695652174,0.19871205151793953,1.0,0,1.0,0,0
-0.31397116335355146,-0.5344401460031792,-0.45652173913043476,-0.5860165593376264,0.0,0,0.0,1,0
-0.01685335222325524,0.46451155177470915,-0.32608695652173914,0.4149034038638457,0.0,1,0.0,1,0
-0.30470329540591196,0.3726561949491765,-0.5434782608695652,0.4259429622815089,0.0,1,0.3333333333333333,1,1
1.3566800962205399,0.2811432380200546,0.8913043478260869,0.2640294388224473,2.0,0,1.0,0,0
1.0321423827865586,-0.008461228209377027,0.8913043478260869,-0.08003679852805878,2.0,0,0.3333333333333333,1,0
1.174289045321055,0.5377007490053226,0.5434782608695652,0.5731370745170195,1.0,1,0.3333333333333333,0,1
0.19893449034105173,0.06525351871978687,-0.021739130434782608,0.08371665133394686,0.0,1,-0.3333333333333333,0,1
-0.2678531898879887,-0.9226524900921639,-0.10869565217391304,-0.9126034958601655,2.0,0,-0.6666666666666666,0,0
0.8077360133410073,-0.19294300963162325,0.8695652173913043,-0.16375344986200538,2.0,0,0.0,0,0
0.2675875503608271,-0.2866611440429792,0.2826086956521739,-0.2916283348666053,0.0,0,0.0,0,0
-0.37275128761381915,-0.08319659021438025,-0.5869565217391305,-0.013799448022079119,0.0,1,-0.6666666666666666,1,1
0.7796372544679093,0.6111779058244691,0.21739130434782608,0.5409383624655015,0.0,1,0.3333333333333333,1,0
1.0348430513127018,0.7110350874480701,0.34782608695652173,0.7249310027598898,2.0,1,1.0,0,0
1.2788772302651967,0.16981169221503906,0.9347826086956522,0.19319227230910765,2.0,0,1.0,0,0
-0.1922935021620106,-0.9362921701761515,0.1956521739130435,-0.9208831646734131,2.0,0,-0.6666666666666666,0,0
1.0065081684154602,-0.06648813373088311,0.9347826086956522,-0.04691812327506895,2.0,0,0.6666666666666666,0,0
-0.4045099688611444,-0.8533988187364264,-0.6086956521739131,-0.8518859245630175,0.0,0,-0.6666666666666666,0,1
0.005932616106610038,-0.9345596659769552,0.9347826086956522,-0.9300827966881325,2.0,0,-0.6666666666666666,0,0
0.014492111981818491,-0.8128711219067368,0.5652173913043478,-0.8215271389144434,2.0,0,-0.6666666666666666,0,0
0.444031227402193,-0.24881252804269144,0.4782608695652174,-0.26126954921803125,1.0,0,0.6666666666666666,1,0
1.1555171854016322,0.25701575130247256,0.7391304347826086,0.30082796688132496,2.0,0,1.3333333333333333,0,0
-0.40558728472129985,-0.9206935676078918,-0.6086956521739131,-0.9190432382704692,0.0,0,-0.6666666666666666,0,0
-0.2783311934593646,-0.9348418977756269,-0.13043478260869565,-0.9328426862925483,2.0,0,-0.6666666666666666,0,0
-0.3966883605613849,-0.3648205050120884,-0.6086956521739131,-0.36430542778288866,0.0,0,-0.3333333333333333,1,1
-0.37706055105444136,-0.2177860879573112,-0.5869565217391305,-0.29438822447102103,0.0,0,-0.3333333333333333,0,0
1.3118903203907855,0.7735527837213894,0.5,0.6945722171113157,0.0,1,1.0,0,0
0.14726760230811237,-0.3270760377987931,0.15217391304347827,-0.29254829806807714,1.0,0,-0.3333333333333333,0,0
-0.39822316671831887,-0.46069247600705276,-0.6086956521739131,-0.4599816007359705,0.0,0,-0.6666666666666666,0,0
0.07671079234367854,-0.20741532186410588,-0.021739130434782608,-0.20883164673413054,1.0,0,0.0,0,0
-0.27080474018978473,-0.04033075702913168,-0.4782608695652174,-0.016559337626494783,1.0,0,0.6666666666666666,1,0
0.006198255633771639,0.5673632129657354,-0.32608695652173914,0.5556577736890526,0.0,1,0.3333333333333333,1,1
0.9301663198595063,-0.13272019916316807,0.9347826086956522,-0.0993560257589695,2.0,0,1.3333333333333333,0,0
-0.4055577692182819,-0.9188498758579886,-0.6086956521739131,-0.9172033118675252,0.0,0,-0.6666666666666666,0,1
-0.3634391464116527,-0.9959161910039408,-0.41304347826086957,-0.9475620975160993,0.0,0,-0.6666666666666666,0,0
-0.16075618718732015,-0.9237224897684471,0.2826086956521739,-0.9300827966881325,1.0,0,-0.6666666666666666,0,0
-0.35554374935434835,-0.7965077590251287,-0.4782608695652174,-0.8334866605335787,0.0,0,-0.6666666666666666,0,0
-0.31659804312214995,0.18690425114643286,-0.5434782608695652,0.08187672493100281,0.0,1,-0.3333333333333333,0,1
1.966913121116867,0.7667325030760478,0.9347826086956522,0.8086476540938364,2.0,1,1.3333333333333333,0,0
-0.269107598766252,-0.8517394961615135,-0.1956521739130435,-0.8445262189512419,0.0,0,-0.6666666666666666,1,1
1.6691607266716844,0.7662990160277072,0.7391304347826086,0.7148114075436984,2.0,1,1.3333333333333333,0,0
0.3440179454258349,-0.4539432472797288,0.5869565217391305,-0.46550137994480223,2.0,0,0.6666666666666666,0,0
-0.326957984681454,-0.239265096843683,-0.5217391304347826,-0.35602575896964117,0.0,0,-0.3333333333333333,0,0
1.9444665810717081,0.7472585089676955,0.9347826086956522,0.737810487580497,2.0,1,1.0,0,0
1.2659346821918214,0.244194260963277,0.8478260869565217,0.2631094756209754,0.0,1,0.0,1,0
0.767255500951875,-0.1977325004537002,0.8260869565217391,-0.18951241950321984,1.0,0,0.3333333333333333,0,0
-0.3026519679461638,-0.4460581727421965,-0.45652173913043476,-0.4728610855565777,0.0,0,-0.6666666666666666,0,0
0.9554611059458981,0.34539083041695484,0.5,0.4213431462741492,0.0,1,0.3333333333333333,0,0
-0.29297088295627277,-0.8851000741028169,-0.2391304347826087,-0.9218031278748849,0.0,0,-0.6666666666666666,0,0
0.04117412671005446,-0.8174312051069597,0.6521739130434783,-0.8261269549218031,2.0,0,-0.6666666666666666,0,0
-0.08900399935065893,-0.9609475041474441,0.6739130434782609,-0.9153633854645814,2.0,0,-0.6666666666666666,0,0
-0.204616224672009,0.5503090642791313,-0.4782608695652174,0.4369825206991721,0.0,1,0.0,1,0
0.1728870589277018,-0.6779824858875891,0.6521739130434783,-0.6540938362465502,1.0,0,0.0,0,0
0.4423931169846963,-0.13712457389904784,0.3695652173913043,-0.1766329346826126,2.0,0,1.0,0,0
-0.3341892829208542,-0.3296059925889379,-0.5217391304347826,-0.3495860165593375,0.0,0,-0.3333333333333333,1,0
0.7356148817166218,-0.08220443406083086,0.6521739130434783,-0.11591536338546454,2.0,0,1.0,0,0
1.3349862015023393,0.2617844746460714,0.8913043478260869,0.26586936522539106,2.0,0,1.0,0,0
-0.14183674975280766,-0.09313935643707225,-0.32608695652173914,0.011959521619135341,0.0,1,-0.6666666666666666,0,1
0.21975767772022256,-0.4004791795386245,0.32608695652173914,-0.37166513339466417,0.0,0,-0.6666666666666666,0,0
1.3441802806924337,0.4168759892632602,0.7608695652173914,0.4461821527138915,2.0,1,0.3333333333333333,0,0
0.6581366862944763,-0.1447059615258048,0.6304347826086957,-0.19503219871205144,2.0,0,1.0,0,0
0.9915142928823366,0.6085485382981997,0.3695652173913043,0.5501379944802209,1.0,1,0.3333333333333333,1,0
1.2945942356222606,0.5407500220782786,0.6304347826086957,0.5252989880404787,0.0,1,0.3333333333333333,1,0
1.616018063487847,0.46230570628821777,0.9347826086956522,0.503219871205152,2.0,1,0.3333333333333333,0,0
-0.06540635468779975,-0.5759539385718321,0.021739130434782608,-0.5528978840846366,0.0,0,0.0,1,1
-0.2159354200793967,-0.18564718858968093,-0.391304347826087,-0.18583256669733203,0.0,0,0.0,0,0
0.10962057820870416,-0.3391986123112283,0.10869565217391304,-0.2594296228150873,0.0,0,0.6666666666666666,1,0
0.3061938283083189,-0.46647961955536005,0.5434782608695652,-0.44434222631094744,2.0,0,0.3333333333333333,0,0
-0.3657561133985626,-0.34208164009661607,-0.5652173913043478,-0.36338546458141663,0.0,0,0.3333333333333333,1,1
0.13714378477295203,-0.8207245038353648,0.9347826086956522,-0.8362465501379945,2.0,0,-0.6666666666666666,0,0
0.5633033750977702,0.2256448240412732,0.2391304347826087,0.2667893284268629,0.0,1,0.0,1,1
-0.37195436903233425,-0.05830675159068766,-0.5869565217391305,-0.08555657773689038,0.0,0,0.0,0,1
0.5946045660483169,-0.13285676892242015,0.5434782608695652,-0.12879484820607165,2.0,0,0.0,0,0
-0.20219595342453625,-0.36245004419078425,-0.32608695652173914,-0.3725850965961361,0.0,0,-0.3333333333333333,0,0
-0.39080001770930184,0.002995999093592534,-0.6086956521739131,0.002759889604415928,0.0,1,-0.6666666666666666,1,1
-0.13019288381222235,0.4610612143570332,-0.41304347826086957,0.4507819687212512,0.0,1,0.3333333333333333,1,1
-0.3968064225734567,-0.372195272011701,-0.6086956521739131,-0.37166513339466417,0.0,0,-0.3333333333333333,1,0
-0.4057791354909166,-0.9326775639822623,-0.6086956521739131,-0.9310027598896045,0.0,0,-0.6666666666666666,0,1
0.6702970735378758,-0.08999520354214827,0.5869565217391305,-0.10487580496780109,1.0,0,0.3333333333333333,0,0
1.216407668127684,0.19869845572301956,0.8478260869565217,0.1701931922723091,2.0,0,1.0,0,0
-0.3313262791281121,-0.9386037160355225,-0.32608695652173914,-0.9356025758969642,1.0,0,-0.6666666666666666,0,0
1.5564852939006213,0.5110957548757288,0.8478260869565217,0.5372585096596137,2.0,1,0.6666666666666666,1,0
0.7844777969628549,0.06162539674051322,0.5652173913043478,0.06715731370745182,0.0,1,-0.6666666666666666,1,0
-0.21550744528563628,-0.5312136854408488,-0.2826086956521739,-0.578656853725851,0.0,0,0.0,1,0
-0.19952480040141085,0.17517632307066008,-0.43478260869565216,0.16927322907083725,0.0,1,-0.3333333333333333,1,0
-0.13487109104056905,-0.062059981224418984,-0.32608695652173914,-0.09015639374425008,0.0,0,0.3333333333333333,1,1
1.3040096810849902,0.5508903267027462,0.6304347826086957,0.5216191352345908,0.0,1,0.3333333333333333,1,1
0.3401071412759552,-0.4108432254860862,0.5217391304347826,-0.44250229990800366,0.0,0,0.3333333333333333,0,0
1.6380956597452814,0.5322672235836503,0.8913043478260869,0.5335786568537259,2.0,1,0.6666666666666666,0,0
-0.01424123020616579,0.47616631747945404,-0.32608695652173914,0.46826126954921815,0.0,1,0.0,1,0
0.04412567701185048,-0.002828390752692399,-0.15217391304347827,-0.052437902483900546,1.0,0,0.6666666666666666,0,1
-0.1857705759950414,0.11389405785026775,-0.41304347826086957,0.14351425942962304,0.0,1,-0.3333333333333333,0,0
-0.2071988311860805,-0.8565140220379869,0.0,-0.8141674333026678,2.0,0,-0.6666666666666666,0,0
-0.39106565723646347,-0.013597226655536032,-0.6086956521739131,-0.013799448022079119,0.0,1,-0.6666666666666666,1,1
0.7865291244226031,0.2305790511199044,0.43478260869565216,0.2575896964121435,1.0,0,1.0,1,1
1.6106905151931052,0.5608889886800985,0.8478260869565217,0.549218031278749,0.0,1,0.3333333333333333,1,1
-0.38857159723144585,0.14219472621128124,-0.6086956521739131,0.141674333026679,0.0,1,-0.3333333333333333,1,1
-0.06124466876226738,-0.5672885873472873,0.021739130434782608,-0.5519779208831646,1.0,0,0.0,0,0
1.1827895101902273,0.08644865760657039,0.9347826086956522,0.16283348666053377,2.0,0,1.0,0,0
-0.3387051548826021,-0.8414148223620558,-0.41304347826086957,-0.9098436062557498,0.0,0,-0.6666666666666666,0,0
-0.2581278316435708,0.07279290105421236,-0.4782608695652174,0.05979760809567618,0.0,1,-0.6666666666666666,1,1
-0.20305190301205708,0.15069619372472381,-0.43478260869565216,0.08095676172953094,0.0,1,-0.6666666666666666,1,1
-0.3968802113310016,-0.37680450138645893,-0.6086956521739131,-0.3762649494020239,0.0,0,-0.3333333333333333,0,0
-0.007142751730346378,-0.03355518984823769,-0.1956521739130435,-0.026678932842686087,0.0,0,0.3333333333333333,0,0
-0.40563155797582684,-0.9234591052327465,-0.6086956521739131,-0.9218031278748849,0.0,0,-0.6666666666666666,0,0
0.24223373326839925,0.11155129781633913,0.0,0.10395584176632947,0.0,1,-0.6666666666666666,0,0
-0.3897669751036732,0.06752521034020321,-0.6086956521739131,0.06715731370745182,0.0,1,-0.3333333333333333,1,0
-0.34832720886645707,0.020818352675989804,-0.5652173913043478,0.219871205151794,0.0,1,0.0,0,0
0.1406708873835983,0.42810522432751424,-0.1956521739130435,0.3505059797608098,0.0,1,0.3333333333333333,0,0
1.4098522749073952,0.4809730852559873,0.7608695652173914,0.5298988040478384,0.0,1,0.6666666666666666,0,0
-0.4056463157273358,-0.924380951107698,-0.6086956521739131,-0.9227230910763569,0.0,0,-0.6666666666666666,0,1
-0.363955667714467,-0.8006999628850276,-0.5,-0.7525298988040477,0.0,0,-0.3333333333333333,0,0
-0.11255737075899114,-0.9232009883877602,0.45652173913043476,-0.9300827966881325,2.0,0,-0.6666666666666666,1,0
-0.3122297486754918,-0.2621883309341456,-0.5,-0.20607175712971476,0.0,0,0.0,0,0
-0.31312997151753963,-0.41802418122357965,-0.4782608695652174,-0.4710211591536338,0.0,0,-0.6666666666666666,1,0
1.5103820781865676,0.37065886222011474,0.9347826086956522,0.376264949402024,2.0,1,0.0,0,0
-0.2954797007127994,-0.3900560358388879,-0.45652173913043476,-0.38270469181232747,0.0,0,-0.3333333333333333,0,0
1.6572807367069553,0.6320526170456268,0.8260869565217391,0.6688132474701014,2.0,1,0.6666666666666666,0,0
0.25663729874116387,0.44244760973196934,-0.10869565217391304,0.42686292548298077,0.0,1,0.0,1,1
1.6313661250571863,0.47562125781529624,0.9347826086956522,0.4434222631094758,2.0,1,0.3333333333333333,0,0
-0.23444164047165775,-0.9614503291701451,0.08695652173913043,-0.936522539098436,1.0,0,-0.6666666666666666,0,0
-0.39497646138634324,-0.777346534052921,-0.5869565217391305,-0.8334866605335787,0.0,0,-0.6666666666666666,1,1
0.9650388866752261,-0.06834170240087499,0.8913043478260869,-0.044158233670653024,2.0,0,0.6666666666666666,0,0
0.013946075175986188,-0.08851815503796452,-0.15217391304347827,-0.0938362465501379,1.0,0,0.3333333333333333,0,0
1.2482548958840631,0.46054404319667885,0.6521739130434783,0.5354185832566699,0.0,1,0.6666666666666666,0,0
-0.2062248195864878,-0.9404364334297715,0.15217391304347827,-0.9199632014719411,1.0,0,-0.6666666666666666,0,0
-0.10796771003969835,-0.9249051379777686,0.4782608695652174,-0.9273229070837166,2.0,0,-0.6666666666666666,0,0
0.8150411003379525,0.14890854711187199,0.5217391304347826,0.12971481140754393,1.0,0,0.6666666666666666,0,0
-0.29484511739791325,-0.9321244564572914,-0.1956521739130435,-0.9319227230910763,1.0,0,-0.6666666666666666,0,0
1.4568409557119877,0.5557816096320184,0.7391304347826086,0.5400183992640296,2.0,1,0.6666666666666666,0,0
0.46550375584775905,0.07291800870866978,0.2391304347826087,0.08187672493100281,0.0,1,-0.3333333333333333,0,0
-0.22329953808237776,-0.9607280170343605,0.13043478260869565,-0.9420423183072677,1.0,0,-0.6666666666666666,0,0
0.1888106728058913,0.14570483165821227,-0.06521739130434782,0.15823367065317404,1.0,1,-0.3333333333333333,0,0
0.3292897094198728,0.41728036378479555,-0.043478260869565216,0.46366145354185845,0.0,1,0.3333333333333333,1,1
0.5976741783621848,-0.10727763953269083,0.5217391304347826,-0.13799448022079105,1.0,0,0.3333333333333333,0,0
0.30483611516949277,0.01945365927287514,0.10869565217391304,0.02207911683532664,0.0,1,-0.6666666666666666,0,0
0.10793819453668041,0.41127668528925326,-0.21739130434782608,0.45262189512419526,0.0,1,0.0,1,0
0.6366789156004192,0.2260183860033902,0.30434782608695654,0.2897884084636615,0.0,1,0.3333333333333333,0,0
-0.37533389412789064,-0.9191571578163058,-0.5,-0.9346826126954922,0.0,0,-0.6666666666666666,0,0
0.008751346644825221,-0.8279163649074076,0.5869565217391305,-0.8380864765409384,2.0,0,-0.6666666666666666,0,0
0.21159664113575652,-0.6138482731262015,0.6086956521739131,-0.5712971481140754,0.0,0,0.0,1,1
0.4472779327341686,0.28114943530324743,0.10869565217391304,0.25206991720331196,0.0,1,0.0,0,0
-0.3012204660497927,-0.6072659701243542,-0.41304347826086957,-0.6274149034038639,0.0,0,0.0,1,0
-0.40563155797582684,-0.9234591052327465,-0.6086956521739131,-0.9218031278748849,0.0,0,-0.6666666666666666,0,1
-0.3228258142589395,-0.8702047781490051,-0.34782608695652173,-0.8546458141674333,0.0,0,-0.6666666666666666,1,1
1.2356665338469033,0.5406461441256211,0.5869565217391305,0.5197792088316467,0.0,1,0.3333333333333333,1,0
1.263883354732073,0.6061010921550969,0.5652173913043478,0.612695492180313,0.0,1,0.6666666666666666,0,0
0.5857941883974558,0.4338309114841579,0.15217391304347827,0.4149034038638457,2.0,0,1.3333333333333333,0,0
-0.13329201162910817,-0.9269111238283098,0.391304347826087,-0.9282428702851886,1.0,0,-0.6666666666666666,0,0
-0.34301441832322427,-0.9397450490235578,-0.3695652173913043,-0.9245630174793008,0.0,0,-0.6666666666666666,0,0
-0.38638745000811675,0.2786279157041153,-0.6086956521739131,0.2778288868445264,0.0,1,0.0,1,1
0.2048080754416257,0.3075508300307211,-0.10869565217391304,0.18675252989880417,0.0,1,-0.3333333333333333,1,0
1.3997579728752527,0.4991831994048326,0.7391304347826086,0.5436982520699175,1.0,1,0.3333333333333333,0,1
0.011820958958693041,-0.5411037747564008,0.13043478260869565,-0.561177552897884,0.0,0,0.0,1,0
0.7306415194580954,-0.2318683156142207,0.8260869565217391,-0.18123275068997233,1.0,0,0.3333333333333333,0,0
0.19152609908354368,0.2101900779477099,-0.08695652173913043,0.26586936522539106,0.0,1,-0.3333333333333333,1,1
0.24215994451085435,0.647849137333532,-0.17391304347826086,0.6163753449862006,0.0,1,0.6666666666666666,0,0
-0.16301412316819408,-0.10230716431433819,-0.34782608695652173,-0.04691812327506895,0.0,0,0.6666666666666666,0,0
0.3487699414117265,0.060255797154870734,0.13043478260869565,0.08923643054277845,0.0,1,-0.6666666666666666,1,1
0.14948126503445938,-0.803164710423924,0.9130434782608695,-0.8371665133394663,2.0,0,-0.6666666666666666,0,0
-0.23404318118091527,-0.9143360098496051,0.0,-0.9383624655013799,0.0,0,-0.6666666666666666,0,0
0.6259352725018816,-0.38398451221530716,0.9130434782608695,-0.3863845446182152,2.0,0,0.3333333333333333,1,1
-0.2329068343147238,0.29785498681024836,-0.4782608695652174,0.3431462741490342,0.0,1,0.0,1,0
0.5016159737902335,-0.29602169181833343,0.6086956521739131,-0.28242870285188587,0.0,0,0.6666666666666666,1,0
1.0433730316848926,0.10143495629419133,0.782608695652174,0.10671573137074539,2.0,0,0.6666666666666666,0,0
-0.23597644662859169,-0.8904775083733677,-0.043478260869565216,-0.9208831646734131,1.0,0,-0.6666666666666666,0,0
-0.27294461415858684,0.14680395558603915,-0.5,0.08371665133394686,0.0,1,-0.6666666666666666,1,1
2.078393176015702,0.8634494994563843,0.9347826086956522,0.8647654093836248,2.0,1,1.3333333333333333,0,0
-0.4057791354909166,-0.9326775639822623,-0.6086956521739131,-0.9310027598896045,0.0,0,-0.6666666666666666,0,0
-0.26639217248859964,-0.47217364735872247,-0.391304347826087,-0.46274149034038625,0.0,0,-0.6666666666666666,0,0
-0.12001003527102609,-0.8297617450197191,0.21739130434782608,-0.8307267709291628,2.0,0,-0.6666666666666666,0,0
1.2108292380572896,0.4209202950801161,0.6521739130434783,0.3569457221711133,0.0,1,0.3333333333333333,1,0
0.15165065450627943,0.05642760423020902,-0.06521739130434782,0.08555657773689064,1.0,0,0.6666666666666666,0,0
-0.3799973436047284,-0.3095097525149935,-0.5869565217391305,-0.37534498620055184,0.0,0,-0.3333333333333333,0,0
0.9388291199952776,-0.12520459459932656,0.9347826086956522,-0.08555657773689038,2.0,0,1.3333333333333333,0,0
0.8603769129735395,-0.07442487215811021,0.782608695652174,-0.06071757129714807,1.0,0,0.3333333333333333,0,0
1.9268310680184768,0.7319584281264851,0.9347826086956522,0.7460901563937445,2.0,1,1.0,0,0
-0.2574342173226487,0.30828062468172457,-0.5,0.3238270469181235,0.0,1,0.0,0,0
-0.23814583610041173,-0.9582011716449842,0.06521739130434782,-0.9300827966881325,1.0,0,-0.6666666666666666,0,0
0.7324714806452088,0.13249690760679067,0.45652173913043476,0.09843606255749787,1.0,0,0.3333333333333333,0,0
0.7037381384572248,-0.15466986997804436,0.6956521739130435,-0.15087396504139827,2.0,0,1.0,0,0
0.01850622039226105,0.4943398504427854,-0.30434782608695654,0.5685372585096597,0.0,1,0.6666666666666666,1,1
2.052773719396113,0.8412227711381074,0.9347826086956522,0.8242870285188595,2.0,1,1.3333333333333333,0,0
-0.3568276737356297,-0.9165964748303292,-0.43478260869565216,-0.9457221711131554,0.0,0,-0.6666666666666666,0,1
-0.40585292424846153,-0.9372867933570203,-0.6086956521739131,-0.9356025758969642,0.0,0,-0.6666666666666666,0,0
-0.0967075456383465,0.3423889220549332,-0.3695652173913043,0.298068077276909,0.0,1,-0.3333333333333333,1,0
-0.12426026770561238,-0.8116915215832117,0.17391304347826086,-0.7681692732290708,0.0,0,-0.3333333333333333,0,1
-0.049615560573191046,-0.9261188572653937,0.6956521739130435,-0.9190432382704692,1.0,0,-0.6666666666666666,0,0
-0.3105768805064861,-0.9461979701482188,-0.2391304347826087,-0.9300827966881325,1.0,0,-0.6666666666666666,0,0
-0.12086598485854697,-0.4319835616157035,-0.17391304347826086,-0.4544618215271389,0.0,0,-0.6666666666666666,0,0
0.7537964315756851,-0.226258936072675,0.8478260869565217,-0.25666973321067155,2.0,0,1.0,0,0
-0.16720532459674445,-0.024582556665375673,-0.3695652173913043,0.054277828886844584,0.0,1,-0.6666666666666666,0,0
-0.39925620932394745,-0.9110141859209002,-0.5869565217391305,-0.8463661453541858,0.0,0,-0.6666666666666666,1,1
1.4079337672112278,0.5363879171260605,0.717391304347826,0.5703771849126036,0.0,1,0.3333333333333333,1,0
0.4333466153096915,0.5232031626654073,0.0,0.5206991720331189,0.0,1,0.3333333333333333,1,1
-0.4016912383229292,-0.6773262566206744,-0.6086956521739131,-0.6761729530818766,0.0,0,0.0,0,0
-0.3100898747066897,-0.02853112982975169,-0.5217391304347826,0.17571297148114098,0.0,1,-0.3333333333333333,0,1
-0.40549873821224597,-0.9151624923581823,-0.6086956521739131,-0.9135234590616375,0.0,0,-0.6666666666666666,1,0
1.5336107790617022,0.6630079085952165,0.717391304347826,0.6200551977920884,2.0,1,0.6666666666666666,1,0
-0.19970189341951858,-0.9291182146317548,0.15217391304347827,-0.9218031278748849,2.0,0,-0.6666666666666666,0,0
0.4415814406517024,0.6065745857181403,-0.021739130434782608,0.6062557497700093,0.0,1,0.6666666666666666,1,1
1.030474756866044,0.008700755450177157,0.8695652173913043,0.061637534498620215,1.0,0,0.6666666666666666,0,0
-0.05091424270598132,0.7514510453838262,-0.391304347826087,0.4756209751609938,0.0,1,0.3333333333333333,0,1
1.6166083735482062,0.7141927753816345,0.7391304347826086,0.7065317387304509,0.0,1,1.0,1,0
-0.29189356709611725,-0.9716756525182575,-0.13043478260869565,-0.9236430542778289,1.0,0,-0.6666666666666666,0,0
-0.35014241230206167,-0.9128578776708033,-0.41304347826086957,-0.9310027598896045,0.0,0,-0.6666666666666666,0,0
0.12023140154366085,-0.8288984924542625,0.9130434782608695,-0.8169273229070837,2.0,0,-0.6666666666666666,0,0
0.4922890748365579,-0.04209250692348373,0.34782608695652173,-0.005519779208831595,0.0,0,0.3333333333333333,1,0
0.10926639217248862,-0.8319988252107646,0.8913043478260869,-0.8518859245630175,2.0,0,-0.6666666666666666,0,0
0.12461445374182792,0.2257055820648495,-0.15217391304347827,0.2649494020239192,0.0,1,-0.3333333333333333,1,0
-0.041159368958545495,-0.8518033162605486,0.5,-0.8702851885924563,2.0,0,-0.6666666666666666,0,0
1.2834816487359988,0.6283594798266552,0.5652173913043478,0.6218951241950325,1.0,1,0.6666666666666666,1,1
0.7457239415002731,-0.18460672758116925,0.782608695652174,-0.19135234590616362,2.0,0,1.0,0,0
0.020336181579374595,-0.9220635330053892,0.9347826086956522,-0.9346826126954922,2.0,0,-0.6666666666666666,0,0
-0.35569132686943816,-0.9475192825689828,-0.41304347826086957,-0.9337626494940202,1.0,0,-0.6666666666666666,0,0
-0.3830374404155783,-1.0418504540300997,-0.4782608695652174,-0.9254829806807728,1.0,0,-0.6666666666666666,0,0
-0.2910376175085964,0.20948947508274676,-0.5217391304347826,0.27966881324747017,0.0,1,0.0,1,0
0.13343958914419804,0.12179888622797772,-0.10869565217391304,0.1517939282428703,2.0,0,0.6666666666666666,0,0
2.0844438541343844,0.8686988995776365,0.9347826086956522,0.8546458141674335,2.0,1,1.3333333333333333,0,0
-0.11305913431029647,-0.4087618250514471,-0.17391304347826086,-0.49310027598896045,0.0,0,0.3333333333333333,0,0
0.8467555083307506,-0.15761894451029024,0.8695652173913043,-0.17571297148114073,1.0,0,1.0,0,0
0.34077124009385934,-0.22868063011582992,0.32608695652173914,-0.28426862925482976,0.0,0,0.0,0,0
0.7586960050766666,-0.09839193492362325,0.6956521739130435,-0.09475620975160978,1.0,0,0.0,1,0
0.32530511651244814,0.6211704787382067,-0.10869565217391304,0.5998160073597059,0.0,1,0.6666666666666666,0,1
-0.38486740160269184,0.37357804082412804,-0.6086956521739131,0.3725850965961362,0.0,1,0.0,1,1
-0.3265890408937295,-0.4116810036554604,-0.5,-0.35970561177552896,0.0,0,-0.3333333333333333,0,1
-0.3029618807278523,0.3998506482602483,-0.5434782608695652,0.3624655013799449,0.0,1,0.0,1,1
1.9025840822892226,0.7109224173966874,0.9347826086956522,0.6964121435142596,2.0,1,1.0,1,0
1.5460810790867905,0.4016303229355018,0.9347826086956522,0.39834406623735064,2.0,0,1.3333333333333333,0,0
-0.11251309750446421,0.03769691167212697,-0.32608695652173914,0.08739650413983442,0.0,1,-0.6666666666666666,1,0
-0.36646448547099364,-0.8939600372342961,-0.4782608695652174,-0.8334866605335787,0.0,0,-0.6666666666666666,0,0
0.7019081772701113,0.15227741546856416,0.41304347826086957,0.08831646734130656,1.0,1,-0.3333333333333333,1,0
-0.10867608211212942,-0.9527570432221169,0.5652173913043478,-0.9356025758969642,1.0,0,-0.6666666666666666,0,0
-0.40591195525449747,-0.9409741768568266,-0.6086956521739131,-0.939282428702852,0.0,0,-0.6666666666666666,0,0
1.0735673912722659,0.7647889446896915,0.34782608695652173,0.770009199632015,1.0,1,1.3333333333333333,0,0
-0.34655627868537947,0.05769218767405305,-0.5652173913043478,-0.000919963201471889,0.0,1,-0.6666666666666666,0,0
0.006478652912442274,-0.9289771967377384,0.9130434782608695,-0.9337626494940202,2.0,0,-0.6666666666666666,0,0
-0.36487064830802385,-0.9318709488416796,-0.45652173913043476,-0.9218031278748849,0.0,0,-0.6666666666666666,0,0
-0.33587166659287787,0.28016432549570147,-0.5652173913043478,0.10119595216191353,0.0,1,-0.6666666666666666,1,1
1.2243030651849884,0.1841721137344387,0.8695652173913043,0.1895124195032201,2.0,0,1.0,0,0
-0.39139032776966104,-0.033877835904470716,-0.6086956521739131,-0.03403863845446172,0.0,1,-0.6666666666666666,1,1
2.0805920809905407,0.8653572082809371,0.9347826086956522,0.8353265869365227,2.0,1,1.3333333333333333,0,0
-0.177919452192264,0.030232354489889368,-0.391304347826087,0.0579576816927324,0.0,1,-0.3333333333333333,1,1
1.2731954959342395,0.18546954735513493,0.9130434782608695,0.18859245630174795,2.0,0,1.0,0,0
-0.3909623529759006,-0.007144305530874806,-0.6086956521739131,-0.007359705611775373,0.0,1,-0.6666666666666666,0,1
0.18351264001416745,-0.1703110253973047,0.08695652173913043,-0.19871205151793925,2.0,0,1.0,0,0
-0.31519605672879686,-0.9204054907719694,-0.2826086956521739,-0.9438822447102116,1.0,0,-0.6666666666666666,0,0
1.2034060890482727,0.5046612319355468,0.5869565217391305,0.46550137994480245,1.0,1,0.6666666666666666,1,0
-0.4057201044848807,-0.928990180482456,-0.6086956521739131,-0.9273229070837166,0.0,0,-0.6666666666666666,0,0
-0.30936674488274973,-0.019497040255226025,-0.5217391304347826,-0.005519779208831595,0.0,0,0.3333333333333333,1,1
-0.09827186729829845,-0.953427182535997,0.6086956521739131,-0.937442502299908,1.0,0,-0.6666666666666666,0,0
0.1702896946621213,-0.6477284194213361,0.5869565217391305,-0.6301747930082796,1.0,0,0.0,0,0
-0.1832617582385148,0.48615846830258996,-0.45652173913043476,0.4351425942962283,0.0,1,0.3333333333333333,1,1
0.00811676332993905,-0.10506947870186778,-0.15217391304347827,-0.1692732290708371,0.0,0,0.3333333333333333,0,1
-0.4057791354909166,-0.9326775639822623,-0.6086956521739131,-0.9310027598896045,0.0,0,-0.6666666666666666,0,0
0.31457623116541966,-0.16277493536957557,0.2391304347826087,-0.11499540018399265,0.0,0,0.3333333333333333,0,0
-0.15880816398813477,-0.9535192968072546,0.3695652173913043,-0.9310027598896045,2.0,0,-0.6666666666666666,0,0
-0.035034902082318756,-0.9234298402843354,0.7391304347826086,-0.9319227230910763,2.0,0,-0.6666666666666666,0,0
1.7924617405292131,0.7278651010591961,0.8478260869565217,0.7332106715731374,2.0,1,1.0,1,0
1.73173359306976,0.6435452813334992,0.8695652173913043,0.6623735050597976,2.0,1,1.0,0,0
1.098581780079987,0.3877349596180275,0.5869565217391305,0.3716651333946643,0.0,1,0.3333333333333333,1,0
-0.21679136966691756,-0.0798779450645547,-0.41304347826086957,-0.08187672493100256,1.0,0,0.3333333333333333,0,0
1.533699325570756,0.6319875352946825,0.7391304347826086,0.628334866605336,1.0,1,1.0,0,0
-0.05501689762547775,-0.36869993973584286,-0.10869565217391304,-0.3284268629254829,2.0,0,1.0,0,0
-0.10644766163427337,-0.2935472634171476,-0.21739130434782608,-0.2621895124195031,0.0,0,-0.3333333333333333,0,0
0.14480305780611272,0.28302763465274783,-0.15217391304347827,0.3385464581416745,0.0,1,0.0,1,0
0.31656852761913196,0.27166638995879133,0.0,0.2594296228150876,0.0,1,0.0,1,1
-0.11956730272575669,0.10645547075161993,-0.34782608695652173,0.09107635694572223,1.0,0,0.3333333333333333,0,1
0.1807529404819882,-0.7682070906641153,0.8913043478260869,-0.8160073597056118,2.0,0,-0.6666666666666666,0,0
1.0715455793155355,0.5939180181186776,0.43478260869565216,0.5344986200551981,0.0,1,0.6666666666666666,1,0
1.014064137188058,0.7742379840094793,0.30434782608695654,0.721251149954002,1.0,1,1.0,0,1
-0.39397293428373253,-0.9296047443990904,-0.5652173913043478,-0.9337626494940202,0.0,0,-0.6666666666666666,0,1
0.4999040746151917,0.05885546937339655,0.2826086956521739,0.05151793928242892,1.0,0,0.6666666666666666,1,0
0.5136140257670342,-0.2828732585492873,0.6086956521739131,-0.28886844526218947,1.0,0,0.0,0,0
-0.38370153923348244,-0.42520140982141696,-0.5869565217391305,-0.07267709291628315,0.0,0,0.3333333333333333,0,1
2.0418382255279584,0.8317354406750638,0.9347826086956522,0.831646734130635,2.0,1,1.3333333333333333,0,0
1.0239813462020928,0.652636819274145,0.3695652173913043,0.6274149034038641,0.0,1,0.6666666666666666,1,0
1.6166674045542422,0.6228395784663389,0.8043478260869565,0.5464581416743332,0.0,1,0.3333333333333333,0,1
1.5155325334632017,0.6447940183239959,0.717391304347826,0.5823367065317389,1.0,1,0.6666666666666666,1,1
1.5476011274922152,0.40294907467327973,0.9347826086956522,0.38270469181232775,2.0,0,1.3333333333333333,0,0
0.5227343161995839,0.3707334878385633,0.13043478260869565,0.3560257589696414,1.0,1,0.3333333333333333,1,0
0.017591239798704313,0.2802547025422653,-0.2608695652173913,0.3652253909843608,0.0,1,0.3333333333333333,0,1
1.5913431029648324,0.4408983965254535,0.9347826086956522,0.40570377184912626,2.0,0,1.3333333333333333,1,0
-0.25133926594943995,-0.9392621773747737,-0.021739130434782608,-0.9282428702851886,1.0,0,-0.6666666666666666,0,0
-0.019893449034105126,-0.8598682013945687,0.5869565217391305,-0.8316467341306348,2.0,0,-0.6666666666666666,0,1
0.29798851846932606,0.13303574138918187,0.043478260869565216,0.17479300827966884,0.0,1,-0.3333333333333333,0,1
-0.15562048966219508,-0.9414658279901341,0.34782608695652173,-0.9475620975160993,1.0,0,-0.6666666666666666,0,0
-0.404008205309839,-0.8220560589880725,-0.6086956521739131,-0.8206071757129715,0.0,0,-0.6666666666666666,0,0
-0.37775416537536344,-0.23944946601867328,-0.5869565217391305,-0.3817847286108555,0.0,0,-0.3333333333333333,0,1
-0.37928897153229735,-0.9603329402308097,-0.5,-0.9089236430542778,0.0,0,-0.6666666666666666,0,0
0.9735393515443986,0.5057668982677058,0.41304347826086957,0.49126034958601666,1.0,1,0.6666666666666666,1,0
-0.2502029190832485,-0.8935175512143191,-0.08695652173913043,-0.8270469181232751,0.0,0,-0.6666666666666666,0,0
-0.035566181136642026,-0.9297823917812424,0.7608695652173914,-0.9319227230910763,2.0,0,-0.6666666666666666,0,0
0.11447587845515862,-0.6395674495826575,0.45652173913043476,-0.6504139834406624,0.0,0,0.0,0,0
1.1530378831481236,0.5827306876064119,0.5,0.5685372585096597,1.0,1,0.3333333333333333,0,0
-0.32886173462611235,-0.0046092293747579055,-0.5434782608695652,-0.0027598896044156666,0.0,1,-0.6666666666666666,1,0
0.4437360723720134,0.37285784873432215,0.06521739130434782,0.37902483900643996,0.0,1,0.0,1,0
0.5833591593984742,0.08432329072820981,0.34782608695652173,0.06439742410303588,2.0,0,0.6666666666666666,0,0
-0.1751007216540488,0.3446935367423119,-0.43478260869565216,0.32566697332106725,0.0,1,0.0,1,0
1.647171676923304,0.6517101151864135,0.8043478260869565,0.6550137994480223,1.0,1,0.6666666666666666,0,1
-0.3357388468292971,0.28292986312055607,-0.5652173913043478,0.3955841766329347,0.0,1,0.0,1,1
-0.09300335000959252,-0.9282561180264759,0.5434782608695652,-0.9245630174793008,2.0,0,-0.6666666666666666,0,0
-0.3997727306267618,-0.5574862928769688,-0.6086956521739131,-0.5565777368905243,0.0,0,0.0,1,1
1.6536798453387642,0.7189533594114565,0.7608695652173914,0.7350505979760811,2.0,1,1.0,0,0
0.24279452782574054,0.021819497120829832,0.043478260869565216,0.06531738730450803,0.0,1,-0.6666666666666666,1,1
-0.07834890276117533,0.19013071170876336,-0.32608695652173914,0.3578656853725852,0.0,1,0.0,0,1
-0.12263691503962457,0.2074153218641055,-0.3695652173913043,0.2723091076356948,1.0,1,0.0,0,0
0.804253183984888,-0.163238954058124,0.8260869565217391,-0.17295308187672478,1.0,0,0.3333333333333333,0,0
0.34651200543085264,0.05622601375865393,0.13043478260869565,0.03495860165593387,0.0,0,0.6666666666666666,1,1
0.5768952642375408,0.0753506575453478,0.34782608695652173,0.05887764489420429,2.0,0,0.3333333333333333,0,0
-0.2663626569855817,-0.3895259744607907,-0.41304347826086957,-0.4480220791168353,0.0,0,-0.6666666666666666,0,0
0.09574829179026287,-0.20397429372743317,0.0,-0.2171113155473781,0.0,0,0.0,0,0
-0.23296586532075975,-0.8318506714094331,-0.10869565217391304,-0.841766329346826,1.0,0,-0.6666666666666666,0,0
-0.01477250926048906,-0.921224327354076,0.8043478260869565,-0.9310027598896045,2.0,0,-0.6666666666666666,0,0
0.8478623396939241,0.24580297239211368,0.4782608695652174,0.2943882244710212,1.0,1,0.0,0,0
-0.08072490075412111,-0.8375020987594834,0.34782608695652173,-0.8252069917203312,2.0,0,-0.6666666666666666,0,0
-0.1404495211109635,-0.9511332946624154,0.43478260869565216,-0.9448022079116836,1.0,0,-0.6666666666666666,0,0
-0.2575965525892475,-0.9650693207607335,0.0,-0.9346826126954922,2.0,0,-0.6666666666666666,0,0
0.9074688980386949,0.7631040152849189,0.2391304347826087,0.7313707451701933,0.0,1,1.0,0,0
0.6451351072150647,0.4872391457303206,0.17391304347826086,0.48206071757129726,0.0,1,0.0,1,1
0.09881790410413069,-0.02145135351012354,-0.08695652173913043,-0.01103955841766319,0.0,1,-0.6666666666666666,1,0
-0.0948185534451971,-0.3973365231467442,-0.15217391304347827,-0.36338546458141663,0.0,0,0.3333333333333333,1,0
0.936216997978188,-0.1274707990419159,0.9347826086956522,-0.08739650413983442,2.0,0,1.3333333333333333,0,0
-0.32503947698528657,-0.5242998413787119,-0.4782608695652174,-0.5565777368905243,0.0,0,0.0,0,1
0.3567096117235578,0.15753088940365748,0.08695652173913043,0.2161913523459062,2.0,0,1.0,0,0
0.11487433774590106,0.1330564279726308,-0.13043478260869565,0.1609935602575897,0.0,1,0.0,0,0
0.3086140995557917,0.5777284918811137,-0.10869565217391304,0.5685372585096597,0.0,1,0.3333333333333333,1,1
-0.38812886468617647,0.16985010245982868,-0.6086956521739131,0.16927322907083725,0.0,1,-0.3333333333333333,1,1
1.4543911689614972,0.3924692012180636,0.8695652173913043,0.37350505979760834,2.0,0,1.3333333333333333,0,0
-0.3946665486046546,-0.9440469964399986,-0.5652173913043478,-0.9162833486660534,1.0,0,-0.6666666666666666,0,0
0.8530275527220672,0.11383150402303865,0.5869565217391305,0.09935602575896976,1.0,0,0.6666666666666666,0,0
1.6954000088546508,0.728034870865126,0.782608695652174,0.7295308187672495,1.0,1,1.0,0,0
0.0428565103820782,-0.8969722660087857,0.9130434782608695,-0.9107635694572217,1.0,0,-0.6666666666666666,1,0
-0.09930490990392705,0.09662920153510302,-0.32608695652173914,0.18399264029438825,0.0,1,-0.3333333333333333,0,0
-0.37506825460072907,-0.15556149139807945,-0.5869565217391305,-0.003679852805887556,0.0,1,-0.6666666666666666,1,0
0.40946857336816167,0.30596640743314807,0.06521739130434782,0.25206991720331196,1.0,1,-0.3333333333333333,1,1
0.3944599400835289,-0.03802614234175272,0.2391304347826087,-0.05335786568537244,0.0,0,0.3333333333333333,1,0
-0.405483980460737,-0.9142406464832307,-0.6086956521739131,-0.9126034958601655,0.0,0,-0.6666666666666666,0,0
-0.3853101341479613,0.34592266457558063,-0.6086956521739131,0.344986200551978,0.0,1,0.0,1,1
-0.2648278508286478,0.01300461145020973,-0.4782608695652174,-0.008279668813247262,0.0,1,-0.6666666666666666,0,0
-0.2017089476247399,-0.4227124259590477,-0.30434782608695654,-0.3541858325666972,0.0,0,-0.6666666666666666,1,0
0.06276471716769236,0.4462411862614882,-0.2608695652173913,0.44250229990800394,0.0,1,0.3333333333333333,1,1
0.028452944909313646,0.14995763884245267,-0.21739130434782608,0.14535418583256682,0.0,1,0.0,1,1
0.1486253154469385,-0.8039177676175465,0.9130434782608695,-0.8242870285188593,2.0,0,-0.6666666666666666,0,0
0.5547143637195437,-0.17900027632971877,0.5434782608695652,-0.19043238270469173,2.0,0,0.0,0,0
0.4531220023317248,0.4456307038888922,0.043478260869565216,0.3716651333946643,0.0,1,0.3333333333333333,0,0
-0.16406192352533167,0.1089244705425743,-0.391304347826087,0.11131554737810509,0.0,1,-0.3333333333333333,1,0
0.014492111981818491,0.1818853124939189,-0.2391304347826087,0.268629254829807,0.0,1,0.0,1,0
1.874869024955358,0.6868776041583669,0.9347826086956522,0.7313707451701933,2.0,1,1.0,0,0
1.6400584406959755,0.5082324572906469,0.9130434782608695,0.5390984360625578,0.0,1,0.3333333333333333,0,0
-0.34822390460589425,-0.5049410780047286,-0.5217391304347826,-0.4590616375344986,0.0,0,0.3333333333333333,0,0
0.37629314797597435,-0.0016374893831379528,0.1956521739130435,-0.02483900643974231,1.0,0,0.3333333333333333,0,0
-0.3421879842387214,-0.42953408543368937,-0.5217391304347826,-0.3992640294388224,0.0,0,-0.3333333333333333,0,0
-0.38426233379082364,-0.4427164814454969,-0.5869565217391305,-0.4820607175712971,0.0,0,-0.6666666666666666,1,1
0.5043314000678857,-0.19653044941756223,0.5,-0.19319227230910752,2.0,0,0.0,0,0
-0.23267071029058015,0.1003659696353533,-0.45652173913043476,0.09935602575896976,0.0,1,-0.6666666666666666,1,1
1.16162689452635,0.14837651619625053,0.8478260869565217,0.1895124195032201,2.0,0,0.6666666666666666,1,0
0.0025235755080355825,-0.9218959752708722,0.8695652173913043,-0.9162833486660534,1.0,0,-0.6666666666666666,0,0
0.39351544398695426,-0.09937279044864955,0.2826086956521739,-0.07267709291628315,0.0,0,0.3333333333333333,0,0
1.0755154144714512,0.5610630548717805,0.45652173913043476,0.549218031278749,2.0,1,0.6666666666666666,0,0
-0.4059709862605334,-0.9446615603566328,-0.6086956521739131,-0.9429622815087396,0.0,0,-0.6666666666666666,0,1
-0.3879074984135417,0.18367779058410239,-0.6086956521739131,0.18307267709291636,0.0,1,-0.3333333333333333,1,1
0.020085299803721892,-0.4796601532522687,0.08695652173913043,-0.47470101195952163,0.0,0,-0.6666666666666666,0,0
-0.36715809979191577,-0.9001495738232566,-0.4782608695652174,-0.9199632014719411,0.0,0,-0.6666666666666666,0,0
1.347663110048553,0.4202752959271442,0.7608695652173914,0.39466421343146285,0.0,1,0.3333333333333333,1,0
-0.38950133557651156,0.08411843608933178,-0.6086956521739131,0.08371665133394686,0.0,1,-0.3333333333333333,1,1
-0.059695104853824475,-0.924224706044147,0.6521739130434783,-0.9227230910763569,2.0,0,-0.6666666666666666,0,0
-0.31876743259397,-0.33025128470140397,-0.5,-0.36798528058877633,0.0,0,-0.6666666666666666,1,0
-0.39507976564690606,-0.9526508912728798,-0.5652173913043478,-0.9484820607175714,0.0,0,-0.6666666666666666,0,0
-0.31397116335355146,-0.8902111973428262,-0.30434782608695654,-0.9181232750689972,0.0,0,-0.6666666666666666,0,0
-0.15265418160889005,-0.05252748706695275,-0.34782608695652173,-0.10303587856485731,1.0,0,0.0,1,0
0.2522247310399788,0.5060833652845598,-0.13043478260869565,0.5216191352345908,0.0,1,0.3333333333333333,0,0
0.41708357314679545,0.3730130385136741,0.043478260869565216,0.3514259429622817,0.0,1,0.0,1,0
0.08903351485367693,-0.21843773762753546,0.0,-0.21343146274149025,1.0,0,0.3333333333333333,1,0
-0.10699369844010567,-0.9084838130600638,0.43478260869565216,-0.9135234590616375,1.0,0,-0.6666666666666666,0,0
1.0354776346275882,0.3173454424520816,0.5869565217391305,0.2805887764489421,0.0,1,-0.3333333333333333,0,0
1.0627942326707105,0.16507991586880963,0.7391304347826086,0.18307267709291636,2.0,0,1.0,0,0
1.0742167323386609,0.17640545090392878,0.7391304347826086,0.17387304507819695,2.0,0,0.6666666666666666,0,0
0.13671580997919158,0.13032596057127968,-0.10869565217391304,0.17479300827966884,0.0,1,-0.3333333333333333,1,0
0.17659125455645577,-0.2761952668674377,0.15217391304347827,-0.2989880404783808,1.0,0,0.0,0,0
-0.18975516890246602,0.24298320853932082,-0.43478260869565216,0.19319227230910765,0.0,1,-0.3333333333333333,1,1
-0.3918478180664394,-0.8853561424014146,-0.5652173913043478,-0.8390064397424103,0.0,0,-0.6666666666666666,1,1
0.09456767166954447,0.20883101374349552,-0.17391304347826086,0.1941122355105798,1.0,0,1.0,0,0
-0.3101931789672525,-0.8095047728445011,-0.34782608695652173,-0.84360625574977,1.0,0,-0.6666666666666666,0,0
-0.4056610734788448,-0.9253027969826497,-0.6086956521739131,-0.9236430542778289,0.0,0,-0.6666666666666666,0,0
-0.25809831614055284,-0.913245052938283,-0.08695652173913043,-0.9254829806807728,1.0,0,-0.6666666666666666,0,0
-0.0020956007142751464,-0.9365207524186803,0.9130434782608695,-0.9337626494940202,2.0,0,-0.6666666666666666,0,0
1.7677277490001624,0.7658094932542843,0.8043478260869565,0.8086476540938364,1.0,1,1.3333333333333333,0,0
0.9118519502368618,0.5403092314070375,0.34782608695652173,0.5510579576816929,1.0,1,0.6666666666666666,1,0
0.09205885391301785,0.1332695820583409,-0.15217391304347827,0.17755289788408476,0.0,1,-0.3333333333333333,0,0
-0.019819660276560225,-0.9315355758088149,0.8260869565217391,-0.9107635694572217,1.0,0,-0.6666666666666666,0,0
1.3517362494650316,0.32301208327163705,0.8478260869565217,0.3606255749770011,2.0,1,0.0,0,0
-0.4116084473369638,-0.9280683346075044,-0.6304347826086957,-0.9264029438822448,2.0,0,-0.6666666666666666,0,0
0.9212673956995914,0.40234339475884184,0.43478260869565216,0.3771849126034959,0.0,1,0.0,0,1
-0.3585248151591624,-0.46783678153792757,-0.5434782608695652,-0.3974241030358785,0.0,0,-0.6666666666666666,0,0
1.0760319357742654,0.1782052452312152,0.7391304347826086,0.17755289788408476,1.0,0,1.0,0,0
-0.36290786735732944,0.224239009081972,-0.5869565217391305,0.17203311867525317,0.0,1,0.0,0,1
-0.286846416080046,-0.9256978737862004,-0.17391304347826086,-0.9199632014719411,1.0,0,-0.6666666666666666,0,0
0.4875518366021754,-0.2756025851508653,0.5652173913043478,-0.2355105795768169,2.0,0,0.3333333333333333,0,1
-0.40563155797582684,-0.9234591052327465,-0.6086956521739131,-0.9218031278748849,0.0,0,-0.6666666666666666,0,0
-0.30592818878115735,-0.908492666321768,-0.2608695652173913,-0.937442502299908,2.0,0,-0.6666666666666666,0,0
0.4550405100278922,0.5077066156295832,0.021739130434782608,0.5528978840846369,0.0,1,0.3333333333333333,0,0
-0.03623027995454613,-0.23098524480320887,-0.15217391304347827,-0.22815087396504127,0.0,0,0.3333333333333333,0,0
-0.2551615235902658,-0.21097467121461347,-0.43478260869565216,-0.19963201471941114,0.0,0,0.0,0,0
-0.4059414707575154,-0.9428178686067297,-0.6086956521739131,-0.9411223551057957,0.0,0,-0.6666666666666666,0,0
0.12223845574888213,0.29113868114988684,-0.17391304347826086,0.2971481140754371,0.0,1,-0.3333333333333333,1,1
-0.0737739997933915,-0.18612795988331618,-0.21739130434782608,-0.19871205151793925,0.0,0,0.0,1,0
1.786381546907513,0.6930176766225672,0.8695652173913043,0.6182152713891447,0.0,1,0.6666666666666666,1,1
-0.4042000560794558,-0.8340400553624431,-0.6086956521739131,-0.8325666973321066,0.0,0,-0.6666666666666666,1,1
1.8188486002272695,0.6382758410845308,0.9347826086956522,0.6182152713891447,2.0,1,1.0,0,0
1.0224612977966676,-0.017100240980351997,0.8913043478260869,-0.025758969641214196,2.0,0,0.3333333333333333,0,0
1.5349389766975103,0.5454883291408563,0.8043478260869565,0.6025758969641215,0.0,1,1.0,0,0
-0.3676155900886941,-0.9042320341266136,-0.4782608695652174,-0.8399264029438822,0.0,0,-0.6666666666666666,1,0
1.0559318782190348,0.6960236957800183,0.3695652173913043,0.7332106715731374,0.0,1,1.0,1,0
0.14353389117634038,-0.4076508825867619,0.21739130434782608,-0.3937442502299907,0.0,0,0.6666666666666666,0,1
0.19214592464692082,-0.11825554114613265,0.06521739130434782,-0.14535418583256657,0.0,0,0.0,0,0
0.23393987692035248,0.38337265324548886,-0.10869565217391304,0.35326586936522547,0.0,1,0.3333333333333333,1,0
-0.2706571626746949,0.17061830735562175,-0.5,0.24287028518859252,0.0,1,0.0,0,1
0.46705331975620196,0.18659281672921957,0.17391304347826086,0.15731370745170214,0.0,0,1.0,0,0
-0.3588642434438689,-0.884972039953518,-0.45652173913043476,-0.9199632014719411,0.0,0,-0.6666666666666666,0,0
1.0717964610911883,-0.009845826081080122,0.9347826086956522,0.020239190432382863,2.0,0,0.3333333333333333,0,0
0.5781644308673132,-0.42601289386626867,0.9130434782608695,-0.44158233670653163,2.0,0,0.6666666666666666,0,0
0.019657325009961524,0.3868871906437417,-0.2826086956521739,0.44710211591536364,0.0,1,0.3333333333333333,0,0
0.4096309086347605,-0.3968263468810213,0.6086956521739131,-0.3762649494020239,0.0,0,0.6666666666666666,0,0
0.08990422219270677,-0.8221538305202644,0.8043478260869565,-0.8261269549218031,1.0,0,-0.6666666666666666,0,0
0.03020911733888229,0.326618127429536,-0.2608695652173913,0.3459061637534501,0.0,1,0.3333333333333333,1,1
-0.27813934268974777,-0.8997983944423227,-0.17391304347826086,-0.9126034958601655,0.0,0,-0.6666666666666666,0,0
0.895470846061894,-0.059731422488340125,0.8043478260869565,-0.078196872125115,2.0,0,0.3333333333333333,0,0
-0.021251162172931333,0.13753127060858505,-0.2608695652173913,0.09291628334866628,0.0,0,0.3333333333333333,0,0
-0.3908147754608108,0.002074153218641005,-0.6086956521739131,0.0018399264029440392,0.0,1,-0.6666666666666666,0,1
0.6402650492171014,-0.1639534676390179,0.6304347826086957,-0.18491260349586014,1.0,0,0.3333333333333333,0,1
-0.3703605318693644,-0.9747367820269283,-0.45652173913043476,-0.907083716651334,0.0,0,-0.6666666666666666,0,0
0.1572438423281829,0.019247800444590873,-0.043478260869565216,-0.018399264029438825,1.0,0,0.6666666666666666,0,0
0.4739304319593867,0.3301157191315581,0.10869565217391304,0.3403863845446182,0.0,1,0.0,0,0
0.4801434453446674,0.559975276739338,0.021739130434782608,0.49034038638454475,1.0,1,0.3333333333333333,0,0
0.2511326574283143,-0.04231412239645178,0.08695652173913043,-0.07267709291628315,0.0,0,0.3333333333333333,0,0
-0.4043033603400186,-0.8404929764871042,-0.6086956521739131,-0.8390064397424103,0.0,0,-0.6666666666666666,1,1
-0.13279024807780287,-0.05277567634097823,-0.32608695652173914,-0.02115915363385449,0.0,0,0.3333333333333333,0,0
-0.038473458183911076,0.15994025930409927,-0.2826086956521739,0.16835326586936536,1.0,1,-0.3333333333333333,0,0
1.0398902023287733,0.5535637446131441,0.43478260869565216,0.5574977000919966,2.0,1,0.6666666666666666,0,0
0.18245008190552092,0.6562450970066499,-0.21739130434782608,0.6062557497700093,0.0,1,0.6666666666666666,1,1
1.2835554374935436,0.21588971930026774,0.8913043478260869,0.17203311867525317,2.0,0,1.0,0,0
0.13875237968743087,-0.2224817403828457,0.06521739130434782,-0.1646734130634774,0.0,0,0.3333333333333333,0,0
-0.051032304718053124,-0.04550333666080436,-0.2391304347826087,-0.010119595216191301,0.0,1,-0.6666666666666666,1,0
-0.0010920736116645402,-0.6037529898981874,0.17391304347826086,-0.5482980680772769,2.0,0,0.3333333333333333,0,0
-0.3223683239621611,0.09679381686991602,-0.5434782608695652,0.09751609935602598,0.0,1,-0.6666666666666666,1,0
-0.005799796343029137,0.2875006822505244,-0.2826086956521739,0.37442502299908026,0.0,1,0.3333333333333333,1,0
-0.017015687489854006,0.15309419802688526,-0.2608695652173913,0.18675252989880417,0.0,1,-0.3333333333333333,0,0
-0.02855624916987648,-0.03746818299638755,-0.21739130434782608,-0.1793928242870284,0.0,0,0.3333333333333333,1,0
1.3792151827747523,0.567595869305604,0.6739130434782609,0.566697332106716,2.0,1,0.3333333333333333,0,0
-0.050855211699945384,-0.854953303937325,0.4782608695652174,-0.8353265869365225,2.0,0,-0.6666666666666666,0,0
-0.26758755036082704,-0.9755104741005484,-0.021739130434782608,-0.9208831646734131,2.0,0,-0.6666666666666666,0,0
0.34060890482726064,-0.2040763103519265,0.30434782608695654,-0.19043238270469173,2.0,0,0.0,1,0
-0.1650064196219064,-0.9300437186252579,0.2826086956521739,-0.9218031278748849,2.0,0,-0.6666666666666666,1,0
-0.34016617228199114,0.19074527562539798,-0.5652173913043478,0.14995400183992652,0.0,1,-0.3333333333333333,1,1
-0.39840025973642657,-0.47175462650647176,-0.6086956521739131,-0.4710211591536338,0.0,0,-0.6666666666666666,0,0
-0.39279231416301413,-0.9050221877337149,-0.5652173913043478,-0.9291628334866605,0.0,0,-0.6666666666666666,0,1
1.4237983500833813,0.5230194998857233,0.7391304347826086,0.5087396504139836,2.0,1,0.6666666666666666,0,0
-0.33460249996310565,0.3065905739109797,-0.5652173913043478,0.17571297148114098,0.0,1,-0.3333333333333333,1,1
1.7491920131048833,0.6881172759804014,0.8478260869565217,0.6872125114995402,0.0,1,1.0,1,0
0.4642198314664778,0.5268195534369126,0.021739130434782608,0.5400183992640296,0.0,1,0.3333333333333333,1,1
1.4578444828145984,0.6494557830013047,0.6739130434782609,0.6320147194112238,2.0,1,0.6666666666666666,1,0
-0.13425126547719188,-0.1417952596654691,-0.30434782608695654,-0.21619135234590606,0.0,0,0.0,0,1
0.8281164681749089,0.424074709307587,0.34782608695652173,0.43330266789328453,0.0,1,0.0,0,0
1.344623013237703,0.2703839797366911,0.8913043478260869,0.29622815087396526,2.0,0,1.3333333333333333,0,0
-0.10531131476808193,0.6164844288738699,-0.41304347826086957,0.517939282428703,0.0,1,0.3333333333333333,1,1
-0.38404096751818895,-0.8663046609857484,-0.5434782608695652,-0.937442502299908,0.0,0,-0.6666666666666666,0,0
-0.39671787606440284,-0.36666419676199147,-0.6086956521739131,-0.36614535418583244,0.0,0,-0.3333333333333333,0,1
0.06503741090007531,-0.858957007100105,0.8478260869565217,-0.8353265869365225,2.0,0,-0.6666666666666666,0,0
0.0529508124142206,0.022229056211900584,-0.15217391304347827,0.08555657773689064,0.0,1,-0.3333333333333333,0,0
0.6581219285429672,0.46163858098397675,0.1956521739130435,0.44710211591536364,0.0,1,0.3333333333333333,1,1
-0.38201915556145866,0.5514942946897833,-0.6086956521739131,0.5501379944802209,0.0,1,0.3333333333333333,0,1
0.02190050323932647,0.20759456967312415,-0.2391304347826087,0.14443422263109493,0.0,1,0.0,1,0
0.358037809359366,0.3609900764627203,0.0,0.4388224471021161,0.0,1,0.3333333333333333,1,0
0.008131521081448018,0.34188958887266746,-0.2826086956521739,0.3330266789328429,0.0,1,0.0,1,1
-0.3909918684789186,-0.008987997280778126,-0.6086956521739131,-0.009199632014719412,0.0,1,-0.6666666666666666,1,1
-0.1581883384247576,0.022354762467575687,-0.3695652173913043,0.20883164673413082,0.0,1,0.0,0,1
0.03803072563864174,-0.3907808743292731,0.043478260869565216,-0.37350505979760806,1.0,0,0.3333333333333333,1,0
-0.3158896710497189,0.197966401645852,-0.5434782608695652,0.17571297148114098,0.0,1,-0.3333333333333333,1,1
0.6024261743480763,0.02281568540505158,0.41304347826086957,-0.014719411223551008,1.0,0,0.3333333333333333,0,0
-0.29366449727719485,-0.8056472024139344,-0.30434782608695654,-0.8270469181232751,0.0,0,-0.6666666666666666,0,1
0.9311846047136259,0.3807500017312513,0.45652173913043476,0.3633854645814168,1.0,1,0.6666666666666666,0,0
-0.31642095010404214,-0.44739155695418004,-0.4782608695652174,-0.4728610855565777,0.0,0,-0.6666666666666666,0,0
0.554596301707472,0.17524627343515506,0.2608695652173913,0.24655013799448036,0.0,1,0.0,0,1
1.174894113132923,0.16056386092539002,0.8478260869565217,0.18399264029438825,2.0,1,0.0,0,0
0.32943728693496255,0.48356134482796653,-0.06521739130434782,0.5105795768169273,0.0,1,0.3333333333333333,0,0
0.500435353669515,-0.29731551059019534,0.6086956521739131,-0.3127874885004599,2.0,0,0.6666666666666666,0,0
-0.3935892327444991,-0.9216154134828435,-0.5652173913043478,-0.9346826126954922,0.0,0,-0.6666666666666666,1,0
-0.40543970720621003,-0.911475108858376,-0.6086956521739131,-0.9098436062557498,0.0,0,-0.6666666666666666,0,1
-0.12955830049733622,-0.36952677079473584,-0.21739130434782608,-0.3937442502299907,1.0,0,-0.3333333333333333,0,0
-0.37016868109974765,-0.4339589456334568,-0.5652173913043478,-0.29714811407543684,0.0,0,-0.3333333333333333,1,0
0.02908752822419975,-0.830227675811796,0.6521739130434783,-0.8445262189512419,2.0,0,-0.6666666666666666,1,0
-0.39112468824249935,-0.017284610155342148,-0.6086956521739131,-0.017479300827966674,0.0,1,-0.6666666666666666,0,1
0.06832838948657784,-0.5830126441286043,0.2826086956521739,-0.5556577736890524,0.0,0,0.0,0,0
-0.2518853027552722,0.12849873035485765,-0.4782608695652174,0.08371665133394686,0.0,1,-0.6666666666666666,1,1
0.11521376603060762,-0.8056416988564721,0.8260869565217391,-0.8233670653173872,2.0,0,-0.6666666666666666,0,0
-0.3908442909638288,0.00023046146873768568,-0.6086956521739131,0.0,0.0,1,-0.6666666666666666,1,0
1.381724000531279,0.4004791795386241,0.8043478260869565,0.39282428702851907,2.0,0,1.3333333333333333,0,0
1.2119213116689542,0.36571968254585246,0.6956521739130435,0.346826126954922,0.0,1,0.0,0,0
-0.3900326146308349,-0.959872017293334,-0.5434782608695652,-0.8509659613615455,1.0,0,-0.6666666666666666,0,0
0.5415652071250425,0.120816681396928,0.2826086956521739,0.06991720331186774,0.0,1,-0.3333333333333333,0,1
0.5918743820191555,-0.3173886539774703,0.7608695652173914,-0.3035878564857405,1.0,0,-0.3333333333333333,0,0
1.4865483094995648,0.8989106910071839,0.5434782608695652,0.8325666973321068,1.0,1,1.3333333333333333,0,0
-0.4057791354909166,-0.9326775639822623,-0.6086956521739131,-0.9310027598896045,0.0,0,-0.6666666666666666,0,0
-0.0483021206888918,-0.8765473929296548,0.5434782608695652,-0.8518859245630175,2.0,0,-0.6666666666666666,0,0
-0.27741621286580775,-0.8311208767584298,-0.2391304347826087,-0.828886844526219,2.0,0,-0.6666666666666666,0,0
-0.34223225749324837,0.14772580146099093,-0.5652173913043478,0.25666973321067166,0.0,1,0.0,1,0
-0.3909180797213737,-0.00437876790602022,-0.6086956521739131,-0.004599816007359706,0.0,1,-0.6666666666666666,1,1
1.535204616224672,0.39219420613217804,0.9347826086956522,0.3569457221711133,2.0,0,1.3333333333333333,0,0
1.3200661147267603,0.5060165648588386,0.6739130434782609,0.5078196872125117,1.0,1,0.6666666666666666,1,0
-0.353654757161199,-0.9677077072304225,-0.391304347826087,-0.9264029438822448,1.0,0,-0.6666666666666666,0,0
-0.14323873614616076,0.10017391841140497,-0.3695652173913043,0.1462741490340387,0.0,1,-0.3333333333333333,1,1
1.4918906155458154,0.6524137496557941,0.6956521739130435,0.6172953081876728,1.0,1,1.0,0,0
-0.1865674945765263,-0.9363649474820687,0.21739130434782608,-0.9135234590616375,2.0,0,-0.6666666666666666,0,0
1.1479759743805433,0.474461501212011,0.5652173913043478,0.48666053357865696,0.0,1,0.0,1,1
0.06580481397854225,0.4574117892167836,-0.2608695652173913,0.44250229990800394,0.0,1,0.3333333333333333,1,1
-0.1796903823733416,-0.9052713352674856,0.17391304347826086,-0.9236430542778289,1.0,0,-0.6666666666666666,0,0
0.11258688626200915,-0.8420293862786901,0.9347826086956522,-0.8160073597056118,2.0,0,-0.6666666666666666,0,0
1.1811218842697127,0.0850018717194937,0.9347826086956522,0.12879484820607176,2.0,0,0.6666666666666666,0,0
-0.2420418824987825,0.02719445331107154,-0.45652173913043476,-0.07911683532658689,0.0,0,0.3333333333333333,0,0
-0.29345788875606915,-0.9613385902762115,-0.15217391304347827,-0.9282428702851886,0.0,0,-0.6666666666666666,0,0
-0.3867268782928233,0.25742546058022886,-0.6086956521739131,0.25666973321067166,0.0,1,0.0,1,1
0.3724118593291127,-0.008017633201881435,0.1956521739130435,-0.040478380864765205,0.0,0,0.3333333333333333,0,0
0.015170968551231562,0.27136160116037944,-0.2608695652173913,0.19319227230910765,1.0,0,1.0,1,0
1.1269314207287378,0.07612471543082286,0.8913043478260869,0.09475620975161005,2.0,0,0.6666666666666666,0,0
1.4892637357772172,0.35233717545545223,0.9347826086956522,0.4066237350505982,2.0,0,1.3333333333333333,0,1
0.2509998376647334,0.18140609896368604,-0.021739130434782608,0.18859245630174795,0.0,1,-0.3333333333333333,1,0
-0.07808326323401366,0.09210776700557863,-0.30434782608695654,0.23643054277828904,0.0,1,0.0,0,0
1.4960227859683297,0.3582011394933385,0.9347826086956522,0.31646734130634785,2.0,0,1.3333333333333333,0,0
-0.07772907719779812,0.5991788676759152,-0.391304347826087,0.5372585096596137,0.0,1,0.3333333333333333,1,1
-0.23866235740322603,0.05358229148156066,-0.45652173913043476,0.20055197792088328,0.0,1,-0.3333333333333333,1,1
1.4339074098670326,0.725658474117039,0.6086956521739131,0.7184912603495863,1.0,1,1.0,0,0
-0.4057201044848807,-0.928990180482456,-0.6086956521739131,-0.9273229070837166,0.0,0,-0.6666666666666666,0,1
0.19704549814790223,-0.470291697183179,0.3695652173913043,-0.45630174793008277,0.0,0,0.3333333333333333,1,0
-0.2383229291185195,-0.935996209132088,0.021739130434782608,-0.9135234590616375,1.0,0,-0.6666666666666666,0,0
-0.1989640058440696,0.03148103662959642,-0.41304347826086957,0.09107635694572223,0.0,1,-0.3333333333333333,1,0
0.2337185106477178,0.45582272497198245,-0.13043478260869565,0.5317387304507821,0.0,1,0.6666666666666666,1,1
0.4677469340771241,0.4197279499388918,0.06521739130434782,0.4241030358785651,0.0,1,0.6666666666666666,0,0
-0.12924838771564764,0.059937709677140044,-0.34782608695652173,0.06255749770009211,0.0,1,-0.3333333333333333,0,0
0.5333451395345407,0.21669878256634262,0.21739130434782608,0.18583256669733228,2.0,1,0.0,1,1
0.7611015185726302,0.3680469655744186,0.32608695652173914,0.32750689972401126,0.0,1,0.3333333333333333,0,0
-0.2794085093195201,-0.37926275705299645,-0.43478260869565216,-0.38914443422263095,0.0,0,-0.3333333333333333,0,0
-0.017517451041159343,-0.9293891883984798,0.8260869565217391,-0.9328426862925483,2.0,0,-0.6666666666666666,0,0
-0.21643718363070202,0.0577946149934922,-0.43478260869565216,0.1655933762649494,0.0,1,-0.3333333333333333,0,1
-0.08344032703177345,0.06979909683175022,-0.30434782608695654,0.17295308187672506,0.0,1,-0.3333333333333333,1,1
1.8182878056699283,0.6650371422454394,0.9130434782608695,0.6402943882244713,2.0,1,0.6666666666666666,0,0
-0.3971458508581633,-0.39339772713558735,-0.6086956521739131,-0.3928242870285188,0.0,0,-0.3333333333333333,0,0
0.48747804784463045,0.5752471900677025,0.021739130434782608,0.5464581416743332,0.0,1,0.3333333333333333,1,1
-0.3911394459940084,-0.018206456030293937,-0.6086956521739131,-0.018399264029438825,0.0,1,-0.6666666666666666,1,1
-0.16475553784625374,-0.3897645698637194,-0.2608695652173913,-0.37810487580496777,0.0,0,0.3333333333333333,0,0
-0.33126724812207614,0.3760362964906657,-0.5652173913043478,0.2842686292548299,0.0,1,0.0,1,1
1.1507651894157405,0.1598198689846092,0.8260869565217391,0.17203311867525317,2.0,0,0.6666666666666666,1,1
-0.4054249494547011,-0.9105532629834243,-0.6086956521739131,-0.9089236430542778,0.0,0,-0.6666666666666666,0,0
-0.3966883605613849,-0.3648205050120884,-0.6086956521739131,-0.36430542778288866,0.0,0,-0.6666666666666666,0,1
0.34693998022461303,0.18390825205284034,0.06521739130434782,0.16467341306347752,0.0,1,-0.3333333333333333,0,0
-0.17601570224760554,-0.9378713785460139,0.2608695652173913,-0.9356025758969642,1.0,0,-0.6666666666666666,0,0
-0.38783370965599684,0.1882870199588603,-0.6086956521739131,0.18767249310027606,0.0,1,-0.3333333333333333,1,1
-0.3985773527545343,-0.48281677700589076,-0.6086956521739131,-0.4820607175712971,0.0,0,-0.6666666666666666,0,0
-0.14098080016528683,0.11192745331703767,-0.3695652173913043,0.26034958601655944,0.0,1,0.0,1,1
1.5031212644441494,0.6322896250847331,0.717391304347826,0.6467341306347748,0.0,1,0.6666666666666666,1,0
0.13609598441581447,0.25830540436995564,-0.15217391304347827,0.25666973321067166,0.0,1,0.0,0,1
0.04790366139814937,0.39163537472759147,-0.2608695652173913,0.4112235510579579,0.0,1,0.3333333333333333,0,0
0.1751745104115937,-0.7877301035610561,0.9347826086956522,-0.8114075436982521,2.0,0,-0.6666666666666666,0,0
1.1917327076046693,0.4916401589518555,0.5869565217391305,0.4894204231830729,0.0,1,0.3333333333333333,0,0
-0.36805832263396354,-0.9945436649234574,-0.43478260869565216,-0.9181232750689972,0.0,0,-0.6666666666666666,0,0
2.0750431664231637,0.8605431242673007,0.9347826086956522,0.8362465501379946,2.0,1,1.3333333333333333,0,0
0.2388246926698248,0.7346650700426622,-0.1956521739130435,0.6964121435142596,0.0,1,1.3333333333333333,0,0
-0.297265388645386,-0.920887640423671,-0.21739130434782608,-0.9227230910763569,2.0,0,-0.6666666666666666,0,0
-0.3771786130665132,-0.22147347145711743,-0.5869565217391305,-0.047838086476540836,0.0,1,-0.6666666666666666,1,1
0.48735998583255863,-0.23729269453765445,0.5217391304347826,-0.28426862925482976,1.0,0,0.6666666666666666,0,0
0.2634848954413306,0.2650392246585327,-0.043478260869565216,0.2741490340386386,0.0,1,-0.3333333333333333,1,1
-0.3730907158985257,-0.8958037289841991,-0.5,-0.9236430542778289,0.0,0,-0.6666666666666666,0,0
-0.1849588996620475,0.2762720873570168,-0.43478260869565216,0.3679852805887765,1.0,1,0.0,1,0
-0.2797331798527177,-0.2671048422672207,-0.45652173913043476,-0.2686292548298067,0.0,0,-0.3333333333333333,1,0
1.979221085875356,0.8066248783911716,0.9130434782608695,0.8141674333026679,2.0,1,1.3333333333333333,0,0
-0.1664231637667685,0.23474805205642016,-0.41304347826086957,0.17847286108555666,0.0,1,-0.3333333333333333,0,1
-0.4057053467333717,-0.9280683346075044,-0.6086956521739131,-0.9264029438822448,0.0,0,-0.6666666666666666,0,1
0.9724177624297161,-0.07915215373483928,0.9130434782608695,-0.06531738730450777,1.0,0,1.3333333333333333,0,0
1.58197193075663,0.5345079287881019,0.8478260869565217,0.5510579576816929,1.0,1,0.6666666666666666,1,0
0.6334322102684437,0.6231542549102842,0.10869565217391304,0.6439742410303588,0.0,1,0.6666666666666666,1,0
0.23318723159339444,0.25231985265742,-0.06521739130434782,0.2732290708371667,1.0,1,0.3333333333333333,1,0
-0.10033795250955567,-0.4130079030209211,-0.15217391304347827,-0.39650413983440663,0.0,0,-0.3333333333333333,0,1
-0.3730759581470168,-0.952958173231197,-0.4782608695652174,-0.9457221711131554,0.0,0,-0.6666666666666666,0,0
0.04303360340018594,0.1231586088935311,-0.1956521739130435,-0.010119595216191301,0.0,1,-0.6666666666666666,0,0
1.4807042399020085,0.6732547706729715,0.6739130434782609,0.6586936522539101,0.0,1,0.6666666666666666,1,0
0.01121589114682487,-0.929976043432057,0.9347826086956522,-0.9162833486660534,2.0,0,-0.6666666666666666,1,0
1.8403801596788716,0.6569560234672304,0.9347826086956522,0.6513339466421345,1.0,1,0.6666666666666666,0,0
-0.3815321497616623,-0.8271262113003063,-0.5434782608695652,-0.8298068077276909,0.0,0,-0.6666666666666666,0,0
-0.31910686087867657,-0.935673563075855,-0.2826086956521739,-0.9310027598896045,0.0,0,-0.6666666666666666,1,0
1.4516757426838447,0.5804580973414877,0.717391304347826,0.6347746090156394,1.0,1,0.6666666666666666,1,0
-0.22579359808739544,-0.1361105434366011,-0.41304347826086957,-0.17295308187672478,0.0,0,0.0,0,0
0.36776316760378397,0.27363210580115205,0.043478260869565216,0.19871205151793953,0.0,1,-0.3333333333333333,1,0
-0.006522926166969175,-0.9404158758339685,0.9130434782608695,-0.9429622815087396,2.0,0,-0.6666666666666666,0,0
-0.05380676200174141,-0.9114592149639803,0.6304347826086957,-0.9116835326586937,2.0,0,-0.6666666666666666,0,0
1.429288233644722,0.3459358338023658,0.8913043478260869,0.36430542778288894,2.0,0,1.3333333333333333,0,0
1.4510854326234854,0.34197560618142164,0.9130434782608695,0.3633854645814168,2.0,0,1.3333333333333333,1,0
1.073316509496613,0.04748508262386458,0.8695652173913043,0.0689972401103956,2.0,0,0.6666666666666666,0,0
-0.3865055120201886,0.2712531487045026,-0.6086956521739131,0.27046918123275077,0.0,1,-0.3333333333333333,1,1
2.1481087941441244,0.9239328315851522,0.9347826086956522,0.8905243790248392,2.0,1,1.3333333333333333,0,0
0.2366848187010227,0.2607228323637095,-0.06521739130434782,0.28610855565777393,0.0,1,0.0,0,0
0.4762621566978056,0.3838300843425291,0.08695652173913043,0.4535418583256671,0.0,1,0.3333333333333333,0,0
-0.3464382166733077,-0.8897195462095187,-0.41304347826086957,-0.9236430542778289,2.0,0,-0.6666666666666666,0,0
1.2942695650890632,0.5726320588750766,0.6086956521739131,0.5694572217111317,2.0,1,0.6666666666666666,0,0
-0.3458921798674754,-0.8863087164721978,-0.41304347826086957,-0.904323827046918,0.0,0,-0.6666666666666666,1,0
-0.14165965673469988,-0.8644373321621287,0.21739130434782608,-0.8491260349586016,1.0,0,-0.6666666666666666,0,0
-0.33891176340372786,-0.8839873409507288,-0.391304347826087,-0.9208831646734131,0.0,0,-0.6666666666666666,0,0
0.21121293959652312,0.555796242106224,-0.17391304347826086,0.5970561177552899,0.0,1,1.0,1,1
1.2294535204616226,0.21068245209738995,0.8478260869565217,0.27506899724011047,2.0,0,1.0,0,0
0.07037971694632608,0.3758314418517877,-0.2391304347826087,0.3541858325666974,1.0,1,0.0,0,0
-0.2499667950591048,0.38602296013597437,-0.5,0.5446182152713893,0.0,1,0.6666666666666666,0,1
-0.12535234131727688,-0.30341532700836904,-0.2391304347826087,-0.2594296228150873,0.0,0,-0.3333333333333333,0,0
0.35893803220141385,-0.37118478711031166,0.5,-0.35694572217111303,1.0,0,-0.3333333333333333,0,0
1.526940275379643,0.8655474304456093,0.5869565217391305,0.8371665133394665,2.0,1,1.3333333333333333,0,0
0.989743362701259,0.6484315098069142,0.34782608695652173,0.612695492180313,0.0,1,0.6666666666666666,0,0
0.10773158601555467,-0.8126174579400609,0.8260869565217391,-0.8141674333026678,2.0,0,-0.6666666666666666,0,0
-0.381768273785806,-0.6754825648707713,-0.5652173913043478,-0.6485740570377184,0.0,0,0.0,0,0
1.5057629019642567,0.5457930325093133,0.782608695652174,0.5289788408463661,0.0,1,0.6666666666666666,0,0
0.8381222236979973,-0.05768487143695063,0.7391304347826086,-0.05703771849126025,2.0,0,0.3333333333333333,0,0
-0.32285532976195747,-0.7928084035009725,-0.391304347826087,-0.8344066237350506,2.0,0,-0.6666666666666666,0,0
-0.39403196528976847,-0.19888824752080378,-0.6086956521739131,-0.19871205151793925,0.0,0,0.0,0,0
0.8644500523900179,0.15245235667437892,0.5652173913043478,0.1370745170193193,2.0,0,0.3333333333333333,0,0
0.0211183424093505,-0.2155920947749264,-0.08695652173913043,-0.2805887764489419,1.0,0,-0.3333333333333333,0,0
2.151753958766842,0.9270952750728328,0.9347826086956522,0.8730450781968723,1.0,1,1.3333333333333333,0,1
0.11271970602558998,-0.8419141555443213,0.9347826086956522,-0.8500459981600736,2.0,0,-0.6666666666666666,0,0
0.45436165345847906,-0.46460677541453954,0.782608695652174,-0.4618215271389144,2.0,0,0.3333333333333333,0,0
0.8782928233054412,0.1953032913404363,0.5434782608695652,0.16835326586936536,0.0,1,-0.3333333333333333,1,1
-0.36900281873053825,-0.9166111073045349,-0.4782608695652174,-0.9218031278748849,0.0,0,-0.6666666666666666,0,0
1.0065376839184783,-0.06646252690102318,0.9347826086956522,-0.10303587856485731,2.0,0,0.3333333333333333,0,0
-0.07950000737887573,-0.3089390860209758,-0.17391304347826086,-0.28978840846366133,0.0,0,-0.3333333333333333,0,0
-0.39984651938430665,-0.9294511034199319,-0.5869565217391305,-0.9135234590616375,0.0,0,-0.6666666666666666,0,0
-0.28693496258909995,0.6501318033096024,-0.5434782608695652,0.4489420423183074,0.0,1,0.3333333333333333,1,0
-0.337303168489249,0.2503579755389336,-0.5652173913043478,0.17111315547378128,0.0,1,-0.3333333333333333,0,1
2.047667537374006,0.8367927895723676,0.9347826086956522,0.8362465501379946,2.0,1,1.3333333333333333,0,0
-0.31875267484246095,-0.33009764372224537,-0.5,-0.38454461821527125,0.0,0,-0.3333333333333333,1,0
0.8668260503829636,0.2389176318600471,0.5,0.24747010119595225,0.0,1,0.0,0,0
1.4720709552692552,0.408474583220846,0.8695652173913043,0.4599816007359706,0.0,1,0.3333333333333333,0,0
-0.19310517849500453,0.4092995684785018,-0.45652173913043476,0.4480220791168355,0.0,1,0.3333333333333333,1,1
-0.23447115597467572,0.08630782004234162,-0.45652173913043476,0.0680772769089237,0.0,1,-0.3333333333333333,0,0
1.223196233821815,0.3241202780092657,0.7391304347826086,0.3541858325666974,0.0,1,0.0,0,0
1.6690869379141395,0.8693774805689201,0.6739130434782609,0.8509659613615457,1.0,1,1.3333333333333333,0,0
-0.20780389899794868,-0.23591572349802561,-0.3695652173913043,-0.29714811407543684,0.0,0,0.0,0,0
-0.32917164740780097,-0.9006966032435575,-0.34782608695652173,-0.939282428702852,0.0,0,-0.6666666666666666,0,0
0.00974011599592686,-0.10046024932710988,-0.15217391304347827,-0.09751609935602572,0.0,0,0.3333333333333333,0,0
-0.277991765174658,0.37247182577418614,-0.5217391304347826,0.40754369825207004,0.0,1,0.0,1,1
-0.4058676819999705,-0.9382086392319717,-0.6086956521739131,-0.936522539098436,0.0,0,-0.6666666666666666,0,1
0.09285577249450279,-0.8591475520399439,0.9347826086956522,-0.8518859245630175,2.0,0,-0.6666666666666666,0,0
-0.3959209574829179,-0.8068456020513715,-0.5869565217391305,-0.9494020239190433,0.0,0,-0.6666666666666666,0,0
-0.18216968462685024,-0.938508239141331,0.2391304347826087,-0.9236430542778289,2.0,0,-0.6666666666666666,0,0
-0.1575242396068535,-0.9360925839281057,0.32608695652173914,-0.9264029438822448,1.0,0,-0.6666666666666666,0,0
1.0677380794262188,0.004709853396319423,0.9130434782608695,0.011959521619135341,1.0,0,0.6666666666666666,0,0
-0.362524165818096,0.23622300545634267,-0.5869565217391305,0.09567617295308194,0.0,1,-0.6666666666666666,1,1
0.29797376071781706,0.407969983081937,-0.06521739130434782,0.4277828886844527,0.0,1,0.0,1,0
-0.39094759522439165,-0.006222459655923278,-0.6086956521739131,-0.006439742410303484,0.0,1,-0.6666666666666666,1,1
-0.40440666460058144,-0.8469458976117653,-0.6086956521739131,-0.8454461821527139,0.0,0,-0.6666666666666666,0,0
1.011083071383244,0.07040420591889808,0.782608695652174,0.08187672493100281,2.0,0,0.6666666666666666,0,1
-0.3496554065022653,-0.00683702357255763,-0.5652173913043478,-0.0938362465501379,0.0,0,0.0,0,0
-0.23134251265477193,-0.43062611823940117,-0.34782608695652173,-0.36430542778288866,0.0,0,-0.3333333333333333,0,0
0.5947521435634067,0.608117979190597,0.08695652173913043,0.6264949402023922,0.0,1,0.6666666666666666,1,1
-0.3907409867032659,0.006683382593398911,-0.6086956521739131,0.006439742410303745,0.0,1,-0.6666666666666666,0,0
-0.3657561133985626,-0.5807629012194963,-0.5434782608695652,-0.4618215271389144,0.0,0,-0.6666666666666666,0,0
-0.36910612299110107,0.030651375342139967,-0.5869565217391305,-0.000919963201471889,0.0,1,-0.6666666666666666,1,0
1.9127374153274008,0.7197311668684468,0.9347826086956522,0.7102115915363387,2.0,1,1.0,0,0
-0.1425451218252387,-0.842560901017401,0.17391304347826086,-0.8077276908923642,0.0,0,-0.6666666666666666,0,0
-0.03670252800283347,0.2644314892298611,-0.30434782608695654,0.2916283348666055,0.0,1,0.0,1,1
-0.2704948274080961,-0.9135592821408752,-0.13043478260869565,-0.9328426862925483,1.0,0,-0.6666666666666666,0,0
0.04927613228848454,-0.337165128763541,0.021739130434782608,-0.35234590616375333,0.0,0,0.3333333333333333,0,1
-0.18674458759463408,-0.9623741703824882,0.2826086956521739,-0.9438822447102116,1.0,0,-0.6666666666666666,1,0
0.26221572881155825,0.018523340549808125,0.06521739130434782,0.08095676172953094,1.0,0,0.3333333333333333,0,0
0.06509644190611118,0.056714472352134546,-0.15217391304347827,0.10027598896044164,0.0,1,-0.6666666666666666,0,0
-0.08777910597541355,-0.8151861123485523,0.2826086956521739,-0.8325666973321066,0.0,0,-0.6666666666666666,0,0
-0.3026076946916368,-0.4457124805390896,-0.45652173913043476,-0.4765409383624654,0.0,0,-0.6666666666666666,0,0
1.5733976771299125,0.610790257815515,0.782608695652174,0.6246550137994481,2.0,1,0.6666666666666666,0,0
-0.40229630613479733,-1.005964311040913,-0.5869565217391305,-0.9356025758969642,0.0,0,-0.6666666666666666,0,1
1.4458611885893065,0.36072487548194615,0.8913043478260869,0.3431462741490342,2.0,0,1.3333333333333333,0,0
-0.28395389678428595,-0.9343536473912653,-0.15217391304347827,-0.9236430542778289,0.0,0,-0.6666666666666666,0,0
-0.31664231637667684,0.18621286674021928,-0.5434782608695652,0.08371665133394686,0.0,1,-0.6666666666666666,1,1
-0.3681763846460353,0.05968952040311483,-0.5869565217391305,0.08371665133394686,0.0,1,-0.6666666666666666,0,1
0.30693171588376794,-0.6268999113714573,0.8260869565217391,-0.6292548298068077,2.0,0,0.0,0,0
-0.2545564557783976,-0.9043953325387477,-0.08695652173913043,-0.9411223551057957,0.0,0,-0.6666666666666666,0,0
-0.3008515222620682,-0.950884020012556,-0.1956521739130435,-0.9402023919043239,0.0,0,-0.6666666666666666,0,0
-0.3744336712858429,-0.1357418050866204,-0.5869565217391305,-0.16835326586936508,0.0,0,0.0,0,0
-0.10386505512020186,-0.9198801741888168,0.4782608695652174,-0.9181232750689972,2.0,0,-0.6666666666666666,0,0
0.06661649031153616,-0.6474063459401806,0.3695652173913043,-0.6494940202391905,0.0,0,0.0,0,0
0.2931479759743806,0.46410330574437353,-0.08695652173913043,0.5501379944802209,0.0,1,0.3333333333333333,1,1
-0.21699797818804326,-0.361700411281483,-0.34782608695652173,-0.4848206071757129,0.0,0,-0.6666666666666666,0,0
0.37356296394681304,0.6650288326488198,-0.08695652173913043,0.5970561177552899,0.0,1,0.6666666666666666,0,1
-0.0320981095320317,-0.38503020303987306,-0.06521739130434782,-0.36798528058877633,1.0,0,-0.3333333333333333,0,0
0.8314517200159385,0.5089607547850407,0.30434782608695654,0.5455381784728612,1.0,1,0.3333333333333333,1,1
-0.3001726656926551,-0.9304457266008006,-0.21739130434782608,-0.9264029438822448,0.0,0,-0.6666666666666666,1,0
-0.11913932793199629,0.5301074703909067,-0.41304347826086957,0.5427782888684454,0.0,1,0.6666666666666666,1,1
-0.35440740248815694,0.4897306210680275,-0.5869565217391305,0.4388224471021161,0.0,1,0.0,0,1
1.376721122769735,0.2546983332001639,0.9347826086956522,0.29530818767249334,2.0,0,1.0,0,0
-0.12681335871666594,-0.30848547932060283,-0.2391304347826087,-0.21987120515179387,0.0,0,0.0,0,0
-0.17839170024055137,0.3218522445074004,-0.43478260869565216,0.24839006439742412,0.0,1,-0.3333333333333333,1,1
0.3167603783887487,0.3882934323835405,-0.043478260869565216,0.33026678932842696,0.0,1,0.0,0,1
0.27399241451572437,0.4876180576045966,-0.10869565217391304,0.4369825206991721,0.0,1,0.0,1,0
1.731807381827305,0.6436120817592204,0.8695652173913043,0.6200551977920884,1.0,1,1.0,0,1
1.0211626156638776,0.6488091548803241,0.3695652173913043,0.7092916283348669,2.0,1,1.0,0,0
1.875474092767226,0.687402544170492,0.9347826086956522,0.6816927322907087,2.0,1,1.0,0,0
0.15358391995395587,0.30795937536166573,-0.15217391304347827,0.4480220791168355,0.0,1,0.3333333333333333,0,1
1.4980741134280782,0.40731759984735616,0.8913043478260869,0.3771849126034959,0.0,1,0.0,1,0
-0.3946665486046546,-0.7676671523659293,-0.5869565217391305,-0.9282428702851886,0.0,0,-0.6666666666666666,1,0
0.18454568261979606,-0.09555229863510228,0.043478260869565216,-0.07267709291628315,0.0,0,0.3333333333333333,0,0
1.2672481220761205,0.5758738257755563,0.5869565217391305,0.5574977000919966,0.0,1,0.3333333333333333,0,1
0.03782411711751601,0.4578117076478289,-0.2826086956521739,0.5584176632934684,0.0,1,0.6666666666666666,0,0
-0.01772405956228508,-0.8236515614639504,0.5,-0.8233670653173872,2.0,0,-0.6666666666666666,0,0
-0.3372293797317041,-0.9394141299915238,-0.34782608695652173,-0.9291628334866605,0.0,0,-0.6666666666666666,0,0
-0.20486710644766162,-0.927831288525374,0.13043478260869565,-0.9126034958601655,1.0,0,-0.6666666666666666,0,0
1.2576260680922655,0.4704656047321748,0.6521739130434783,0.46826126954921815,2.0,1,0.3333333333333333,1,0
1.579905845545373,0.43097574995479415,0.9347826086956522,0.44710211591536364,0.0,1,0.3333333333333333,1,0
1.1424123020616581,0.17398444153536927,0.8043478260869565,0.18767249310027606,2.0,0,0.6666666666666666,0,1
1.1156269830728591,0.6501129901284811,0.43478260869565216,0.6678932842686295,2.0,1,1.0,0,0
-0.3804400761499978,-0.3233374406392672,-0.5869565217391305,-0.4507819687212511,0.0,0,-0.6666666666666666,0,0
0.2589395079765647,0.6977605068487673,-0.17391304347826086,0.62557497700092,0.0,1,0.6666666666666666,1,0
0.4641017694544059,-0.28381756655569484,0.5434782608695652,-0.27414903403863833,1.0,0,0.6666666666666666,1,0
0.11148005489883564,0.06464444198097952,-0.10869565217391304,0.15639374425023,0.0,1,-0.3333333333333333,1,1
-0.3935597172414811,-0.16938917952235316,-0.6086956521739131,-0.1692732290708371,0.0,0,0.0,1,0
-0.2655214651495698,0.2240853681028133,-0.5,0.15823367065317404,0.0,1,0.0,1,0
-0.39848880624548044,-0.4772857017561812,-0.6086956521739131,-0.4765409383624654,0.0,0,-0.6666666666666666,0,1
1.1498944820767107,0.6937971966925132,0.43478260869565216,0.7148114075436984,1.0,1,1.0,0,0
0.5762164076681278,-0.19493747948529686,0.5869565217391305,-0.1665133394664213,2.0,0,0.3333333333333333,0,0
1.1289975059399948,0.4216621801229419,0.5869565217391305,0.4875804967801288,0.0,1,0.3333333333333333,1,0
-0.34741222827290036,-0.6284684252482405,-0.5,-0.5482980680772769,2.0,0,0.3333333333333333,0,0
-0.2322427354968197,-0.9466780982080895,0.06521739130434782,-0.9300827966881325,1.0,0,-0.6666666666666666,0,0
1.1914965835805256,0.70595878949667,0.45652173913043476,0.6973321067157315,1.0,1,1.0,1,0
1.3607532356370184,0.6120023506542778,0.6304347826086957,0.6384544618215272,1.0,1,0.6666666666666666,0,0
1.346895706970086,0.3931211733731016,0.782608695652174,0.3698252069917205,2.0,0,1.3333333333333333,0,0
1.1946399846519384,0.270921860343192,0.7608695652173914,0.29530818767249334,2.0,0,1.3333333333333333,0,0
0.8782928233054412,-0.0759894315556679,0.8043478260869565,-0.06347746090156374,2.0,0,0.3333333333333333,0,0
0.895515119316421,0.8518704953121645,0.1956521739130435,0.7424103035878568,1.0,1,1.0,1,0
-0.28869113501866855,-0.9129039699645509,-0.1956521739130435,-0.9264029438822448,1.0,0,-0.6666666666666666,0,0
0.493691061229911,0.27401868632935716,0.15217391304347827,0.2677092916283351,0.0,1,-0.3333333333333333,1,1
1.5624179100072315,0.6298800017442601,0.7608695652173914,0.5841766329346827,1.0,1,0.6666666666666666,1,0
-0.40563155797582684,-0.9234591052327465,-0.6086956521739131,-0.9218031278748849,0.0,0,-0.6666666666666666,0,1
0.8353330086628001,0.0013674047145113164,0.6739130434782609,-0.003679852805887556,1.0,0,0.6666666666666666,0,0
-0.3896636708431104,0.07397813146486418,-0.6086956521739131,0.0735970561177553,0.0,1,-0.3333333333333333,1,1
0.7814672156550228,0.19370747370357552,0.45652173913043476,0.17847286108555666,1.0,0,1.0,0,0
-0.39329407771431946,-0.15279595377322475,-0.6086956521739131,-0.1527138914443422,0.0,0,0.0,0,1
0.6453269579846814,-0.3798389107248412,0.9347826086956522,-0.38914443422263095,2.0,0,0.6666666666666666,1,0
-0.05777659715765707,-0.928437072957485,0.6739130434782609,-0.9172033118675252,2.0,0,-0.6666666666666666,0,0
0.10649193488880034,-0.5932579208506334,0.3695652173913043,-0.5906163753449861,2.0,0,0.3333333333333333,0,0
0.7018639040155842,-0.2887882604562993,0.8695652173913043,-0.28334866605335773,2.0,0,0.6666666666666666,0,0
0.43783297176842134,0.41482320948728424,0.043478260869565216,0.4829806807727691,0.0,1,0.3333333333333333,0,0
-0.30603149304172017,-0.9497074535668942,-0.21739130434782608,-0.9282428702851886,1.0,0,-0.6666666666666666,0,0
0.0008116763329939051,-0.9339629547093075,0.9130434782608695,-0.9282428702851886,2.0,0,-0.6666666666666666,0,0
-0.12828913386756394,0.17799307435523423,-0.3695652173913043,0.2621895124195032,0.0,1,0.3333333333333333,1,0
0.5278552559731999,0.20790579114372737,0.21739130434782608,0.17755289788408476,1.0,0,1.0,0,1
0.6816900577028085,0.25530940527636287,0.32608695652173914,0.2741490340386386,1.0,0,1.0,0,0
0.9521258541048685,0.22437070134982215,0.5869565217391305,0.20055197792088328,2.0,0,1.0,0,0
2.0419415297885215,0.8318250645795733,0.9347826086956522,0.830726770929163,2.0,1,1.3333333333333333,0,0
-0.2516639364826375,0.7013864339569104,-0.5217391304347826,0.6209751609935603,0.0,1,0.6666666666666666,0,1
-0.13732087779105975,0.26077762739823473,-0.391304347826087,0.15915363385464593,0.0,1,-0.3333333333333333,0,0
-0.12492436652351649,-0.5506492693044113,-0.10869565217391304,-0.5749770009199632,0.0,0,0.0,0,1
-0.0323194758046664,0.2826840375539023,-0.30434782608695654,0.44710211591536364,0.0,1,0.3333333333333333,1,0
0.0373813845722466,-0.9072755887613743,0.9347826086956522,-0.9116835326586937,2.0,0,-0.6666666666666666,0,0
0.5887457386992518,-0.1809616375596917,0.5869565217391305,-0.19963201471941114,2.0,0,0.0,0,0
-0.05799796343029177,-0.9516762313113425,0.7608695652173914,-0.9254829806807728,2.0,0,-0.6666666666666666,0,0
0.5962426764658137,0.5548292077079906,0.10869565217391304,0.5538178472861087,0.0,1,0.3333333333333333,1,0
-0.36366051268428745,0.2007319392707066,-0.5869565217391305,0.11315547378104887,0.0,1,-0.6666666666666666,1,1
-0.18906155458154394,-0.8996228047518556,0.13043478260869565,-0.9153633854645814,1.0,0,-0.6666666666666666,0,0
-0.27372677498856274,-0.9053155023302903,-0.15217391304347827,-0.9208831646734131,1.0,0,-0.6666666666666666,0,0
-0.3475893212910081,-0.49701320348014505,-0.5217391304347826,-0.38914443422263095,0.0,0,-0.3333333333333333,1,1
-0.30151562107997226,-0.5326988815727152,-0.43478260869565216,-0.5666973321067157,1.0,0,0.3333333333333333,0,0
-0.3392364339369254,-0.885831032700632,-0.391304347826087,-0.8684452621895125,0.0,0,-0.6666666666666666,0,1
-0.2696093623175573,-0.9111544668149144,-0.13043478260869565,-0.9181232750689972,1.0,0,-0.6666666666666666,0,0
-0.3222502619500893,0.09863750861981908,-0.5434782608695652,0.19319227230910765,0.0,1,-0.3333333333333333,1,1
0.09847847581942419,-0.828237848973042,0.8478260869565217,-0.8298068077276909,2.0,0,-0.6666666666666666,0,0
0.4632458198668852,0.35919165823018695,0.08695652173913043,0.3845446182152715,0.0,1,0.0,1,0
0.22481958648780276,-0.014400124675654944,0.043478260869565216,0.03863845446182169,0.0,0,1.0,0,0
-0.3938696300231697,-0.1887479428963363,-0.6086956521739131,-0.1885924563017478,0.0,0,0.0,0,1
-0.10113487109104054,-0.9504889432090053,0.5869565217391305,-0.9319227230910763,2.0,0,-0.6666666666666666,0,0
-0.38830595770428417,0.1587879519604098,-0.6086956521739131,0.15823367065317404,0.0,1,-0.3333333333333333,1,1
1.0680037189533802,0.103561003633765,0.8043478260869565,0.08739650413983442,1.0,0,1.0,1,0
0.10163663464234594,-0.8515295201566634,0.9347826086956522,-0.8344066237350506,2.0,0,-0.6666666666666666,0,0
0.2598987618246484,-0.0631057727632298,0.10869565217391304,-0.02207911683532638,0.0,1,-0.6666666666666666,0,0
1.2151827747524386,0.4552249763349258,0.6304347826086957,0.39006439742410315,0.0,1,0.3333333333333333,1,0
-0.382535676864273,-0.38878849776082947,-0.5869565217391305,-0.4636614535418583,0.0,0,-0.6666666666666666,1,1
-0.022918788093446045,-0.6406019101428734,0.17391304347826086,-0.6356945722171113,2.0,0,-0.3333333333333333,0,0
1.9476542553976477,0.7788526484401656,0.9130434782608695,0.7874885004599819,2.0,1,1.3333333333333333,0,0
-0.4057496199878987,-0.9308338722323591,-0.6086956521739131,-0.9291628334866605,1.0,0,-0.6666666666666666,0,0
-0.0018004456840955444,-0.9362610775243276,0.9130434782608695,-0.9300827966881325,2.0,0,-0.6666666666666666,0,0
-0.21503519723734893,-0.9459784830351352,0.13043478260869565,-0.9282428702851886,1.0,0,-0.6666666666666666,1,0
-0.3837310547365004,-1.0065788749575475,-0.5,-0.9319227230910763,1.0,0,-0.6666666666666666,0,0
-0.33939876920352413,0.20672393745789192,-0.5652173913043478,0.16651333946642158,0.0,1,-0.3333333333333333,1,1
0.808769055946636,-0.1920078036715275,0.8695652173913043,-0.20699172033118665,1.0,0,0.3333333333333333,0,0
0.2895028113516625,-0.3014645521517796,0.32608695652173914,-0.30174793008279654,1.0,0,0.6666666666666666,0,1
1.0235828869113501,0.3946935293560379,0.5217391304347826,0.38270469181232775,1.0,1,0.0,1,0
0.3060167352902112,0.5709682887981353,-0.10869565217391304,0.532658693652254,0.0,1,0.6666666666666666,0,1
-0.3078614542288337,-0.000691384406213843,-0.5217391304347826,-0.025758969641214196,0.0,1,-0.6666666666666666,1,0
-0.38026298313189005,-0.3178063653895577,-0.5869565217391305,-0.34590616375344985,0.0,0,-0.3333333333333333,0,0
0.005445610306813667,-0.8766233873924646,0.717391304347826,-0.8454461821527139,2.0,0,-0.6666666666666666,0,0
0.10286152801759124,0.3945864231322352,-0.21739130434782608,0.48666053357865696,0.0,1,0.3333333333333333,1,0
-0.21754401499387555,0.050112566035562266,-0.43478260869565216,-0.005519779208831595,0.0,1,-0.6666666666666666,0,0
-0.10154808813329201,-0.931373065102614,0.5217391304347826,-0.9356025758969642,2.0,0,-0.6666666666666666,0,0
-0.2857691002198905,0.2753092705542898,-0.5217391304347826,0.15455381784728622,0.0,1,-0.3333333333333333,0,0
1.0590014905329024,-0.002976523476516187,0.9130434782608695,-0.02115915363385449,1.0,0,0.3333333333333333,1,0
-0.40583816649695253,-0.9363649474820687,-0.6086956521739131,-0.9346826126954922,0.0,0,-0.6666666666666666,0,0
0.016927140980800205,0.19033556634764165,-0.2391304347826087,0.1895124195032201,0.0,1,-0.3333333333333333,1,1
1.8418411770782606,0.6582235615452886,0.9347826086956522,0.612695492180313,2.0,1,0.6666666666666666,1,0
-0.34223225749324837,-0.2134073200512911,-0.5434782608695652,-0.28794848206071744,0.0,0,0.0,0,0
0.5081388999572026,-0.32304057501852007,0.6521739130434783,-0.29806807727690887,2.0,0,-0.3333333333333333,0,0
-0.3906229246911941,0.014058149593011403,-0.6086956521739131,0.013799448022079119,0.0,1,-0.6666666666666666,0,1
0.3656528091379998,0.26937971999089144,0.043478260869565216,0.2667893284268629,0.0,1,-0.3333333333333333,1,0
-0.3969540000885465,-0.9916756999791636,-0.5652173913043478,-0.9264029438822448,0.0,0,-0.6666666666666666,0,0
1.6485146323106212,0.6829778809463389,0.782608695652174,0.6605335786568539,1.0,1,0.6666666666666666,1,1
1.040790425170821,0.5547113486615532,0.43478260869565216,0.5317387304507821,1.0,1,0.6666666666666666,0,0
-0.39792801168813924,-0.8695311215480791,-0.5869565217391305,-0.9383624655013799,0.0,0,-0.6666666666666666,0,0
-0.1100190374994466,-0.9413568298615235,0.5217391304347826,-0.9116835326586937,1.0,0,-0.6666666666666666,0,1
1.1456590073936337,0.47183005025987684,0.5652173913043478,0.4489420423183074,1.0,1,0.3333333333333333,1,0
2.034990628827792,0.8257946561475985,0.9347826086956522,0.8040478380864767,2.0,1,1.3333333333333333,0,0
0.37334159767417835,0.06519498882296434,0.15217391304347827,0.08371665133394686,0.0,1,-0.6666666666666666,0,0
-0.3535366951491271,-0.9340603327946898,-0.41304347826086957,-0.9300827966881325,0.0,0,-0.6666666666666666,0,0
-0.3838638745000812,0.4362635603208357,-0.6086956521739131,0.4351425942962283,0.0,1,0.0,1,1
1.3075958147016722,0.19472713766859157,0.9347826086956522,0.19319227230910765,2.0,0,1.0,0,0
0.036289310960582064,-0.29759160227454806,-0.021739130434782608,-0.28886844526218947,0.0,0,0.0,0,0
0.61525066040938,0.39116588975412564,0.1956521739130435,0.39282428702851907,0.0,1,0.0,0,0
1.7624149584569295,0.9294359911924734,0.6956521739130435,0.8877644894204233,1.0,1,1.3333333333333333,1,0
-0.018742344416404717,-0.8248747800287899,0.5,-0.8426862925482981,2.0,0,-0.6666666666666666,0,0
-0.0586177889936689,-0.9677077072304224,0.8260869565217391,-0.936522539098436,1.0,0,-0.6666666666666666,0,0
0.7533389412789069,0.8434483059097431,0.10869565217391304,0.8426862925482984,2.0,1,1.3333333333333333,0,0
0.8575434246838152,0.17130115615188218,0.5434782608695652,0.18859245630174795,2.0,0,1.0,1,0
-0.40561680022431784,-0.922537259357795,-0.6086956521739131,-0.9208831646734131,0.0,0,-0.6666666666666666,0,0
0.008972712917459923,0.4546390214282039,-0.30434782608695654,0.3587856485740571,0.0,1,0.0,1,1
-0.3544664334941929,-0.40445987763500635,-0.5434782608695652,-0.4480220791168353,0.0,0,-0.6666666666666666,0,1
-0.22844999335901184,-0.025581223029906692,-0.43478260869565216,-0.07543698252069908,0.0,0,0.3333333333333333,0,1
0.8844910789392129,0.46321753209931116,0.3695652173913043,0.5418583256669735,0.0,1,0.6666666666666666,1,0
0.1768716518351264,0.374080865846829,-0.15217391304347827,0.361545538178473,0.0,1,0.0,1,1
0.35508625905757,-0.03649781891749112,0.1956521739130435,0.0018399264029440392,1.0,1,-0.6666666666666666,0,1
0.8321453343368603,0.11576289085130584,0.5652173913043478,0.08555657773689064,1.0,0,0.6666666666666666,0,0
-0.40573486223638966,-0.9299120263574077,-0.6086956521739131,-0.9282428702851886,0.0,0,-0.6666666666666666,0,0
1.0693909475952244,0.14867645501953455,0.7608695652173914,0.18307267709291636,1.0,1,0.0,0,0
-0.10100205132745976,-0.9307295123219873,0.5217391304347826,-0.9310027598896045,2.0,0,-0.6666666666666666,0,1
1.0394917430380306,0.2660081635539159,0.6304347826086957,0.25666973321067166,2.0,0,1.0,1,0
0.4619914109886219,-0.3223497486303904,0.5869565217391305,-0.29990800367985276,1.0,0,0.6666666666666666,0,0
1.8196307610572455,0.6389544220758147,0.9347826086956522,0.6356945722171116,2.0,1,1.0,0,0
-0.3956848334587742,-0.30213498551538076,-0.6086956521739131,-0.30174793008279654,0.0,0,0.0,1,1
1.6937618984371543,0.529754096138842,0.9347826086956522,0.4949402023919045,1.0,1,0.3333333333333333,0,0
0.11946399846519386,0.21108175432129936,-0.15217391304347827,0.23367065317387312,0.0,1,-0.3333333333333333,1,0
-0.16676259205147506,0.6149864293270734,-0.45652173913043476,0.6467341306347748,0.0,1,0.6666666666666666,1,1
-0.024320774486799153,0.21519339643400973,-0.2826086956521739,0.19595216191352358,0.0,1,-0.3333333333333333,1,1
0.059768893611369375,-0.541814913002792,0.21739130434782608,-0.5381784728610854,0.0,0,0.3333333333333333,0,0
-0.2568439072622895,-0.4911902103700343,-0.3695652173913043,-0.4664213431462741,0.0,0,-0.6666666666666666,0,0
0.8255191039093284,0.1342566089547537,0.5434782608695652,0.07727690892364311,2.0,0,0.6666666666666666,0,0
-0.2014728236005962,-0.5675753838417167,-0.2391304347826087,-0.5547378104875804,1.0,0,0.3333333333333333,0,0
0.23824914036097464,-0.028260337603984515,0.06521739130434782,0.002759889604415928,1.0,0,0.6666666666666666,0,0
-0.17343309573353402,-0.9339366705431718,0.2608695652173913,-0.9310027598896045,1.0,0,-0.6666666666666666,0,0
0.06667552131757208,-0.8508947000910354,0.8260869565217391,-0.8408463661453542,2.0,0,-0.6666666666666666,0,0
1.5992680155251546,0.6356517319507475,0.782608695652174,0.6237350505979763,0.0,1,0.6666666666666666,1,0
0.13085698263012652,0.05860174227067201,-0.08695652173913043,0.1471941122355106,0.0,0,1.0,0,0
-0.3910066262304276,-0.009909843155729655,-0.6086956521739131,-0.010119595216191301,0.0,1,-0.6666666666666666,1,1
1.756142914065613,0.7242234456471287,0.8260869565217391,0.724011039558418,1.0,1,1.0,0,0
-0.2507046826345538,0.1390341117828757,-0.4782608695652174,0.06255749770009211,0.0,1,-0.6666666666666666,0,1
0.03119788668998393,-0.6535512083573883,0.30434782608695654,-0.6789328426862925,0.0,0,0.0,0,0
0.26227475981759424,0.45712032324161533,-0.10869565217391304,0.4461821527138915,0.0,1,0.3333333333333333,1,0
-0.2657871046767315,-0.2847223412107398,-0.43478260869565216,-0.29070837166513336,0.0,0,-0.3333333333333333,1,1
-0.0053275482947418,-0.9290035405676002,0.8695652173913043,-0.9227230910763569,2.0,0,-0.6666666666666666,0,0
-0.18864833753929253,-0.9203945905673669,0.17391304347826086,-0.9208831646734131,1.0,0,-0.6666666666666666,0,0
-0.1679874854267204,-0.5359150994031019,-0.1956521739130435,-0.5694572217111316,2.0,0,0.3333333333333333,0,0
-0.2673809418397013,-0.00977815088787951,-0.4782608695652174,-0.02207911683532638,0.0,1,-0.6666666666666666,0,0
0.42708932866988397,0.11912366458411473,0.17391304347826086,0.10855565777368917,0.0,1,-0.6666666666666666,1,1
-0.2679122208940246,0.4983959722925723,-0.5217391304347826,0.43330266789328453,0.0,1,0.0,0,1
0.20086775578872804,-0.36367381867983156,0.2608695652173913,-0.3495860165593375,1.0,0,0.3333333333333333,1,0
1.152609908354363,0.5126231269626583,0.5434782608695652,0.5464581416743332,1.0,1,0.6666666666666666,0,0
-0.35119021265919925,-0.038794347237545795,-0.5652173913043478,0.0009199632014721504,0.0,1,-0.6666666666666666,1,1
-0.01128967990436977,-0.9344010149658675,0.8695652173913043,-0.9208831646734131,2.0,0,-0.6666666666666666,0,0
1.0767845811012235,0.45739644217114067,0.5217391304347826,0.4434222631094758,1.0,1,0.6666666666666666,0,0
-0.1718245008190552,-0.4646871414651763,-0.2391304347826087,-0.44066237350505977,1.0,0,0.3333333333333333,0,0
1.5380528622659053,0.6060992589388684,0.7608695652173914,0.6200551977920884,2.0,1,1.0,0,0
0.4725136878145246,0.48470507420135583,0.043478260869565216,0.38270469181232775,0.0,1,0.0,1,1
-0.2622747598175942,-0.8303987641563845,-0.1956521739130435,-0.8362465501379945,0.0,0,-0.6666666666666666,0,0
0.6242086155753311,-0.16167478509512676,0.6086956521739131,-0.19779208831646722,1.0,0,0.3333333333333333,0,0
1.6520860081757942,0.7493692433718505,0.7391304347826086,0.7019319227230912,2.0,1,1.0,0,0
-0.2373636752704358,-0.4595578964686508,-0.34782608695652173,-0.5482980680772769,2.0,0,0.3333333333333333,0,0
0.4117855403550715,-0.2252760856912928,0.41304347826086957,-0.20975160993560243,1.0,0,0.0,0,0
-0.37089181092368767,-0.025120300092430797,-0.5869565217391305,0.011039558417663452,0.0,1,-0.6666666666666666,1,1
-0.0801050751907439,-0.9335185461839725,0.6086956521739131,-0.9126034958601655,2.0,0,-0.6666666666666666,0,0
1.9358332964389546,0.7684526689213456,0.9130434782608695,0.7874885004599819,1.0,1,1.0,0,0
-0.30836321778013903,-0.37548757870795657,-0.4782608695652174,-0.39650413983440663,0.0,0,-0.6666666666666666,1,0
-0.09666327238381961,-0.06723713350428111,-0.2826086956521739,-0.13431462741490335,0.0,0,-0.3333333333333333,0,0
0.6294918906155459,0.6159150534805174,0.10869565217391304,0.5611775528978842,0.0,1,0.3333333333333333,1,0
0.6987647761986984,0.577779359502592,0.17391304347826086,0.5363385464581418,0.0,1,0.3333333333333333,1,1
-0.04298933014565897,0.14230995694565035,-0.2826086956521739,0.18767249310027606,0.0,1,-0.3333333333333333,0,0
0.4842903735186907,-0.13092131936551948,0.41304347826086957,-0.1094756209751608,1.0,0,0.3333333333333333,0,0
0.8577943064594679,0.0703225357538495,0.6304347826086957,0.08923643054277845,1.0,0,0.6666666666666666,0,0
1.3785953572113754,0.256324366896259,0.9347826086956522,0.2677092916283351,2.0,0,1.0,0,0
-0.36882572571243044,-0.9150308000903321,-0.4782608695652174,-0.939282428702852,0.0,0,-0.6666666666666666,0,0
0.5428048582517968,0.2720779581715646,0.1956521739130435,0.24931002759889628,0.0,1,0.3333333333333333,0,1
1.1937102463068727,0.792288119276094,0.41304347826086957,0.8666053357865687,0.0,1,1.3333333333333333,1,1
-0.09241303994923332,0.6970537583446381,-0.41304347826086957,0.6264949402023922,0.0,1,1.0,1,1
0.2697864553356651,0.12197557335400994,0.021739130434782608,0.07911683532658716,1.0,0,1.0,0,0
0.1441094434851906,-0.17703157919533885,0.043478260869565216,-0.20791168353265865,0.0,0,-0.3333333333333333,0,0
0.5492244801582031,0.007945910639528047,0.3695652173913043,-0.02299908003679853,1.0,0,0.3333333333333333,0,0
-0.09648617936571181,-0.9031231852313146,0.45652173913043476,-0.9162833486660534,2.0,0,-0.6666666666666666,0,0
0.19800475199598594,0.06317936550114586,-0.021739130434782608,0.11407543698252076,0.0,1,-0.3333333333333333,0,0
0.8092708194979412,-0.14131478242155512,0.8043478260869565,-0.14443422263109468,2.0,0,1.3333333333333333,0,0
-0.3461135461401101,-0.7854126854587473,-0.45652173913043476,-0.7534498620055198,0.0,0,-0.3333333333333333,1,1
0.7241481087941442,0.4335654748331726,0.2608695652173913,0.45170193192272334,0.0,1,0.3333333333333333,0,0
1.956376086539455,0.7575908648161112,0.9347826086956522,0.7598896044158236,2.0,1,1.0,0,0
-0.3605023538613657,-0.8407563610228046,-0.4782608695652174,-0.9282428702851886,1.0,0,-0.6666666666666666,0,0
-0.1810185800091498,-0.91775821626923,0.1956521739130435,-0.9181232750689972,0.0,0,-0.6666666666666666,0,0
0.9197768627971843,0.593312575744405,0.32608695652173914,0.6568537258509661,1.0,1,1.0,1,0
1.157966972152123,0.7892324617171902,0.391304347826087,0.7930082796688135,1.0,1,1.3333333333333333,0,0
0.9990702616549342,0.36580322750142336,0.5217391304347826,0.40846366145354196,0.0,1,0.3333333333333333,1,0
-0.33779017428904534,-0.1440384179611847,-0.5434782608695652,-0.08739650413983442,0.0,0,0.0,1,0
0.10349611133247742,0.31199873637736264,-0.1956521739130435,0.2575896964121435,0.0,1,-0.3333333333333333,1,0
-0.38950133557651156,-0.6063441242494025,-0.5869565217391305,-0.4728610855565777,0.0,0,-0.6666666666666666,0,1
0.810362893109606,0.04232808975819345,0.6086956521739131,0.013799448022079119,1.0,0,0.3333333333333333,0,0
0.6717580909372648,0.24120935359812615,0.32608695652173914,0.2723091076356948,0.0,1,0.3333333333333333,1,0
-0.06692640309322472,-0.39969700728108987,-0.10869565217391304,-0.37994480220791155,0.0,0,-0.3333333333333333,0,0
-0.2729888874131138,-0.7195467976934568,-0.30434782608695654,-0.7387304507819686,0.0,0,-0.3333333333333333,0,0
-0.39422381605938517,-0.9348285376904827,-0.5652173913043478,-0.8298068077276909,0.0,0,-0.6666666666666666,1,1
-0.31315948702055757,0.24060177336236263,-0.5434782608695652,0.25206991720331196,0.0,1,0.0,0,1
0.5243724266170807,0.2833617188457586,0.17391304347826086,0.2824287028518861,0.0,1,-0.3333333333333333,1,1
-0.3895603665825475,0.0804310525895254,-0.6086956521739131,0.08003679852805905,0.0,1,-0.3333333333333333,1,1
-0.003940319652897658,-0.2357620825188669,-0.10869565217391304,-0.2575896964121434,0.0,0,0.0,0,0
-0.2771653310901551,0.38279649957364387,-0.5217391304347826,0.376264949402024,0.0,1,0.0,1,1
0.6643792151827748,0.7399140045851899,0.08695652173913043,0.6844526218951243,0.0,1,0.6666666666666666,1,0
-0.06956804061333217,-0.928433894178606,0.6304347826086957,-0.9291628334866605,2.0,0,-0.6666666666666666,0,0
1.6409439057865143,0.48393067410479024,0.9347826086956522,0.47010119595216215,2.0,1,0.3333333333333333,0,0
0.08192027862634849,-0.8626042937412246,0.9130434782608695,-0.8555657773689052,2.0,0,-0.6666666666666666,0,0
0.518867785304231,0.7789926874010484,-0.021739130434782608,0.6586936522539101,0.0,1,0.6666666666666666,1,1
0.8596537831495995,0.260245224433022,0.4782608695652174,0.24839006439742412,2.0,0,1.3333333333333333,0,0
0.3352518410295008,0.258285850063517,0.021739130434782608,0.2759889604415824,1.0,0,1.3333333333333333,0,1
1.4011304437655878,0.27587518149419044,0.9347826086956522,0.26586936522539106,2.0,1,0.3333333333333333,0,0
0.5289620873363734,0.3352190096941985,0.15217391304347827,0.3771849126034959,0.0,1,0.0,1,1
-0.10027892150351973,0.09228335669604566,-0.32608695652173914,0.10579576816927325,2.0,0,1.0,0,0
1.1912752173078909,0.09381062119125319,0.9347826086956522,0.07727690892364311,2.0,0,0.6666666666666666,0,0
-0.16075618718732015,-0.5845550399323652,-0.15217391304347827,-0.5731370745170192,0.0,0,0.0,1,0
-0.3668186715072092,0.10209443065088751,-0.5869565217391305,0.16927322907083725,0.0,1,-0.3333333333333333,1,0
-0.323239031301191,-0.9288058113074658,-0.30434782608695654,-0.9337626494940202,0.0,0,-0.6666666666666666,0,0
-0.09084871828928144,-0.9039376631749483,0.4782608695652174,-0.9346826126954922,2.0,0,-0.6666666666666666,0,0
0.38317026017915917,-0.5875779760807455,0.8913043478260869,-0.5740570377184913,2.0,0,0.3333333333333333,0,0
-0.0014610173993890427,-0.9359624513958222,0.9130434782608695,-0.9245630174793008,2.0,0,-0.6666666666666666,0,0
0.7003586133616684,0.48419954581831803,0.21739130434782608,0.5446182152713893,0.0,1,0.3333333333333333,0,0
0.6631985950620564,-0.19618315880578194,0.6956521739130435,-0.19411223551057954,0.0,0,0.0,1,0
0.3367718894349258,-0.3978119506521824,0.5,-0.3790248390064397,0.0,0,-0.3333333333333333,0,0
-0.401056655008043,-0.6376868839977564,-0.6086956521739131,-0.6366145354185833,0.0,0,-0.3333333333333333,1,1
1.6193090420743497,0.6854068118682967,0.7608695652173914,0.7019319227230912,1.0,1,1.0,0,0
0.6961674119331178,-0.18071896269514523,0.717391304347826,-0.18767249310027592,2.0,0,0.3333333333333333,0,0
-0.2234323578459586,-0.9049914595378832,0.021739130434782608,-0.9438822447102116,2.0,0,-0.6666666666666666,0,0
-0.3580082938563481,-0.45977063013210123,-0.5434782608695652,-0.4480220791168353,0.0,0,-0.6666666666666666,1,1
1.1614350437567333,0.26288337345891066,0.7391304347826086,0.25114995400184004,1.0,0,1.3333333333333333,0,0
-0.3984592907424625,-0.4754420100062781,-0.6086956521739131,-0.47470101195952163,0.0,0,-0.6666666666666666,0,0
0.04287126813358717,0.5958043530791227,-0.30434782608695654,0.6090156393744253,0.0,1,0.6666666666666666,1,0
0.24061038060241144,0.21211844294834942,-0.043478260869565216,0.1895124195032201,1.0,1,0.0,0,0
-0.3455675093342778,-0.2654916119860555,-0.5434782608695652,-0.24195032198712038,0.0,0,1.0,0,0
1.876344800106256,0.6881579456513551,0.9347826086956522,0.7433302667893286,2.0,1,1.0,1,0
-0.06499313764554834,-0.815664594255075,0.34782608695652173,-0.8399264029438822,1.0,0,-0.6666666666666666,0,0
0.8826611177520993,0.4997889838369436,0.34782608695652173,0.49126034958601666,0.0,1,0.6666666666666666,1,0
0.3576688655716415,0.03800053551189281,0.15217391304347827,0.11039558417663295,1.0,0,1.0,0,0
0.04276796387302434,0.37276464740505333,-0.2608695652173913,0.3505059797608098,0.0,1,0.3333333333333333,1,1
-0.40603001726656923,-0.9483489438564392,-0.6086956521739131,-0.9466421343146274,0.0,0,-0.6666666666666666,0,0
-0.03931465001992298,0.15665618337458412,-0.2826086956521739,0.07543698252069933,0.0,1,-0.6666666666666666,0,0
-0.39444518233201986,-0.9394377670652406,-0.5652173913043478,-0.9300827966881325,0.0,0,-0.6666666666666666,0,1
-0.3450214725284456,-0.2569645376427534,-0.5434782608695652,-0.35786568537258506,0.0,0,-0.6666666666666666,1,1
1.3502604743141335,0.2532706622705881,0.9130434782608695,0.2585096596136157,2.0,0,1.3333333333333333,0,0
-0.3366685851743628,-0.828693349287724,-0.41304347826086957,-0.8454461821527139,0.0,0,-0.6666666666666666,0,0
-0.29354643526512303,-0.9280683346075044,-0.1956521739130435,-0.9254829806807728,2.0,0,-0.6666666666666666,0,0
-0.3110048553002464,0.2742491477980954,-0.5434782608695652,0.19595216191352358,0.0,1,-0.3333333333333333,1,1
0.33079500007378887,0.48682326100087264,-0.06521739130434782,0.515179392824287,0.0,1,0.3333333333333333,1,1
-0.3445049512256313,-0.24889838623692703,-0.5434782608695652,-0.2732290708371664,0.0,0,-0.3333333333333333,0,0
-0.32130576585351456,-0.16865170282239192,-0.5217391304347826,-0.35602575896964117,0.0,0,0.3333333333333333,0,1
-0.3037587993093373,0.38740572894840175,-0.5434782608695652,0.39190432382704715,0.0,1,0.0,1,1
0.2842933250689925,0.20214649587192546,0.0,0.25666973321067166,0.0,1,-0.3333333333333333,1,0
-0.3530201738463128,0.5330573771907517,-0.5869565217391305,0.549218031278749,0.0,1,0.6666666666666666,1,0
-0.24801877185991944,-0.9444390458350929,0.0,-0.937442502299908,2.0,0,-0.6666666666666666,0,0
-0.38479361284514696,0.378187270198886,-0.6086956521739131,0.3771849126034959,0.0,1,0.0,1,1
-0.39112468824249935,-0.017284610155342148,-0.6086956521739131,-0.017479300827966674,0.0,1,-0.6666666666666666,0,1
-0.19232301766502855,0.41540679740005626,-0.45652173913043476,0.4434222631094758,0.0,1,0.3333333333333333,0,1
-0.3373326839922669,-0.9399105085395748,-0.34782608695652173,-0.9190432382704692,0.0,0,-0.6666666666666666,1,0
1.2405661073478844,0.4524036753856659,0.6521739130434783,0.4489420423183074,0.0,1,0.3333333333333333,1,0
-0.4056610734788448,-0.9253027969826497,-0.6086956521739131,-0.9236430542778289,0.0,0,-0.6666666666666666,0,1
1.0100647865291243,0.47929532576357553,0.45652173913043476,0.46642134314627437,0.0,1,0.0,1,1
-0.18491462640752057,-0.5101136576364015,-0.2391304347826087,-0.4783808647654093,0.0,0,-0.6666666666666666,0,0
-0.052758961644603836,0.021758273960254093,-0.2608695652173913,0.07727690892364311,0.0,0,0.6666666666666666,0,0
0.6281194197252108,0.08504028196428332,0.391304347826087,0.05979760809567618,2.0,0,0.6666666666666666,1,0
0.1299862752910967,0.004378767906019958,-0.06521739130434782,0.08463661453541875,0.0,1,-0.6666666666666666,0,1
-0.3215566476291672,-0.3592894297623788,-0.5,-0.4121435142594295,0.0,0,0.3333333333333333,1,1
-0.14288455010994525,-0.4133387089569084,-0.21739130434782608,-0.3725850965961361,0.0,0,-0.6666666666666666,0,0
-0.3656675668895087,-0.34023794834671284,-0.5652173913043478,-0.12419503219871193,0.0,0,0.0,1,1
0.6675521317572055,-0.3054834550905726,0.8478260869565217,-0.3192272309107635,2.0,0,0.6666666666666666,1,0
-0.39626038576762446,-0.8174468296133147,-0.5869565217391305,-0.9291628334866605,0.0,0,-0.6666666666666666,0,0
-0.36708431103437084,-0.8994911124840055,-0.4782608695652174,-0.8463661453541858,1.0,0,-0.6666666666666666,0,0
-0.2967193518395537,-0.898108343671578,-0.2391304347826087,-0.9346826126954922,0.0,0,-0.6666666666666666,0,0
0.14142353271055627,-0.8102538350397489,0.9130434782608695,-0.8334866605335787,2.0,0,-0.6666666666666666,0,0
-0.03941795428048581,0.49157431281793057,-0.34782608695652173,0.4314627414903405,0.0,1,0.3333333333333333,0,0
-0.37952509555644104,-0.6287757072065577,-0.5652173913043478,-0.6163753449862005,0.0,0,0.0,0,1
1.7566594353684273,0.5843222505700034,0.9347826086956522,0.6145354185832569,2.0,1,0.6666666666666666,0,0
0.6829444665810719,-0.2608753989304267,0.8043478260869565,-0.2502299908003679,2.0,0,0.6666666666666666,0,0
-0.2729888874131138,-0.9360192552789619,-0.10869565217391304,-0.9116835326586937,1.0,0,-0.6666666666666666,0,0
-0.3985921105060433,-0.4837386228808423,-0.6086956521739131,-0.482980680772769,0.0,0,-0.6666666666666666,1,1
-0.0025678487625625497,-0.8405423610875481,0.5869565217391305,-0.8445262189512419,2.0,0,-0.6666666666666666,0,0
-0.24962736677439828,-0.8368893971577481,-0.15217391304347827,-0.8233670653173872,1.0,0,-0.6666666666666666,0,0
-0.20123669957645254,-0.35817004548565196,-0.32608695652173914,-0.3606255749770009,0.0,0,0.3333333333333333,1,1
1.4788595209633861,0.6390696528101836,0.6956521739130435,0.6264949402023922,1.0,1,0.6666666666666666,0,1
0.07167839907911636,-0.5420914667652773,0.2391304347826087,-0.5712971481140754,0.0,0,0.0,1,1
0.3370670444651054,-0.1833266112031686,0.2826086956521739,-0.19687212511499536,0.0,0,0.3333333333333333,0,0
1.3719248535293163,0.2505372233479517,0.9347826086956522,0.23827046918123282,2.0,0,1.0,0,0
-0.1287761396673603,0.1754579981991176,-0.3695652173913043,0.16927322907083725,0.0,1,-0.3333333333333333,0,0
0.09920160564336422,-0.8474003286768823,0.9130434782608695,-0.8445262189512419,2.0,0,-0.6666666666666666,0,0
-0.2759551954664187,-0.9708987121821779,-0.06521739130434782,-0.9411223551057957,1.0,0,-0.6666666666666666,0,0
-0.35200188899219315,-0.7649016147410747,-0.4782608695652174,-0.7460901563937443,0.0,0,-0.3333333333333333,0,0
-0.3274302327297413,-0.4204385394675004,-0.5,-0.4572217111315547,0.0,0,-0.6666666666666666,0,0
1.4023700948923423,0.6568231328501994,0.6304347826086957,0.6642134314627417,1.0,1,1.0,1,1
0.03981641357122832,-0.7438979891196288,0.4782608695652174,-0.7414903403863846,0.0,0,-0.3333333333333333,0,0
0.965142190935789,-0.10237610577934503,0.9347826086956522,-0.08647654093836227,2.0,0,1.3333333333333333,0,0
0.10216791369666921,0.48614566488766026,-0.2391304347826087,0.47286108555657785,0.0,1,0.3333333333333333,1,1
-0.2484024733991529,0.15957810556751117,-0.4782608695652174,0.08739650413983442,0.0,1,-0.6666666666666666,0,1
0.6203420846799782,0.07470383991961338,0.391304347826087,0.0680772769089237,2.0,0,0.6666666666666666,0,0
-0.38395242100913507,-0.43303709975850535,-0.5869565217391305,-0.4719411223551057,0.0,0,-0.6666666666666666,1,1
1.670223284780331,0.8006454451182292,0.717391304347826,0.7433302667893286,1.0,1,1.0,0,0
-0.32260444798630483,-0.9493284050985753,-0.2826086956521739,-0.9319227230910763,2.0,0,-0.6666666666666666,0,0
-0.31931346939980226,-0.33593600093027215,-0.5,-0.3836246550137994,0.0,0,-0.3333333333333333,0,0
-0.10272870825401041,-0.281320676023053,-0.21739130434782608,-0.28242870285188587,0.0,0,0.0,0,1
0.46207995749767566,-0.5058629238796802,0.8695652173913043,-0.4857405703771848,2.0,0,0.3333333333333333,0,0
-0.16539012116113988,0.10138209520206141,-0.391304347826087,0.0735970561177553,0.0,1,-0.6666666666666666,1,1
1.6407225395138796,0.7063067863144644,0.7608695652173914,0.7506899724011042,0.0,1,1.0,1,0
0.808813329201163,0.6579084005623993,0.21739130434782608,0.6320147194112238,1.0,1,1.0,0,1
-0.14602795118135803,-0.1908374602128933,-0.30434782608695654,-0.2695492180312786,0.0,0,-0.3333333333333333,0,1
-0.25178199849470934,-0.897463051559112,-0.08695652173913043,-0.9153633854645814,0.0,0,-0.6666666666666666,0,0
-0.3771195820604773,-0.9377477162944962,-0.5,-0.9328426862925483,2.0,0,-0.6666666666666666,0,0
1.932557075603961,0.9218109565472267,0.8043478260869565,0.8362465501379946,1.0,1,1.3333333333333333,0,0
1.1589852570062427,0.31151212265320766,0.6956521739130435,0.3367065317387307,2.0,0,1.0,0,0
0.8152919821136052,0.4854858423880179,0.30434782608695654,0.4443422263109477,0.0,1,0.3333333333333333,1,0
-0.3456117825888048,-0.9532654551895143,-0.3695652173913043,-0.9245630174793008,0.0,0,-0.6666666666666666,0,0
-0.1847965643954487,-0.6808132388433172,-0.13043478260869565,-0.6568537258509659,0.0,0,-0.3333333333333333,0,0
0.6996649990407462,-0.31911772360603813,0.9130434782608695,-0.33210671573137074,0.0,0,0.6666666666666666,0,0
0.22518853027552727,-0.1268758168187038,0.10869565217391304,-0.09843606255749761,0.0,0,0.0,0,0
-0.3797169463260578,-0.8983848974340636,-0.5217391304347826,-0.9291628334866605,0.0,0,-0.6666666666666666,0,1
-0.0008559495875208052,-0.6710082397703964,0.2608695652173913,-0.6421343146274148,1.0,0,0.0,0,0
-0.004353536695149127,-0.9434836461830836,0.9347826086956522,-0.9319227230910763,2.0,0,-0.6666666666666666,0,0
-0.035787547409276727,0.38003096194878927,-0.32608695652173914,0.4645814167433303,0.0,1,0.0,1,0
-0.1724000531279054,-0.932362787342035,0.2608695652173913,-0.9291628334866605,2.0,0,-0.6666666666666666,0,0
0.12287303906376824,0.15477992641714203,-0.13043478260869565,0.2115915363385465,1.0,1,-0.3333333333333333,0,0
1.8855388792963506,0.7242040669236698,0.9130434782608695,0.7166513339466423,2.0,1,1.3333333333333333,0,0
-0.3908590487153378,-0.000691384406213843,-0.6086956521739131,-0.000919963201471889,0.0,1,-0.6666666666666666,1,1
0.11881465739879872,-0.8366263451782795,0.9347826086956522,-0.8270469181232751,2.0,0,-0.6666666666666666,0,0
-0.3000841191836012,-0.1357418050866204,-0.5,-0.010119595216191301,0.0,1,-0.6666666666666666,1,0
-0.28017591239798706,-0.9398519297047115,-0.13043478260869565,-0.9264029438822448,1.0,0,-0.6666666666666666,0,0
-0.16021015038148786,0.27355776339188154,-0.41304347826086957,0.27966881324747017,0.0,1,-0.3333333333333333,1,1
1.8387125337583565,0.6555092375801533,0.9347826086956522,0.7276908923643057,2.0,1,1.3333333333333333,1,0
-0.3067988961201871,-0.3615281983158326,-0.4782608695652174,-0.36890524379024836,0.0,0,-0.3333333333333333,0,0
-0.24176148522011184,0.47144734454815457,-0.5,0.4443422263109477,0.0,1,0.3333333333333333,0,1
-0.1439471082185918,0.5609176080781775,-0.43478260869565216,0.5731370745170195,0.0,1,0.6666666666666666,1,0
-0.09946724517052583,0.32802349050360413,-0.3695652173913043,0.3459061637534501,0.0,1,0.0,1,0
-0.4058824397514795,-0.9391304851069234,-0.6086956521739131,-0.937442502299908,0.0,0,-0.6666666666666666,0,0
-0.0017118991750416773,-0.7633844100718833,0.41304347826086957,-0.7442502299908004,1.0,0,-0.3333333333333333,0,0
0.07282950369681676,0.21621894996989321,-0.1956521739130435,0.15547378104875811,0.0,1,-0.3333333333333333,1,0
-0.005726007585484236,0.28778875908644674,-0.2826086956521739,0.2759889604415824,0.0,1,-0.3333333333333333,0,1
-0.3665382742285385,0.11085196646292743,-0.5869565217391305,0.17111315547378128,0.0,1,-0.3333333333333333,0,1
-0.3569457357477015,-0.9553549725060713,-0.41304347826086957,-0.939282428702852,1.0,0,-0.6666666666666666,0,0
-0.35403845870043243,0.5012536945049223,-0.5869565217391305,0.1701931922723091,0.0,1,-0.3333333333333333,1,1
0.12755124629211498,0.38712917518591655,-0.1956521739130435,0.48666053357865696,0.0,1,0.3333333333333333,0,0
-0.28838122223698,-0.9119360317958518,-0.1956521739130435,-0.9144434222631095,1.0,0,-0.6666666666666666,0,0
-0.30992753944009094,-0.9625162594083266,-0.21739130434782608,-0.9300827966881325,1.0,0,-0.6666666666666666,0,0
0.07834890276117533,0.31399768637988906,-0.21739130434782608,0.3725850965961362,0.0,1,0.0,1,1
0.23199185372116712,0.5305851541624726,-0.15217391304347827,0.6301747930082797,0.0,1,1.0,1,0
0.4254217027493692,0.1970577249976854,0.13043478260869565,0.17847286108555666,0.0,1,-0.3333333333333333,0,0
-0.3982821977243547,-0.4643798595068591,-0.6086956521739131,-0.4636614535418583,0.0,0,-0.6666666666666666,0,0
0.394415666829002,-0.005820629402739338,0.21739130434782608,0.05151793928242892,0.0,1,-0.6666666666666666,0,0
1.1931789672525495,0.5595519104856566,0.5434782608695652,0.5289788408463661,1.0,1,0.6666666666666666,1,0
-0.4056463157273358,-0.924380951107698,-0.6086956521739131,-0.9227230910763569,0.0,0,-0.6666666666666666,0,1
1.6489721226073997,0.6534141333188999,0.8043478260869565,0.6568537258509661,2.0,1,0.6666666666666666,0,1
1.2986526172872301,0.6109039690237162,0.5869565217391305,0.6439742410303588,0.0,1,0.6666666666666666,0,0
-0.19106860878676524,-0.5314697537394464,-0.2391304347826087,-0.4544618215271389,0.0,0,-0.6666666666666666,0,0
-0.03736662682073757,0.1642614118429348,-0.2826086956521739,0.17663293468261287,0.0,1,-0.3333333333333333,0,0
0.673071530821564,-0.300413302778339,0.8478260869565217,-0.29254829806807714,1.0,0,0.0,0,0
-0.035108690839863656,-0.8530683456869154,0.5217391304347826,-0.8325666973321066,2.0,0,-0.6666666666666666,0,0
1.3280057850385916,0.21243426051661973,0.9347826086956522,0.2640294388224473,2.0,0,1.0,0,0
-0.19772435471731528,0.18767245604222593,-0.43478260869565216,0.10119595216191353,0.0,1,-0.6666666666666666,1,0
0.041971045291539395,-0.35237558570024197,0.021739130434782608,-0.39650413983440663,0.0,0,-0.3333333333333333,0,0
0.6555540797804048,0.5548743962312725,0.15217391304347827,0.5298988040478384,0.0,1,0.3333333333333333,1,1
-0.23236079750889158,-0.6747655736346978,-0.2391304347826087,-0.6467341306347745,0.0,0,0.0,1,0
0.8146278832957011,0.095867780786442,0.5652173913043478,0.10855565777368917,1.0,0,0.6666666666666666,1,0
0.23311344283584953,-0.2641738451263491,0.21739130434782608,-0.26586936522539095,0.0,0,0.6666666666666666,1,1
0.13526955033131152,0.32990010532046976,-0.17391304347826086,0.2207911683532659,0.0,1,-0.3333333333333333,1,1
-0.38883723675860743,-0.585602592062992,-0.5869565217391305,-0.5510579576816927,0.0,0,0.3333333333333333,0,1
-0.16137601275069732,-0.8231455132039245,0.08695652173913043,-0.8362465501379945,1.0,0,-0.6666666666666666,0,0
0.2939448945558655,-0.29515828832540647,0.32608695652173914,-0.29530818767249306,2.0,0,0.6666666666666666,0,0
0.15612225321350043,-0.11469299094189278,0.021739130434782608,-0.07451701931922719,0.0,0,0.3333333333333333,0,0
0.02911704372721775,-0.9090601323408971,0.9130434782608695,-0.9098436062557498,2.0,0,-0.6666666666666666,0,0
-0.31181653163324036,0.26157376701751117,-0.5434782608695652,0.09199632014719412,0.0,1,-0.6666666666666666,1,1
0.4828883871253376,0.2996196631994413,0.13043478260869565,0.2723091076356948,1.0,1,0.0,1,1
-0.3893685158129308,0.0924150489638958,-0.6086956521739131,0.09199632014719412,0.0,1,-0.3333333333333333,0,0
0.23326102035093935,0.45458023705356926,-0.13043478260869565,0.6274149034038641,0.0,1,0.6666666666666666,1,0
-0.10718554920972237,-0.43245047056535435,-0.15217391304347827,-0.38454461821527125,1.0,0,0.3333333333333333,0,0
-0.13968211803249658,-0.9501550092440996,0.43478260869565216,-0.936522539098436,1.0,0,-0.6666666666666666,0,0
0.7322353566210654,0.40439403150108105,0.2826086956521739,0.40110395584176656,0.0,1,0.3333333333333333,1,0
0.5106034444592022,0.44883418588835733,0.08695652173913043,0.4314627414903405,1.0,1,0.3333333333333333,1,1
-0.36906184973657413,-0.9171378763759357,-0.4782608695652174,-0.9291628334866605,2.0,0,-0.6666666666666666,0,0
1.562683549534393,0.5438581087107068,0.8260869565217391,0.5501379944802209,1.0,1,0.6666666666666666,0,0
0.016691016956656472,0.4867807142681822,-0.30434782608695654,0.46642134314627437,0.0,1,0.3333333333333333,1,0
1.4679978158527767,0.4555810470138508,0.8260869565217391,0.4195032198712054,2.0,1,0.3333333333333333,1,0
0.6892017532208794,0.0005957211550394326,0.5217391304347826,-0.011959521619135079,2.0,0,0.6666666666666666,0,0
-0.3082746712710851,-0.9894369314257097,-0.17391304347826086,-0.9300827966881325,1.0,0,-0.6666666666666666,0,0
0.4287569545903986,0.015533102992933902,0.2391304347826087,0.018399264029438825,0.0,0,0.6666666666666666,0,0
-0.27809506943522083,-0.9177185195569116,-0.15217391304347827,-0.9126034958601655,1.0,0,-0.6666666666666666,0,0
0.02950074526645122,-0.5902945511957585,0.21739130434782608,-0.5473781048758048,0.0,0,0.0,1,0
-0.1369814495063532,-0.9155926870998263,0.34782608695652173,-0.9190432382704692,1.0,0,-0.6666666666666666,1,1
-0.39925620932394745,-0.9110141859209002,-0.5869565217391305,-0.9199632014719411,0.0,0,-0.6666666666666666,0,0
-0.03615649119700123,-0.8853561424014146,0.6086956521739131,-0.9310027598896045,2.0,0,-0.6666666666666666,0,0
-0.27138029249863493,-0.20188424661439633,-0.45652173913043476,-0.29346826126954917,0.0,0,-0.3333333333333333,1,0
-0.21293959652307373,0.4760346252116039,-0.4782608695652174,0.4480220791168355,0.0,1,0.3333333333333333,0,1
-0.35000959253848085,-0.6555092375801537,-0.5,-0.733210671573137,0.0,0,-0.3333333333333333,0,1
-0.3671138265373888,-0.8997544970197059,-0.4782608695652174,-0.9181232750689972,0.0,0,-0.6666666666666666,0,0
0.5325924942075826,-0.09313935643707225,0.43478260869565216,-0.07727690892364285,2.0,0,0.0,0,0
1.313469399802246,0.36099839019209656,0.782608695652174,0.3587856485740571,1.0,1,0.3333333333333333,1,0
0.31524032998332374,-0.471302083986041,0.5652173913043478,-0.46550137994480223,1.0,0,-0.6666666666666666,0,0
1.4371836307020263,0.32974491865741645,0.9130434782608695,0.3035878564857406,2.0,0,1.3333333333333333,0,0
0.5929221823762932,0.4959991730176983,0.13043478260869565,0.48574057037718504,0.0,1,0.6666666666666666,0,0
-0.3414353389117634,0.16431902721011923,-0.5652173913043478,0.12235510579576829,0.0,1,-0.6666666666666666,1,1
-0.3462758814067089,-0.9258056220053505,-0.391304347826087,-0.9245630174793008,0.0,0,-0.6666666666666666,0,1
-0.38938327356443975,0.09149320308894428,-0.6086956521739131,0.09107635694572223,0.0,1,-0.3333333333333333,1,1
0.08192027862634849,0.5166268301254382,-0.2608695652173913,0.6678932842686295,0.0,1,1.0,0,0
1.9145673765145144,0.7213187903197523,0.9347826086956522,0.7322907083716654,2.0,1,1.0,0,0
0.2733873467038563,0.23135039154588422,-0.021739130434782608,0.2299908003679853,1.0,1,0.0,0,0
-0.3022535086554213,-0.9173134660664027,-0.2391304347826087,-0.9245630174793008,2.0,0,-0.6666666666666666,0,0
0.7873703162586148,0.5755544720260195,0.2391304347826087,0.5308187672493102,1.0,1,0.6666666666666666,0,1
0.4867549180206904,-0.21764426551501104,0.5,-0.20055197792088303,0.0,0,0.0,1,0
0.392216761854164,-0.22848538422935558,0.391304347826087,-0.21619135234590606,0.0,0,0.0,0,0
-0.09247207095526926,-0.4300711608564872,-0.13043478260869565,-0.37994480220791155,0.0,0,-0.3333333333333333,0,0
0.797656469060374,-0.15230709611226548,0.8043478260869565,-0.0827966881324747,2.0,0,0.6666666666666666,0,0
-0.22501143725741946,0.16017072077283723,-0.45652173913043476,0.0579576816927324,0.0,1,-0.6666666666666666,1,0
0.7814967311580409,0.28888590278070425,0.391304347826087,0.2787488500459983,0.0,1,0.0,0,1
-0.36295214061185643,-0.8626172774859422,-0.4782608695652174,-0.9254829806807728,0.0,0,-0.6666666666666666,0,1
1.9988636531338086,0.8239062426103344,0.9130434782608695,0.7966881324747013,2.0,1,1.3333333333333333,0,0
0.8025708003128643,0.22007226572719088,0.45652173913043476,0.24011039558417688,0.0,1,0.0,1,0
0.4877732028748101,-0.0755011811713061,0.3695652173913043,-0.08647654093836227,2.0,0,0.6666666666666666,0,0
-0.3908295332123198,0.0011523073436894764,-0.6086956521739131,0.0009199632014721504,0.0,1,-0.6666666666666666,1,1
0.8260946562181785,-0.12539199003602777,0.8043478260869565,-0.1655933762649493,2.0,0,1.0,0,0
0.6892460264754062,0.3404574354597964,0.2826086956521739,0.28610855565777393,0.0,1,0.0,0,0
-0.2937087705317218,0.17611865440949948,-0.5217391304347826,0.09751609935602598,0.0,1,-0.3333333333333333,0,0
-0.3138235858384617,-0.4242137178125402,-0.4782608695652174,-0.3790248390064397,1.0,0,-0.3333333333333333,1,1
0.16825312495388203,-0.04780088739511875,0.0,0.010119595216191563,1.0,0,0.3333333333333333,0,0
-0.01723705376248871,-0.38441826546476265,-0.043478260869565216,-0.3771849126034958,0.0,0,-0.3333333333333333,0,0
-0.0729328079573796,0.11355604769611889,-0.30434782608695654,0.09107635694572223,0.0,1,-0.3333333333333333,0,1
-0.2681483449181683,-0.9383561345719641,-0.08695652173913043,-0.9245630174793008,2.0,0,-0.6666666666666666,0,0
-0.09316568527619129,0.511519705385065,-0.391304347826087,0.4351425942962283,0.0,1,0.0,1,1
1.3374064727498118,0.6199049622519797,0.6086956521739131,0.6016559337626496,0.0,1,1.0,1,0
1.8918256814391758,0.8507227139203353,0.8260869565217391,0.8831646734130636,1.0,1,1.3333333333333333,0,1
0.989551511931642,0.5654004377821381,0.391304347826087,0.5400183992640296,0.0,1,0.3333333333333333,1,0
-0.10792343678517138,0.16240442423906604,-0.34782608695652173,0.21251149954001863,0.0,1,-0.3333333333333333,0,0
-0.3447705907527929,-0.7749266886311731,-0.45652173913043476,-0.7341306347746089,0.0,0,-0.3333333333333333,1,1
0.8764776198698367,0.5318422167192247,0.32608695652173914,0.4737810487580497,0.0,1,0.0,1,1
0.973421289532327,-0.07826925909404045,0.9130434782608695,-0.07635694572217096,1.0,0,0.0,1,0
0.30676938061716924,0.5729272112824078,-0.10869565217391304,0.6237350505979763,0.0,1,0.6666666666666666,1,1
-0.0523309868508434,0.19934917045827943,-0.30434782608695654,0.18123275068997258,0.0,1,-0.3333333333333333,1,1
-0.4057791354909166,-0.9326775639822623,-0.6086956521739131,-0.9310027598896045,0.0,0,-0.6666666666666666,1,0
-0.3660660261802512,0.12560150046215293,-0.5869565217391305,0.04139834406623735,0.0,1,-0.6666666666666666,0,0
1.4722332905358542,0.8427305478381228,0.5652173913043478,0.8491260349586018,0.0,1,1.3333333333333333,1,0
1.838417378728177,0.6827469700402838,0.9130434782608695,0.6706531738730452,2.0,1,0.6666666666666666,1,0
-0.03928513451690498,-0.8316616930050681,0.45652173913043476,-0.8353265869365225,2.0,0,-0.6666666666666666,0,0
-0.3852658608934343,0.34868820220043545,-0.6086956521739131,0.3477460901563939,0.0,1,0.0,1,0
-0.38621035699000905,-0.9795073344298026,-0.5217391304347826,-0.9402023919043239,0.0,0,-0.6666666666666666,0,0
1.5892622600020663,0.5969021877120196,0.8043478260869565,0.6292548298068078,1.0,1,1.0,0,0
0.8708401587934063,0.33805875486681014,0.43478260869565216,0.31002759889604437,1.0,0,1.3333333333333333,0,0
-0.38715485308658376,-0.787640479656547,-0.5652173913043478,-0.7286108555657773,0.0,0,-0.3333333333333333,1,0
0.0944496096574726,-0.8178518831038237,0.8043478260869565,-0.8215271389144434,1.0,0,-0.6666666666666666,0,0
-0.14797597438054336,0.20027101633323097,-0.391304347826087,0.2916283348666055,0.0,1,-0.3333333333333333,1,0
-0.1722819911158336,-0.7628933076563587,-0.021739130434782608,-0.7405703771849126,0.0,0,-0.3333333333333333,0,0
1.461902864479568,0.5036434026576813,0.782608695652174,0.5335786568537259,2.0,1,0.6666666666666666,1,0
-0.0799574976756541,-0.9626672918818968,0.717391304347826,-0.9411223551057957,2.0,0,-0.6666666666666666,0,0
-0.3988725077847139,-0.8990301895465296,-0.5869565217391305,-0.9245630174793008,0.0,0,-0.6666666666666666,0,0
-0.40124850577765975,-0.973238782480132,-0.5869565217391305,-0.9199632014719411,0.0,0,-0.6666666666666666,0,0
-0.0019332654476763788,-0.8315259302489388,0.5652173913043478,-0.8224471021159153,2.0,0,-0.6666666666666666,0,0
0.7251663936482637,0.43511687398857885,0.2608695652173913,0.4452621895124196,0.0,1,0.3333333333333333,1,0
0.10299434778117209,0.5940618836213711,-0.2608695652173913,0.6228150873965044,0.0,1,0.6666666666666666,1,1
0.3670400377798439,0.32447438388504063,0.021739130434782608,0.44250229990800394,1.0,1,0.3333333333333333,0,0
-0.13211139150838977,-0.26981615366413714,-0.2608695652173913,-0.2621895124195031,1.0,0,0.0,0,0
-0.08255486194123465,-0.012156842475924187,-0.2826086956521739,-0.038638454461821424,2.0,0,0.6666666666666666,0,0
0.11305913431029647,-0.8416196770009341,0.9347826086956522,-0.8390064397424103,2.0,0,-0.6666666666666666,0,0
-0.2094715249184634,0.10614030976873064,-0.43478260869565216,0.10855565777368917,0.0,1,-0.6666666666666666,1,0
-0.3896636708431104,0.07397813146486418,-0.6086956521739131,0.0735970561177553,0.0,1,-0.3333333333333333,1,0
-0.024232227977745286,-0.24474005973578666,-0.13043478260869565,-0.29806807727690887,0.0,0,0.0,1,0
-0.3646197665323711,-0.9299120263574077,-0.45652173913043476,-0.936522539098436,0.0,0,-0.6666666666666666,0,0
-0.2315048479213707,-0.7046905236455528,-0.21739130434782608,-0.6513339466421342,0.0,0,0.0,0,0
-0.29226251088384175,-0.23181131448336012,-0.4782608695652174,-0.3072677092916283,0.0,0,-0.3333333333333333,1,0
-0.3910508994849545,-0.012675380780584241,-0.6086956521739131,-0.012879484820606968,0.0,1,-0.6666666666666666,1,1
1.4665958294594237,0.6265113917924003,0.6956521739130435,0.6191352345906166,1.0,1,0.6666666666666666,1,0
0.8058027478933308,0.03733071475187687,0.6086956521739131,0.0,2.0,0,0.6666666666666666,0,0
-0.20113339531588967,0.16401174525180207,-0.43478260869565216,0.19227230910763576,0.0,1,-0.3333333333333333,1,1
-0.1309898023937073,-0.12821339710784918,-0.30434782608695654,-0.10119595216191353,1.0,0,0.3333333333333333,0,0
-0.40580865099393454,-0.9345212557321655,-0.6086956521739131,-0.9328426862925483,0.0,0,-0.6666666666666666,0,0
-0.2622747598175942,-0.5194601505352161,-0.3695652173913043,-0.4498620055197792,0.0,0,-0.6666666666666666,0,0
-0.07228346689098446,-0.9042881252777348,0.5434782608695652,-0.9264029438822448,2.0,0,-0.6666666666666666,0,0
-0.3615353964669943,-0.5148509211604582,-0.5434782608695652,-0.47010119595216193,0.0,0,-0.6666666666666666,1,0
-0.25615029294136743,0.0904396649461426,-0.4782608695652174,0.18307267709291636,0.0,1,-0.3333333333333333,0,1
-0.2955682472218533,-0.9343829788509228,-0.1956521739130435,-0.9199632014719411,1.0,0,-0.6666666666666666,0,0
-0.07306562772096042,-0.4834549779962419,-0.06521739130434782,-0.45170193192272307,0.0,0,0.3333333333333333,0,0
0.4802319918537212,0.2506652574972507,0.15217391304347827,0.2529898804047838,0.0,1,-0.3333333333333333,1,1
1.2761470462360354,0.6923627803734221,0.5217391304347826,0.7102115915363387,1.0,1,1.0,0,0
-0.35513053231209696,-0.12083863010823657,-0.5652173913043478,-0.018399264029438825,0.0,0,0.3333333333333333,1,1
0.9282773276663568,-0.06597976284396095,0.8478260869565217,-0.11039558417663295,2.0,0,1.3333333333333333,0,0
1.476675373740057,0.34141586252026185,0.9347826086956522,0.376264949402024,2.0,0,1.3333333333333333,0,0
-0.32884697687460346,-0.8659973790274315,-0.3695652173913043,-0.8353265869365225,1.0,0,-0.6666666666666666,0,0
0.390711471200248,0.17722486945944144,0.10869565217391304,0.1701931922723091,0.0,1,-0.3333333333333333,0,1
1.2740366877702514,0.25163681074781236,0.8478260869565217,0.2640294388224473,2.0,1,0.0,0,0
0.6149850208822185,-0.014279392603000053,0.45652173913043476,0.008279668813247524,1.0,0,0.6666666666666666,0,0
-0.40085004648691724,-0.6247810417484342,-0.6086956521739131,-0.623735050597976,0.0,0,-0.3333333333333333,1,1
0.8085476896740013,0.5621517323660529,0.2608695652173913,0.6264949402023922,0.0,1,0.6666666666666666,1,0
0.44955062646655164,0.4962757267801838,0.021739130434782608,0.5731370745170195,0.0,1,0.3333333333333333,1,0
-0.3955815291982114,-0.2956820643907198,-0.6086956521739131,-0.29530818767249306,0.0,0,-0.3333333333333333,1,0
0.46346718613951987,0.5880820395887238,0.0,0.6182152713891447,0.0,1,0.3333333333333333,1,0
0.23723085550685505,0.46536182576495966,-0.13043478260869565,0.3817847286108556,2.0,0,1.3333333333333333,0,0
-0.06040347692625548,-0.9311718823865082,0.6739130434782609,-0.9273229070837166,2.0,0,-0.6666666666666666,0,0
0.153465857941884,-0.8065639269229141,0.9347826086956522,-0.8077276908923642,2.0,0,-0.6666666666666666,0,0
0.17914434556750936,0.3805337869714902,-0.15217391304347827,0.3505059797608098,0.0,1,0.3333333333333333,1,1
1.1634420979619546,0.06966338063349375,0.9347826086956522,0.08739650413983442,2.0,0,1.0,0,0
1.7249007541211023,0.7252762094798982,0.8043478260869565,0.6945722171113157,1.0,1,0.6666666666666666,0,0
1.9492776080636356,0.7514324222348374,0.9347826086956522,0.7322907083716654,2.0,1,1.0,1,0
0.7176104248756661,0.20397801357505746,0.391304347826087,0.18399264029438825,0.0,1,-0.3333333333333333,1,1
1.2717344785348506,0.764964878673669,0.4782608695652174,0.7571297148114077,1.0,1,1.0,1,0
1.771653310901551,0.6514487259881049,0.8913043478260869,0.6651333946642136,1.0,1,0.6666666666666666,1,0
-0.3630259293694013,-0.9596159489947362,-0.43478260869565216,-0.9282428702851886,1.0,0,-0.6666666666666666,1,0
1.5231918064963623,0.7516285965924071,0.6521739130434783,0.7497700091996321,2.0,1,1.0,0,0
-0.34500671477693656,0.0899567932973584,-0.5652173913043478,0.006439742410303745,0.0,0,0.3333333333333333,0,0
-0.12951402724280928,-0.8330939503855191,0.1956521739130435,-0.8371665133394663,0.0,0,-0.6666666666666666,1,0
0.5866944112395036,0.3885767223571243,0.17391304347826086,0.38362465501379966,0.0,1,0.3333333333333333,0,0
0.27132126149259905,-0.1438515573108565,0.17391304347826086,-0.08739650413983442,2.0,0,0.6666666666666666,0,0
-0.13614025767034135,-0.5798410553445448,-0.10869565217391304,-0.546458141674333,0.0,0,0.0,0,1
-0.18113664202122165,-0.26848761107964814,-0.32608695652173914,-0.20055197792088303,0.0,0,0.3333333333333333,0,0
1.9060669116453417,0.7139440233201396,0.9347826086956522,0.7286108555657776,2.0,1,1.0,0,0
0.5282389575124334,-0.18911320258263795,0.5217391304347826,-0.18215271389144422,1.0,0,1.0,1,1
-0.1858296070010773,0.4661083205223932,-0.45652173913043476,0.2677092916283351,0.0,1,-0.3333333333333333,1,1
0.4039049010492762,-0.5892899755627984,0.9347826086956522,-0.5860165593376264,2.0,0,0.3333333333333333,0,0
0.06497837989403937,0.4543751204522374,-0.2608695652173913,0.40846366145354196,0.0,1,0.0,1,0
-0.3686929059488496,0.04355721759146216,-0.5869565217391305,0.05887764489420429,0.0,1,-0.3333333333333333,0,1
-0.365490473871401,-0.9367106396851755,-0.45652173913043476,-0.9236430542778289,0.0,0,-0.6666666666666666,0,1
0.06196779858620742,-0.6805143069382152,0.41304347826086957,-0.6559337626494939,1.0,0,0.0,0,1
-0.33187231593394434,-0.7987333583517976,-0.41304347826086957,-0.84360625574977,0.0,0,-0.6666666666666666,0,0
-0.4116084473369638,-0.9335994098572139,-0.6304347826086957,-0.9319227230910763,1.0,0,-0.6666666666666666,0,0
-0.40552825371526396,-0.9170061841080854,-0.6086956521739131,-0.9153633854645814,0.0,0,-0.6666666666666666,0,0
0.10033795250955567,-0.19408829141329723,0.0,-0.22723091076356938,1.0,0,0.3333333333333333,0,0
1.6684966278537803,0.7021806396337917,0.782608695652174,0.6826126954921805,1.0,1,0.6666666666666666,1,0
-0.24244034178952495,0.0240832234831099,-0.45652173913043476,-0.08923643054277819,0.0,0,0.3333333333333333,0,0
0.042517082097371636,-0.8317732212437098,0.6956521739130435,-0.8261269549218031,2.0,0,-0.6666666666666666,0,0
0.9047239562580246,0.5304147523492239,0.34782608695652173,0.5482980680772772,1.0,1,0.3333333333333333,0,0
1.7899529227726865,0.6132067546518198,0.9347826086956522,0.6274149034038641,1.0,1,0.6666666666666666,0,0
-0.3212762503504966,-0.8265884678732512,-0.3695652173913043,-0.9052437902483901,0.0,0,-0.6666666666666666,1,0
-0.22279777453107244,0.388064190287653,-0.4782608695652174,0.4756209751609938,0.0,1,0.0,1,0
-0.3088502235799354,-0.5836052593339304,-0.43478260869565216,-0.4774609015639374,0.0,0,-0.6666666666666666,0,0
0.926594943994333,0.6471733211992927,0.30434782608695654,0.6844526218951243,1.0,1,0.6666666666666666,1,1
1.230530836321778,0.4717546265064715,0.6304347826086957,0.4415823367065318,2.0,1,0.3333333333333333,0,0
0.05696492082466316,0.5325388388860913,-0.2826086956521739,0.5225390984360627,0.0,1,0.3333333333333333,1,1
-0.3997284573722348,-0.9257637199201255,-0.5869565217391305,-0.9208831646734131,0.0,0,-0.6666666666666666,0,0
-0.16282227239857736,0.6457530354035824,-0.45652173913043476,0.566697332106716,0.0,1,0.6666666666666666,1,1
0.8364693555289917,0.6522290026751174,0.2391304347826087,0.6513339466421345,1.0,1,0.6666666666666666,0,0
-0.18007408391257507,0.3101755300913472,-0.43478260869565216,0.19871205151793953,0.0,1,-0.3333333333333333,1,0
0.6892460264754062,0.38039070668047764,0.2608695652173913,0.35326586936522547,1.0,1,0.3333333333333333,1,0
0.0036451646227181234,-0.2991567142270756,-0.06521739130434782,-0.2870285188592456,0.0,0,0.0,0,0
0.13658299021561077,-0.2591434460744571,0.08695652173913043,-0.3054277828886844,1.0,0,0.0,0,0
1.7496642611531708,0.6885510858039081,0.8478260869565217,0.6513339466421345,1.0,1,1.0,0,0
1.5734567081359485,0.610846986792435,0.782608695652174,0.6531738730450782,2.0,1,1.0,0,0
0.659007393633506,-0.08087521469291128,0.5652173913043478,-0.11315547378104861,1.0,0,0.3333333333333333,1,0
0.10829238057289595,0.32697873184532583,-0.1956521739130435,0.3376264949402026,0.0,1,0.0,1,1
0.09781437700152008,0.3779931973831069,-0.21739130434782608,0.31922723091076377,1.0,1,0.0,0,0
0.825725712430454,0.4207560641577612,0.34782608695652173,0.34866605335786577,0.0,1,0.0,0,0
0.004914331252490398,-0.9251184278076594,0.8913043478260869,-0.9236430542778289,2.0,0,-0.6666666666666666,0,0
-0.36305544487241925,0.21962977970721412,-0.5869565217391305,0.17295308187672506,0.0,1,-0.3333333333333333,1,1
0.39257094789037944,0.563683145703032,-0.043478260869565216,0.4452621895124196,0.0,1,0.0,0,1
-0.3335251841029501,-0.8903494742240688,-0.3695652173913043,-0.9254829806807728,2.0,0,-0.6666666666666666,1,0
0.9672673071530822,-0.10053241402944198,0.9347826086956522,-0.05795768169273214,2.0,0,1.3333333333333333,0,0
-0.065229261669692,0.5062470263275766,-0.3695652173913043,0.4452621895124196,0.0,1,0.0,1,0
-0.31760157022476054,-0.12237503989982244,-0.5217391304347826,-0.023919043238270418,0.0,1,-0.6666666666666666,0,1
1.8650846357049042,0.7062085967450376,0.9130434782608695,0.6835326586936524,0.0,1,1.0,1,0
0.31779342099437735,0.004971383111345997,0.13043478260869565,0.04875804967801299,1.0,0,0.6666666666666666,1,0
1.903085845840528,0.7687338597355159,0.8913043478260869,0.8169273229070839,2.0,1,1.3333333333333333,0,0
0.24593792889715332,0.02815347039065844,0.043478260869565216,0.10487580496780136,0.0,1,-0.6666666666666666,1,0
1.0612889420167944,0.4725169221338355,0.5,0.47654093836246564,2.0,1,0.3333333333333333,0,1
0.6934667434069746,0.5688349630402239,0.17391304347826086,0.5657773689052439,0.0,1,0.3333333333333333,1,1
1.7195141748203246,0.6324831308340804,0.8695652173913043,0.6320147194112238,1.0,1,0.6666666666666666,0,1
0.282433848378861,0.14830963718179332,0.021739130434782608,0.13891444342226333,0.0,1,-0.6666666666666666,0,0
0.4707870308879739,0.37346630193019464,0.08695652173913043,0.37350505979760834,0.0,1,0.0,1,0
1.3822700373371113,0.7782854511477788,0.5434782608695652,0.737810487580497,2.0,1,1.0,1,0
0.7899529227726864,-0.02467500166130998,0.6521739130434783,-0.030358785648573902,1.0,0,0.3333333333333333,0,0
0.32009563022977827,-0.46578776957042145,0.5652173913043478,-0.4691812327506899,0.0,0,0.3333333333333333,1,0
0.21834093357536055,-0.7265180901217138,0.8695652173913043,-0.7460901563937443,1.0,0,-0.3333333333333333,0,0
1.3593512492436655,0.3793046591382215,0.8043478260869565,0.3413063477460904,1.0,1,0.0,0,0
0.23864759965171706,-0.19901282128768916,0.17391304347826086,-0.21343146274149025,1.0,0,0.3333333333333333,0,0
-0.35755080355956964,-0.9216154134828434,-0.43478260869565216,-0.9291628334866605,1.0,0,-0.6666666666666666,0,0
1.4166113250985082,0.35826738324884533,0.8695652173913043,0.30450781968721274,2.0,0,1.0,0,0
-0.22301914080370713,-0.11877984098751128,-0.41304347826086957,-0.19687212511499536,0.0,0,0.0,0,0
0.21978719322324047,-0.31080033673992574,0.2391304347826087,-0.27782888684452617,0.0,0,0.0,0,1
-0.16611325098507992,-0.11719852075586357,-0.34782608695652173,-0.07267709291628315,0.0,0,0.0,0,0
-0.25774413010433733,0.30505416411939384,-0.5,0.3633854645814168,0.0,1,0.0,1,1
-0.016838594471746272,-0.9394244069800963,0.8695652173913043,-0.9236430542778289,2.0,0,-0.6666666666666666,0,0
1.7081802216614277,0.7094511886265625,0.8043478260869565,0.6945722171113157,1.0,1,1.0,0,0
-0.23215418898776582,-0.277747971914389,-0.391304347826087,-0.3054277828886844,0.0,0,-0.3333333333333333,1,1
0.3440179454258349,-0.27071206525616176,0.3695652173913043,-0.2474701011959521,1.0,0,0.3333333333333333,0,0
-0.24112690190522573,0.478053906651974,-0.5,0.34866605335786577,0.0,1,0.0,1,1
1.345449447322206,0.6631034916928498,0.5869565217391305,0.7221711131554739,0.0,1,1.0,0,0
0.11676332993905053,-0.8253088580039732,0.8913043478260869,-0.8316467341306348,2.0,0,-0.6666666666666666,0,0
0.3355469960596804,0.11747249592848905,0.08695652173913043,0.16191352345906188,1.0,0,0.6666666666666666,1,0
0.993418042826995,-0.0778447627736892,0.9347826086956522,-0.06623735050597966,2.0,0,0.3333333333333333,0,0
-0.32517229674886733,0.5029437452756669,-0.5652173913043478,0.45722171113155496,0.0,1,0.0,1,1
-0.13013385280618645,-0.3714189807485839,-0.21739130434782608,-0.39650413983440663,0.0,0,-0.3333333333333333,0,0
-0.3531677513614026,-0.5667047516264846,-0.5217391304347826,-0.45354185832566685,0.0,0,0.0,1,1
1.2722657575891738,0.1846515714379247,0.9130434782608695,0.19043238270469198,2.0,0,1.0,0,0
-0.2315933944304246,0.10877781324428643,-0.45652173913043476,0.07635694572217122,0.0,1,-0.3333333333333333,1,1
-0.40554301146677296,-0.9179280299830371,-0.6086956521739131,-0.9162833486660534,0.0,0,-0.6666666666666666,0,0
-0.38809934918315847,0.171693794209732,-0.6086956521739131,0.17111315547378128,0.0,1,-0.3333333333333333,1,1
1.6526025294786086,0.8169859066758385,0.6956521739130435,0.8233670653173873,1.0,1,1.3333333333333333,0,0
0.8052124378329717,-0.2262579813855635,0.9130434782608695,-0.19595216191352333,2.0,0,1.0,0,0
1.2893552338365726,0.2657085168978086,0.8478260869565217,0.29622815087396526,1.0,1,0.0,0,0
0.042295715824736936,-0.6804324764167069,0.3695652173913043,-0.6743330266789328,1.0,0,0.0,0,0
0.3567686427295938,0.15764262829759115,0.08695652173913043,0.17939282428702855,1.0,1,-0.3333333333333333,0,0
1.231342512654772,0.639556665725252,0.5217391304347826,0.6200551977920884,2.0,1,1.0,0,0
1.1916441610956154,0.7061431586716604,0.45652173913043476,0.7065317387304509,0.0,1,1.0,0,0
0.25492539956612215,-0.5663651241988709,0.6086956521739131,-0.5381784728610854,1.0,0,0.3333333333333333,0,0
-0.0891958501202757,-0.9238517432905963,0.5434782608695652,-0.9199632014719411,2.0,0,-0.6666666666666666,0,0
1.4777526896002127,0.6701819510897994,0.6739130434782609,0.6540938362465504,0.0,1,0.6666666666666666,1,0
0.41842652853411255,0.5549182936538891,-0.021739130434782608,0.5694572217111317,0.0,1,0.3333333333333333,0,1
-0.38798128717108665,0.17906856120934447,-0.6086956521739131,0.17847286108555666,0.0,1,-0.3333333333333333,0,1
0.3848231283481649,0.4186849131191727,0.0,0.346826126954922,0.0,1,0.0,1,1
-0.2295273092191674,-0.1594332440728761,-0.41304347826086957,-0.08923643054277819,0.0,0,0.3333333333333333,1,0
0.15297885214208762,-0.4766425534713314,0.30434782608695654,-0.5501379944802207,0.0,0,0.3333333333333333,1,0
-0.16099231121146382,-0.0925923270167714,-0.34782608695652173,0.0018399264029440392,0.0,1,-0.6666666666666666,0,0
0.6097165035935126,0.18685065545602897,0.30434782608695654,0.15547378104875811,2.0,0,1.0,1,0
0.021015038148787666,0.12550446405426313,-0.21739130434782608,0.24471021159153658,0.0,1,-0.3333333333333333,1,1
-0.38501497911778165,0.3643595820746122,-0.6086956521739131,0.3633854645814168,0.0,1,0.0,1,0
1.2280662918197784,0.18757893544621637,0.8695652173913043,0.22263109475620993,2.0,0,1.0,0,0
-0.03416419474328892,-0.9102963551166346,0.6956521739130435,-0.9218031278748849,2.0,0,-0.6666666666666666,0,0
0.4465105296557017,-0.050235240615820964,0.30434782608695654,-0.07543698252069908,0.0,0,0.3333333333333333,0,0
-0.36842726642168805,-0.8472531795700824,-0.5,-0.9356025758969642,0.0,0,-0.6666666666666666,0,1
-0.39648175204025915,-0.35191466276276623,-0.6086956521739131,-0.35142594296228147,0.0,0,-0.3333333333333333,0,1
1.0502796593910952,0.33385636053380374,0.5869565217391305,0.3560257589696414,0.0,1,0.0,0,0
0.9180354481191245,-0.11028568971117178,0.8913043478260869,-0.10671573137074512,2.0,0,1.3333333333333333,0,0
-0.39814937796077393,-0.4560832466322949,-0.6086956521739131,-0.4553817847286108,0.0,0,-0.6666666666666666,1,1
0.9225365623293634,0.4039613283352872,0.43478260869565216,0.42870285188592483,1.0,1,0.3333333333333333,1,0
-0.3326987500184472,-0.4752883690271194,-0.5,-0.3808647654093836,0.0,0,-0.3333333333333333,0,1
0.27222148433464677,0.0380549500253448,0.06521739130434782,0.05979760809567618,2.0,0,1.0,0,0
1.9718717256238842,0.7710344504924885,0.9347826086956522,0.7249310027598898,2.0,1,1.0,0,0
0.26794173639704255,-0.14955703583420563,0.17391304347826086,-0.16375344986200538,2.0,0,0.3333333333333333,0,0
1.7288263160224908,0.6409133445600866,0.8695652173913043,0.6632934682612698,1.0,1,1.0,0,0
0.20188604064284774,0.17711850262771622,-0.06521739130434782,0.21251149954001863,0.0,0,1.0,0,0
1.4258496775431295,0.6821103188337848,0.6304347826086957,0.6412143514259432,1.0,1,0.6666666666666666,0,0
-0.04495211109635335,-0.3425041527893022,-0.10869565217391304,-0.28978840846366133,1.0,0,-0.3333333333333333,0,0
-0.38225527958560235,-0.9300963955323979,-0.5217391304347826,-0.9162833486660534,1.0,0,-0.6666666666666666,1,0
-0.3265890408937295,-0.9427564122150663,-0.30434782608695654,-0.9264029438822448,0.0,0,-0.6666666666666666,1,1
-0.23473679550183735,-0.9285292575449802,0.021739130434782608,-0.9319227230910763,2.0,0,-0.6666666666666666,0,0
0.6102477826478359,-0.13625301052636635,0.5652173913043478,-0.07911683532658689,1.0,0,0.3333333333333333,0,0
-0.15984120659376339,-0.667739059521178,-0.08695652173913043,-0.6688132474701012,0.0,0,-0.3333333333333333,0,1
-0.13590413364619766,0.42538577899640695,-0.41304347826086957,0.40754369825207004,0.0,1,0.6666666666666666,0,1
0.2894437803456265,-0.3015483563222299,0.32608695652173914,-0.29990800367985276,2.0,0,1.0,0,0
0.4186774103097653,-0.19331794478705372,0.391304347826087,-0.21067157313707446,1.0,0,0.3333333333333333,0,0
-0.05069287643334662,0.43739813985923764,-0.34782608695652173,0.3311867525298988,0.0,1,0.0,1,1
1.1507061584097047,0.6948319216541935,0.43478260869565216,0.6918123275068999,2.0,1,1.0,0,1
1.4521037174776052,0.5222112843182746,0.7608695652173914,0.488500459981601,1.0,1,0.6666666666666666,0,0
-0.4059709862605334,-0.9446615603566328,-0.6086956521739131,-0.9429622815087396,0.0,0,-0.6666666666666666,0,0
-0.11555319431531413,-0.37214917971795347,-0.1956521739130435,-0.37442502299908,0.0,0,-0.3333333333333333,0,0
0.05860303124215994,-0.5029728124879402,0.17391304347826086,-0.4590616375344986,2.0,0,0.3333333333333333,1,0
0.32921592066232785,0.2457180179683437,0.021739130434782608,0.2778288868445264,0.0,1,-0.3333333333333333,1,0
0.5292424846150441,0.24978384345891982,0.1956521739130435,0.2529898804047838,1.0,0,1.0,0,0
-0.3896341553400924,0.07582182321476749,-0.6086956521739131,0.07543698252069933,0.0,1,-0.6666666666666666,0,1
0.28058912944023845,-0.12820509219005696,0.17391304347826086,-0.10303587856485731,0.0,0,0.0,1,1
0.5712873186641284,-0.11609939682803683,0.5,-0.07543698252069908,2.0,0,1.3333333333333333,0,0
1.2184442378359233,0.1372998544527356,0.9130434782608695,0.12051517939282451,2.0,0,1.0,0,0
0.2776670946414605,0.3591830629306535,-0.06521739130434782,0.3578656853725852,0.0,1,0.3333333333333333,1,1
1.0046634494768376,0.043613087038428866,0.8043478260869565,0.078196872125115,2.0,0,0.6666666666666666,0,0
2.125071944038606,0.9039467008796044,0.9347826086956522,0.8574057037718493,2.0,1,1.3333333333333333,0,0
-0.12514573279615118,-0.5810486734407313,-0.08695652173913043,-0.546458141674333,1.0,0,0.0,0,0
1.8509909830138283,0.7515081293839881,0.8695652173913043,0.8095676172953082,2.0,1,1.3333333333333333,0,0
0.6763477516565577,-0.014553859167278041,0.5217391304347826,-0.011959521619135079,2.0,0,0.3333333333333333,0,0
-0.08246631543218072,0.4165206944989561,-0.3695652173913043,0.46274149034038653,1.0,1,0.3333333333333333,0,1
0.33719986422868614,0.5022109959904488,-0.06521739130434782,0.5206991720331189,0.0,1,0.6666666666666666,1,0
-0.00028039727867063517,-0.07329772141430514,-0.17391304347826086,-0.1600735970561177,0.0,0,0.0,0,0
-0.38523634539041635,0.3505318939503385,-0.6086956521739131,0.3495860165593377,0.0,1,0.0,1,0
0.9004442083204204,0.4106439270461396,0.41304347826086957,0.46090156393744275,0.0,1,0.3333333333333333,1,0
-0.12276973480320537,-0.6028694744130466,-0.06521739130434782,-0.6430542778288868,1.0,0,0.0,0,0
-0.040259146116497654,-0.9101998887313596,0.6739130434782609,-0.9273229070837166,2.0,0,-0.6666666666666666,0,0
-0.31380882808695265,-0.9574137616267965,-0.2391304347826087,-0.9402023919043239,0.0,0,-0.6666666666666666,0,0
-0.32560027154262783,-0.7595549086663553,-0.41304347826086957,-0.7488500459981601,0.0,0,-0.3333333333333333,1,1
-0.27768185239296944,0.3763435784489829,-0.5217391304347826,0.26034958601655944,0.0,1,0.0,1,1
-0.3865940585292425,-0.9061744950774043,-0.5434782608695652,-0.9190432382704692,1.0,0,-0.6666666666666666,0,0
0.09461194492407136,-0.8103273430098424,0.782608695652174,-0.8390064397424103,2.0,0,-0.6666666666666666,0,0
0.09462670267558039,-0.845062698181507,0.8913043478260869,-0.8279668813247469,2.0,0,-0.6666666666666666,0,0
0.05982792461740531,0.33921367515232204,-0.2391304347826087,0.37442502299908026,0.0,1,0.0,0,1
-0.0426351441094435,-0.9250649012729849,0.717391304347826,-0.9264029438822448,2.0,0,-0.6666666666666666,0,0
0.768067177284869,-0.18031165640435512,0.8043478260869565,-0.19503219871205144,2.0,0,0.0,1,0
1.127654550552678,0.18242975309186044,0.782608695652174,0.22355105795768182,2.0,0,1.0,0,0
-0.3420994377296675,0.15049133908584553,-0.5652173913043478,-0.000919963201471889,0.0,1,-0.6666666666666666,1,1
-0.21291008102005576,-0.9317557181073108,0.10869565217391304,-0.9199632014719411,0.0,0,-0.6666666666666666,0,0
0.014064137188058056,0.3650509664808261,-0.2826086956521739,0.376264949402024,0.0,1,0.0,0,0
1.2527855255973201,0.6285025676880533,0.5434782608695652,0.6182152713891447,1.0,1,0.6666666666666666,0,1
1.1297944245214802,0.6288740374332191,0.45652173913043476,0.6366145354185835,0.0,1,0.6666666666666666,1,0
1.740588243975148,0.5966777263071285,0.9130434782608695,0.6421343146274151,2.0,1,1.0,1,0
-0.17558772745384513,0.1775014232219269,-0.41304347826086957,0.08095676172953094,0.0,1,-0.6666666666666666,1,1
-0.39661457180384,-0.3602112756373305,-0.6086956521739131,-0.35970561177552896,0.0,0,-0.3333333333333333,1,1
-0.28631513702572275,-0.8620027135693079,-0.2391304347826087,-0.8574057037718491,1.0,0,-0.6666666666666666,0,0
-0.33799678281017104,-0.14726487852351516,-0.5434782608695652,-0.1665133394664213,0.0,0,0.0,1,0
0.8917223771786131,0.10686259896960262,0.6304347826086957,0.10027598896044164,2.0,0,0.6666666666666666,0,0
1.1440356547276458,0.4384364827403645,0.5869565217391305,0.5087396504139836,1.0,1,0.3333333333333333,1,0
-0.3689437877245023,0.035721527654373766,-0.5869565217391305,0.18215271389144447,0.0,1,-0.3333333333333333,1,1
0.3109163087911926,0.11358869640418993,0.06521739130434782,0.15731370745170214,0.0,1,-0.3333333333333333,1,1
0.4398842992281697,-0.34700912578534526,0.5869565217391305,-0.3376264949402023,1.0,0,0.6666666666666666,0,0
0.4886586679653489,0.26528675734717716,0.15217391304347827,0.2649494020239192,0.0,1,-0.3333333333333333,1,1
-0.3369342247015245,-0.13067165277438672,-0.5434782608695652,-0.1094756209751608,0.0,0,0.0,0,0
0.9216806127418427,0.27459266583640257,0.5217391304347826,0.2778288868445264,0.0,1,-0.3333333333333333,0,1
-0.28286182317262143,-0.49258834328037754,-0.41304347826086957,-0.45170193192272307,0.0,0,-0.6666666666666666,0,0
-0.37666209176369886,-0.7510739266168008,-0.5434782608695652,-0.733210671573137,0.0,0,-0.3333333333333333,1,0
-0.40573486223638966,-0.9299120263574077,-0.6086956521739131,-0.9282428702851886,0.0,0,-0.6666666666666666,0,1
0.6655893508065113,0.022553591970016305,0.4782608695652174,-0.02207911683532638,0.0,1,-0.6666666666666666,0,0
-0.057378137866914564,0.5471155267837634,-0.3695652173913043,0.5354185832566699,0.0,1,0.3333333333333333,1,1
-0.33616682162305755,-0.5113939991293898,-0.5,-0.3882244710211591,1.0,0,0.3333333333333333,0,0
0.29530260769469174,-0.5958965376666179,0.7391304347826086,-0.5703771849126035,2.0,0,0.3333333333333333,0,0
-0.3907705022062839,0.004839690843495592,-0.6086956521739131,0.004599816007359706,0.0,1,-0.6666666666666666,1,1
1.0888269063325513,0.6557973144160757,0.41304347826086957,0.6393744250229991,0.0,1,0.6666666666666666,0,0
-0.29661604757899085,0.13979792693640722,-0.5217391304347826,0.19595216191352358,0.0,1,-0.3333333333333333,0,1
-0.22138103038621035,-0.9573040180702547,0.13043478260869565,-0.9245630174793008,1.0,0,-0.6666666666666666,0,0
-0.2570947890379422,0.3118143672023722,-0.5,0.2667893284268629,0.0,1,0.0,1,1
-0.4000088546509054,-0.9345212557321655,-0.5869565217391305,-0.9310027598896045,0.0,0,-0.6666666666666666,0,0
-0.11968536473782855,-0.9321060195397923,0.45652173913043476,-0.9310027598896045,1.0,0,-0.6666666666666666,0,0
0.29856407077817626,0.04746807887913538,0.08695652173913043,0.0009199632014721504,0.0,1,-0.6666666666666666,0,0
-0.223137202815779,-0.9170359210717937,0.043478260869565216,-0.9181232750689972,2.0,0,-0.6666666666666666,0,0
-0.3552043210696419,-0.9053294696920321,-0.43478260869565216,-0.9199632014719411,2.0,0,-0.6666666666666666,0,0
0.9236876669470641,0.24781436377286353,0.5434782608695652,0.2916283348666055,0.0,0,1.0,1,0
0.9650536444267351,0.5726165893028041,0.3695652173913043,0.46550137994480245,1.0,1,0.6666666666666666,0,0
0.6128156314103984,0.5852772346953621,0.10869565217391304,0.6154553817847287,1.0,1,0.6666666666666666,1,0
1.628001357713139,0.4976247378563452,0.9130434782608695,0.4940202391904326,2.0,1,0.3333333333333333,1,0
0.773202874809994,-0.12205312546729978,0.7391304347826086,-0.12511499540018395,2.0,0,0.6666666666666666,0,0
-0.031448768465636566,-0.8311841406910246,0.4782608695652174,-0.8353265869365225,2.0,0,-0.6666666666666666,0,0
0.26065140715160645,0.3183027439376085,-0.06521739130434782,0.3459061637534501,0.0,1,0.0,1,1
1.4702409940821417,0.5399136058857041,0.7608695652173914,0.5271389144434224,2.0,1,0.6666666666666666,0,0
-0.4042886025885096,-0.8395711306121527,-0.6086956521739131,-0.8380864765409384,0.0,0,-0.6666666666666666,1,1
1.1384719824087601,0.29050612648627816,0.6956521739130435,0.27966881324747017,1.0,1,0.0,0,0
0.03273269284691787,0.5535838120063402,-0.30434782608695654,0.4351425942962283,0.0,1,0.3333333333333333,0,0
1.6258762414958459,0.6918165214675694,0.7608695652173914,0.6494940202391907,1.0,1,0.6666666666666666,0,1
-0.14204335827393338,-0.3613379761511602,-0.2391304347826087,-0.36890524379024836,0.0,0,-0.6666666666666666,1,0
1.2223107687312762,0.4937738047300957,0.6086956521739131,0.4535418583256671,1.0,1,0.3333333333333333,1,0
-0.17089476247398946,-0.22279039413561977,-0.32608695652173914,-0.1646734130634774,2.0,0,0.3333333333333333,0,0
0.005047151016071232,0.14910857027341837,-0.2391304347826087,0.18767249310027606,0.0,1,-0.3333333333333333,0,0
1.2419238204867107,0.13775194123061174,0.9347826086956522,0.14995400183992652,2.0,1,-0.3333333333333333,0,0
2.0217381679727278,0.8746144430870972,0.8913043478260869,0.8086476540938364,2.0,1,1.3333333333333333,0,0
-0.192750992458789,-0.9370442023372961,0.1956521739130435,-0.9254829806807728,2.0,0,-0.6666666666666666,0,0
0.8799309337229381,-0.11039104352545179,0.8478260869565217,-0.14167433302667887,2.0,0,0.6666666666666666,0,0
-0.11388556839479935,0.13375629089441693,-0.34782608695652173,0.19319227230910765,0.0,1,-0.3333333333333333,1,1
1.349994834786972,0.3960994446614066,0.782608695652174,0.4112235510579579,2.0,1,0.3333333333333333,0,0
0.5024571656262453,0.6064363088368976,0.021739130434782608,0.5538178472861087,0.0,1,0.3333333333333333,1,0
0.7398651141512079,0.11352712704121848,0.4782608695652174,0.08923643054277845,2.0,0,0.3333333333333333,0,0
0.35974970853440774,0.2574849345076453,0.043478260869565216,0.2649494020239192,0.0,1,0.0,0,0
-0.15981169109074542,0.4508082396811829,-0.43478260869565216,0.3514259429622817,0.0,1,0.0,1,1
1.2594707870308879,0.15297520158224284,0.9347826086956522,0.16835326586936536,2.0,0,1.0,0,0
-0.17718156461681497,0.1675454877724497,-0.41304347826086957,0.033118675252990094,0.0,0,0.0,0,1
-0.2064609436106315,-0.9504666978934901,0.17391304347826086,-0.9300827966881325,1.0,0,-0.6666666666666666,1,0
-0.3641475184840838,0.1855214823340057,-0.5869565217391305,0.11131554737810509,0.0,0,0.6666666666666666,1,1
1.2271070379716946,0.5643330936027454,0.5652173913043478,0.5620975160993563,1.0,1,0.6666666666666666,0,0
0.5550685497557593,0.533001507743785,0.08695652173913043,0.45906163753449875,0.0,1,0.3333333333333333,0,0
0.8388453535219376,0.40123341707267574,0.3695652173913043,0.37902483900643996,1.0,1,0.3333333333333333,0,0
-0.39552249819217544,-0.29199468089091346,-0.6086956521739131,-0.2916283348666053,0.0,0,0.0,1,0
-0.06499313764554834,-0.21423698133874766,-0.1956521739130435,-0.1609935602575896,0.0,0,-0.3333333333333333,0,1
-0.19269196145275305,0.22260017197094698,-0.43478260869565216,0.17571297148114098,0.0,1,0.0,1,1
0.47953837753279915,0.442745289129089,0.06521739130434782,0.47470101195952186,0.0,1,0.0,0,1
-0.12740366877702514,-0.36244311301879223,-0.21739130434782608,-0.3817847286108555,0.0,0,-0.3333333333333333,0,0
0.9932557075603962,-0.043162140787911724,0.8913043478260869,-0.09291628334866602,2.0,0,0.3333333333333333,0,1
0.03063709213264266,-0.8439385643475791,0.6956521739130435,-0.8344066237350506,2.0,0,-0.6666666666666666,0,0
-0.0476380218709877,-0.42236496097541193,-0.06521739130434782,-0.45814167433302655,0.0,0,-0.6666666666666666,1,0
1.0295745340239961,0.7037217768401213,0.34782608695652173,0.6881324747010121,0.0,1,0.6666666666666666,0,0
1.1856672717344785,0.31245371192209664,0.717391304347826,0.344986200551978,2.0,1,0.0,0,0
-0.40580865099393454,-0.9345212557321655,-0.6086956521739131,-0.9328426862925483,0.0,0,-0.6666666666666666,0,1
-0.3679107451188737,-0.3869448060109263,-0.5652173913043478,-0.4710211591536338,0.0,0,-0.6666666666666666,0,0
0.7485131565354703,0.47068663433427166,0.2608695652173913,0.5749770009199633,1.0,1,0.6666666666666666,0,0
1.6236330632664808,0.6006823395099609,0.8260869565217391,0.6034958601655936,2.0,1,1.0,0,0
-0.38662357403226044,0.2638783817048901,-0.6086956521739131,0.2631094756209754,0.0,1,-0.3333333333333333,0,1
1.6122548368530571,0.48377108224263604,0.9130434782608695,0.46550137994480245,1.0,1,0.3333333333333333,0,0
0.3731497469045617,0.02806024099092469,0.17391304347826086,0.08739650413983442,1.0,0,0.6666666666666666,0,0
0.7000044273254526,-0.139521373173922,0.6739130434782609,-0.1655933762649493,2.0,0,0.3333333333333333,0,0
-0.39108041498797247,-0.014519072530487561,-0.6086956521739131,-0.014719411223551008,0.0,1,-0.6666666666666666,1,1
-0.37337111317719635,-0.8987229075882124,-0.5,-0.9319227230910763,0.0,0,-0.6666666666666666,0,0
-0.309115863107097,-0.8043282537005422,-0.34782608695652173,-0.7230910763569457,0.0,0,-0.3333333333333333,1,1
-0.23991676628148934,-0.3218289655711646,-0.391304347826087,-0.35602575896964117,0.0,0,-0.3333333333333333,0,0
-0.30710880890187575,-0.3642937359406874,-0.4782608695652174,-0.35602575896964117,0.0,0,-0.3333333333333333,0,1
-0.1372766045365328,0.41681261235935746,-0.41304347826086957,0.3403863845446182,0.0,1,0.0,1,0
-0.2111981818450141,-0.9286105968868877,0.10869565217391304,-0.9254829806807728,2.0,0,-0.6666666666666666,0,0
0.7237791650064196,-0.15290003314620304,0.717391304347826,-0.09659613615455383,2.0,0,0.3333333333333333,0,0
0.9108926963887781,-0.006020805870777672,0.7608695652173914,-0.003679852805887556,1.0,0,0.3333333333333333,0,0
-0.39851832174849844,-0.47912939350608436,-0.6086956521739131,-0.4783808647654093,0.0,0,-0.6666666666666666,0,1
-0.2642080252652706,-0.9285108206274812,-0.08695652173913043,-0.9126034958601655,2.0,0,-0.6666666666666666,0,0
0.04682634553799386,-0.1954135976844477,-0.06521739130434782,-0.26310947562097514,1.0,0,0.0,0,0
-0.34682191821254116,-0.8921163454843927,-0.41304347826086957,-0.9273229070837166,1.0,0,-0.6666666666666666,0,0
1.1562107997225544,0.5510072817747148,0.5217391304347826,0.5197792088316467,1.0,1,0.6666666666666666,0,0
-0.23863284190020811,0.24675838688436044,-0.4782608695652174,0.17203311867525317,0.0,1,-0.3333333333333333,1,1
0.3489470344298344,0.1428372248513992,0.08695652173913043,0.15915363385464593,0.0,1,0.0,0,0
1.4877879606263191,0.3742661792941624,0.9130434782608695,0.3514259429622817,2.0,1,0.3333333333333333,0,0
0.17670931656852765,-0.029586484417627217,0.0,0.07083716651333963,0.0,1,-0.6666666666666666,1,0
0.15622555747406325,0.18110430418319587,-0.10869565217391304,0.19595216191352358,0.0,0,0.6666666666666666,0,0
-0.13422174997417394,-0.430455931308641,-0.1956521739130435,-0.3817847286108555,0.0,0,-0.3333333333333333,1,0
-0.3866383317837695,0.26295653582993833,-0.6086956521739131,0.2621895124195032,0.0,1,-0.3333333333333333,1,0
0.501202756747982,-0.24090051971072668,0.5434782608695652,-0.28242870285188587,0.0,0,-0.3333333333333333,0,1
-0.28895677454583024,0.2354855287563813,-0.5217391304347826,0.2667893284268629,0.0,1,0.0,0,1
1.3553518985847317,0.23615898838169314,0.9347826086956522,0.2548298068077279,2.0,0,1.0,0,0
1.2079072032585116,0.64864266766545,0.5,0.6614535418583258,2.0,1,1.3333333333333333,1,0
-0.21931494517495315,0.03782128770287443,-0.43478260869565216,-0.023919043238270418,0.0,1,-0.6666666666666666,1,0
-0.3982084089668098,-0.45977063013210123,-0.6086956521739131,-0.4590616375344986,0.0,0,-0.6666666666666666,0,0
-0.38987027936423607,0.06107228921554225,-0.6086956521739131,0.06071757129714833,0.0,1,-0.6666666666666666,1,1
0.29825415799648775,0.04688144968598464,0.08695652173913043,0.06531738730450803,1.0,0,0.6666666666666666,0,1
0.904236950458228,0.1976395653810962,0.5652173913043478,0.1361545538178474,0.0,1,-0.3333333333333333,1,1
1.6121072593379673,0.5352484311544046,0.8695652173913043,0.5335786568537259,2.0,1,0.3333333333333333,1,0
-0.39662932955534896,-0.361133121512282,-0.6086956521739131,-0.3606255749770009,0.0,0,-0.3333333333333333,0,0
0.9860096515694868,0.3199061254380582,0.5434782608695652,0.3081876724931003,2.0,0,1.0,0,0
-0.21026844349994836,-0.9156932521043665,0.08695652173913043,-0.9236430542778289,1.0,0,-0.6666666666666666,0,0
0.9242041882498784,0.557455564681137,0.34782608695652173,0.5216191352345908,1.0,1,0.6666666666666666,0,0
-0.3168489248978026,-0.758700106127764,-0.391304347826087,-0.8307267709291628,0.0,0,-0.6666666666666666,1,0
-0.31253966145718043,-0.26541479149647623,-0.5,-0.2695492180312786,0.0,0,0.0,0,0
0.008810377650861156,-0.0462569090823918,-0.17391304347826086,-0.09199632014719412,0.0,0,0.3333333333333333,0,0
0.10448488068357906,-0.8008394216199562,0.782608695652174,-0.828886844526219,2.0,0,-0.6666666666666666,0,0
-0.27143932350467087,0.16247533546021592,-0.5,0.2575896964121435,0.0,1,-0.3333333333333333,1,1
-0.21432682516491788,0.24359777245595515,-0.45652173913043476,0.268629254829807,0.0,1,0.0,1,1
-0.13822110063310752,0.2556655730007759,-0.391304347826087,0.06439742410303588,0.0,1,-0.3333333333333333,1,1
-0.09344608255486192,-0.8346188888188082,0.30434782608695654,-0.8482060717571297,2.0,0,-0.6666666666666666,0,0
0.3384542731069495,-0.3406267540898896,0.43478260869565216,-0.34130634774609014,1.0,0,0.3333333333333333,0,1
-0.39803131594870206,-0.44870847963268223,-0.6086956521739131,-0.4480220791168353,0.0,0,-0.6666666666666666,1,1
-0.07037971694632608,0.12418800345389355,-0.30434782608695654,0.16651333946642158,0.0,1,-0.3333333333333333,1,1
0.6788270539100663,-0.16156885368318064,0.6739130434782609,-0.18123275068997233,2.0,0,0.3333333333333333,0,0
-0.2986231017842122,-0.8816506834922955,-0.2608695652173913,-0.8325666973321066,0.0,0,-0.6666666666666666,0,0
-0.06692640309322472,0.048857831372433644,-0.2826086956521739,0.026678932842686347,0.0,1,-0.6666666666666666,0,1
-0.19120142855034608,-0.9034418805195121,0.13043478260869565,-0.9254829806807728,1.0,0,-0.6666666666666666,0,0
0.7433036702528004,0.34278000818370047,0.32608695652173914,0.332106715731371,1.0,1,0.0,0,1
-0.30274051445521755,-0.7301019329616524,-0.3695652173913043,-0.7378104875804967,1.0,0,-0.3333333333333333,0,0
-0.4056463157273358,-0.924380951107698,-0.6086956521739131,-0.9227230910763569,0.0,0,-0.6666666666666666,0,0
0.07678458110122345,-0.207250706529293,-0.021739130434782608,-0.19227230910763562,1.0,0,0.3333333333333333,1,0
0.16124319298711648,-0.7856168084739151,0.8913043478260869,-0.8316467341306348,2.0,0,-0.6666666666666666,0,0
-0.346172577146146,-0.4793137626810748,-0.5217391304347826,-0.4480220791168353,0.0,0,-0.6666666666666666,0,1
0.11809152757485875,0.5414052037250355,-0.2391304347826087,0.5694572217111317,0.0,1,0.6666666666666666,0,0
1.1497026313070942,0.09644483236011286,0.8913043478260869,0.1214351425942964,2.0,0,0.6666666666666666,0,0
-0.2636767462109473,-0.2700752345309536,-0.43478260869565216,-0.27690892364305425,0.0,0,-0.3333333333333333,0,0
1.4008943197414443,0.3930193575600475,0.8260869565217391,0.4066237350505982,2.0,1,0.6666666666666666,0,0
-0.39730818612476204,-0.4035380317600547,-0.6086956521739131,-0.4029438822447101,0.0,0,-0.3333333333333333,0,0
-0.3203317542539219,-0.9800501992228297,-0.2391304347826087,-0.9383624655013799,2.0,0,-0.6666666666666666,0,0
-0.35225277076784584,-0.3698906573243221,-0.5434782608695652,-0.342226310947562,0.0,0,-0.6666666666666666,0,1
1.4122577884033591,0.307815373829343,0.9130434782608695,0.30082796688132496,1.0,1,0.3333333333333333,0,0
0.42624813683387197,0.4477559055618985,0.021739130434782608,0.44250229990800394,0.0,1,0.3333333333333333,1,1
-0.39516831215595993,-0.2698703798920754,-0.6086956521739131,-0.2695492180312786,0.0,0,0.0,0,0
0.9431088679328818,0.24178760237423214,0.5652173913043478,0.25574977000919974,1.0,1,0.0,0,0
0.6909284101474299,-0.1295154393041085,0.6521739130434783,-0.10487580496780109,0.0,0,0.3333333333333333,1,0
-0.39090332196986466,-0.0034569220310684294,-0.6086956521739131,-0.003679852805887556,0.0,1,-0.6666666666666666,0,1
-0.2706571626746949,-0.03901383435062945,-0.4782608695652174,-0.02115915363385449,0.0,1,-0.6666666666666666,0,0
0.34212895323268544,-0.25053210198198017,0.34782608695652173,-0.28886844526218947,2.0,0,0.0,0,0
-0.015466123581411096,-0.8385639286376685,0.5434782608695652,-0.8390064397424103,1.0,0,-0.6666666666666666,0,0
-0.052596626378005065,-0.8570862022362328,0.4782608695652174,-0.8537258509659613,1.0,0,-0.6666666666666666,0,0
1.825091129115568,0.6436916855998714,0.9347826086956522,0.6375344986200554,1.0,1,0.6666666666666666,0,0
0.35696049349921044,-0.20569733636987794,0.32608695652173914,-0.19319227230910752,1.0,0,0.3333333333333333,0,0
-0.39900532754829476,-0.9031784959838117,-0.5869565217391305,-0.9254829806807728,0.0,0,-0.6666666666666666,0,0
1.3761160549578666,0.39517158207678177,0.8043478260869565,0.40110395584176656,1.0,1,0.0,0,0
0.46903085845840536,-0.4878462596471707,0.8478260869565217,-0.47010119595216193,1.0,0,0.3333333333333333,0,0
-0.20814332728265522,-0.8868231659443483,0.043478260869565216,-0.9098436062557498,2.0,0,-0.6666666666666666,0,0
0.18611000427974794,0.48112672623514574,-0.17391304347826086,0.46090156393744275,0.0,1,0.0,0,0
0.10408642139283662,0.2371448513312942,-0.17391304347826086,0.18399264029438825,0.0,1,-0.3333333333333333,1,0
0.9632089254881127,0.26461585840485125,0.5652173913043478,0.2713891444342227,2.0,0,1.0,0,0
-0.3242130429007836,-0.6902320988699964,-0.43478260869565216,-0.6559337626494939,0.0,0,-0.3333333333333333,0,1
1.9545313676008325,0.7849030734785801,0.9130434782608695,0.8224471021159155,2.0,1,1.3333333333333333,0,0
-0.3876713743893981,0.19842732458332762,-0.6086956521739131,0.19779208831646736,0.0,1,-0.3333333333333333,1,1
-0.2836587417541064,-0.9335156056867638,-0.15217391304347827,-0.9273229070837166,1.0,0,-0.6666666666666666,0,0
-0.40554301146677296,-0.9179280299830371,-0.6086956521739131,-0.9162833486660534,0.0,0,-0.6666666666666666,0,1
1.4857661486695886,0.6461421752606318,0.6956521739130435,0.6669733210671573,2.0,1,0.6666666666666666,1,1
1.3250394769852867,0.3222986441682396,0.8260869565217391,0.29070837166513364,2.0,0,1.0,0,0
-0.10352562683549535,0.0777972072325207,-0.32608695652173914,0.15639374425023,0.0,1,0.0,1,0
1.4339664408730686,0.6571628311694027,0.6521739130434783,0.6697332106715733,0.0,1,1.0,1,1
0.1365682324641018,0.33376307851074316,-0.17391304347826086,0.298068077276909,0.0,1,0.0,0,0
-0.36839775091867,-0.6220155041235794,-0.5434782608695652,-0.514259429622815,0.0,0,0.3333333333333333,0,0
-0.34063842033027847,0.18091225295924754,-0.5652173913043478,0.3514259429622817,0.0,1,0.0,1,1
0.09728309794719682,-0.8426922373602029,0.8913043478260869,-0.8482060717571297,2.0,0,-0.6666666666666666,0,0
-0.3185460663213353,0.6409133445600869,-0.5652173913043478,0.5068997240110398,0.0,1,0.6666666666666666,1,1
-0.2848246041233158,-0.9196839268877066,-0.17391304347826086,-0.9172033118675252,1.0,0,-0.6666666666666666,0,0
-0.3064889833384986,-0.9684912762241313,-0.1956521739130435,-0.9337626494940202,0.0,0,-0.6666666666666666,0,0
-0.26749900385177316,-0.8876328223653102,-0.15217391304347827,-0.9218031278748849,1.0,0,-0.6666666666666666,0,0
-0.39516831215595993,-0.2698703798920754,-0.6086956521739131,-0.2695492180312786,0.0,0,-0.3333333333333333,0,1
-0.02829060964271481,-0.916742799572385,0.7391304347826086,-0.9153633854645814,2.0,0,-0.6666666666666666,0,0
-0.004663449476837696,-0.933665255991139,0.8913043478260869,-0.9300827966881325,2.0,0,-0.6666666666666666,0,0
-0.12428978320863032,0.08376387998358109,-0.34782608695652173,0.17387304507819695,0.0,1,0.0,1,1
-0.29819512699045175,0.12007042521244324,-0.5217391304347826,0.18123275068997258,0.0,1,-0.3333333333333333,1,0
2.1099747642449196,0.8908488074063341,0.9347826086956522,0.8472861085556581,2.0,1,1.3333333333333333,0,0
-0.296512743318428,-0.7437700708383383,-0.34782608695652173,-0.7120515179392825,0.0,0,-0.3333333333333333,1,0
1.2801759123979872,0.43561373454013214,0.6956521739130435,0.43790248390064423,0.0,1,0.6666666666666666,0,0
-0.40551349596375497,-0.916084338233134,-0.6086956521739131,-0.9144434222631095,0.0,0,-0.6666666666666666,1,0
0.8504006729534688,0.11090135106337133,0.5869565217391305,0.11959521619135235,0.0,1,-0.3333333333333333,0,0
-0.3866678472867874,-0.9073268024210939,-0.5434782608695652,-0.9236430542778289,0.0,0,-0.6666666666666666,0,0
0.15629934623160815,-0.28325031430565845,0.13043478260869565,-0.27782888684452617,2.0,0,-0.3333333333333333,0,0
-0.21389885037115744,-0.6106972853255629,-0.2391304347826087,-0.5758969641214351,0.0,0,0.0,1,1
1.2956567937309074,0.18436917499031624,0.9347826086956522,0.21711131554737834,2.0,0,0.6666666666666666,0,0
1.1132214695768952,0.6470464416056828,0.43478260869565216,0.6007359705611777,1.0,1,1.0,0,0
0.7868833104588185,0.40464843701851916,0.32608695652173914,0.4553817847286109,0.0,1,0.6666666666666666,0,0
-0.3326839922669383,0.34653722849221497,-0.5652173913043478,0.24931002759889628,0.0,1,0.0,0,1
0.6311300010330427,0.4635950447754812,0.17391304347826086,0.45630174793008305,0.0,1,0.3333333333333333,1,0
1.0390194949897436,0.18866482564531584,0.6956521739130435,0.17387304507819695,1.0,0,0.6666666666666666,1,0
1.1573766620917638,0.10329283028832452,0.8913043478260869,0.08187672493100281,2.0,0,0.6666666666666666,0,0
-0.3909918684789186,-0.008987997280778126,-0.6086956521739131,-0.009199632014719412,0.0,1,-0.6666666666666666,1,1
-0.18268620592966456,-0.9480341672162118,0.2608695652173913,-0.9181232750689972,0.0,0,-0.6666666666666666,1,0
1.1957910892696388,0.1375723276097384,0.8913043478260869,0.1471941122355106,1.0,0,1.0,0,0
-0.3958028954708461,-0.3095097525149935,-0.6086956521739131,-0.3091076356945722,0.0,0,-0.3333333333333333,0,1
-0.11415120792196103,-0.9324787344798218,0.4782608695652174,-0.9429622815087396,1.0,0,-0.6666666666666666,1,0
-0.16558197193075663,-0.9308997183662843,0.2826086956521739,-0.9264029438822448,2.0,0,-0.6666666666666666,0,0
1.5302312539661458,0.43601334501192035,0.8913043478260869,0.43330266789328453,2.0,1,0.6666666666666666,0,1
-0.11512521952155369,-0.9109757756761107,0.41304347826086957,-0.9273229070837166,1.0,0,-0.6666666666666666,0,0
1.9071294697539884,0.8331995488293988,0.8478260869565217,0.7874885004599819,2.0,1,1.3333333333333333,1,1
-0.06242528888298579,-0.842394283604192,0.41304347826086957,-0.8528058877644894,2.0,0,-0.6666666666666666,0,0
0.22880417939522738,0.24178953631662717,-0.06521739130434782,0.268629254829807,0.0,1,0.0,1,1
-0.14688390076887886,0.20647252494654145,-0.391304347826087,0.18675252989880417,0.0,1,-0.3333333333333333,0,1
-0.40591195525449747,-0.9409741768568266,-0.6086956521739131,-0.939282428702852,0.0,0,-0.6666666666666666,0,1
-0.26363247295642034,-0.9544604405829701,-0.043478260869565216,-0.9420423183072677,1.0,0,-0.6666666666666666,0,0
0.8063045114446364,0.3570449354581489,0.3695652173913043,0.38546458141674345,1.0,1,0.3333333333333333,0,0
-0.3969540000885465,-0.3814137307612168,-0.6086956521739131,-0.3808647654093836,0.0,0,-0.3333333333333333,0,1
0.3145172001593838,-0.31077228056112277,0.3695652173913043,-0.29438822447102103,2.0,0,0.0,0,1
-0.2706424049231859,-0.9445878126866368,-0.08695652173913043,-0.9420423183072677,0.0,0,-0.6666666666666666,0,0
-0.30220923540089434,0.41160418316588077,-0.5434782608695652,0.3330266789328429,0.0,1,0.0,1,1
-0.33317099806673456,-0.9199135441752404,-0.34782608695652173,-0.9310027598896045,2.0,0,-0.6666666666666666,0,0
0.30398016558197194,0.14510894865467652,0.043478260869565216,0.09475620975161005,1.0,0,1.0,0,0
0.13441360074379072,0.18612268616549582,-0.13043478260869565,0.24655013799448036,0.0,1,-0.3333333333333333,1,0
-0.3935892327444991,-0.7340197779301966,-0.5869565217391305,-0.937442502299908,0.0,0,-0.6666666666666666,0,0
0.08972712917459896,-0.8150216658499805,0.782608695652174,-0.8068077276908924,2.0,0,-0.6666666666666666,0,0
0.15231475332418354,0.3043557960323094,-0.15217391304347827,0.3707451701931924,0.0,1,0.0,0,1
-0.11701421171470314,-0.962226914482983,0.5652173913043478,-0.9420423183072677,1.0,0,-0.6666666666666666,0,0
-0.14874337745901034,0.5276287292604814,-0.43478260869565216,0.4507819687212512,0.0,1,0.6666666666666666,0,1
-0.2553238588568646,0.09781443194575509,-0.4782608695652174,-0.007359705611775373,0.0,1,-0.6666666666666666,0,1
-0.0032319475804666537,-0.5679689973978468,0.13043478260869565,-0.5418583256669733,1.0,0,0.0,0,0
-0.2659789554463482,0.21932249774889692,-0.5,0.18215271389144447,2.0,0,1.0,0,0
-0.39726391287023516,-0.4007724941352,-0.6086956521739131,-0.4001839926402943,0.0,0,-0.3333333333333333,0,1
-0.055356325910184315,0.012214457843108345,-0.2608695652173913,0.008279668813247524,0.0,1,-0.6666666666666666,1,0
-0.2452885878307581,-0.25788638351770493,-0.41304347826086957,-0.18675252989880392,0.0,0,0.0,0,0
-0.156432165995189,-0.23416421633561765,-0.30434782608695654,-0.27874885004599803,1.0,0,0.0,0,0
0.2109768155723794,-0.32455888642357805,0.2391304347826087,-0.26770929162833484,0.0,0,0.6666666666666666,1,1
-0.2046900134295539,-0.3025604528422816,-0.34782608695652173,-0.29806807727690887,1.0,0,0.0,0,0
0.2569914847773794,0.14333908660777286,0.0,0.1803127874885007,0.0,1,-0.3333333333333333,0,1
-0.3464972476793436,0.058921315507321756,-0.5652173913043478,0.09475620975161005,0.0,1,-0.6666666666666666,1,1
1.285473945189711,0.5309275953417256,0.6304347826086957,0.5528978840846369,0.0,1,0.3333333333333333,0,0
0.4137778368087838,-0.15107517480664845,0.34782608695652173,-0.1435142594296228,1.0,0,0.3333333333333333,0,0
1.1130738920618055,0.025965325477802833,0.9347826086956522,0.0018399264029440392,2.0,0,0.6666666666666666,0,0
1.2697716975841562,0.2477189657792683,0.8478260869565217,0.2787488500459983,1.0,1,0.0,0,0
-0.4056463157273358,-0.924380951107698,-0.6086956521739131,-0.9227230910763569,0.0,0,-0.6666666666666666,0,1
0.20114815306739872,-0.2895445115916999,0.1956521739130435,-0.2916283348666053,0.0,0,0.0,1,0
-0.3985625950030253,-0.889350807859538,-0.5869565217391305,-0.9126034958601655,0.0,0,-0.6666666666666666,0,0
-0.34807632709080444,-0.9360297308002682,-0.391304347826087,-0.9199632014719411,0.0,0,-0.6666666666666666,0,0
0.1372323312820059,0.41736571988432813,-0.1956521739130435,0.3799448022079118,1.0,1,0.0,0,0
1.7932291436076802,0.616049112766254,0.9347826086956522,0.6338546458141675,2.0,1,0.6666666666666666,0,0
-0.34387036791074516,0.11361750408778228,-0.5652173913043478,0.08095676172953094,0.0,1,-0.6666666666666666,0,1
0.3174539927096708,0.6832380942969939,-0.13043478260869565,0.6200551977920884,0.0,1,0.6666666666666666,0,1
0.206121515325925,-0.3321410687450547,0.2391304347826087,-0.3541858325666972,0.0,0,-0.3333333333333333,1,0
1.249981552810614,0.3772505558420804,0.717391304347826,0.3578656853725852,0.0,1,0.0,0,0
-0.27292985640707784,-0.9030527897281365,-0.15217391304347827,-0.9162833486660534,0.0,0,-0.6666666666666666,1,0
-0.19497941293664497,-0.06664526655047671,-0.391304347826087,-0.11591536338546454,0.0,0,0.3333333333333333,0,0
-0.26838446894231194,-0.018733225101694773,-0.4782608695652174,0.0827966881324747,0.0,1,-0.6666666666666666,1,0
-0.044288012278449244,0.46817360983839035,-0.34782608695652173,0.48390064397424126,0.0,1,0.3333333333333333,1,1
-0.4056905889818628,-0.9271464887325529,-0.6086956521739131,-0.9254829806807728,0.0,0,-0.6666666666666666,0,1
0.7673735629639468,0.5915354975658853,0.21739130434782608,0.6090156393744253,0.0,1,0.6666666666666666,1,1
-0.3885125662254099,-0.8159104198217288,-0.5652173913043478,-0.8344066237350506,0.0,0,-0.6666666666666666,0,0
-0.07764053068874426,-0.937127854413063,0.6304347826086957,-0.9208831646734131,2.0,0,-0.6666666666666666,0,0
-0.35728516403240806,-0.7312542403053419,-0.5,-0.8095676172953081,0.0,0,-0.6666666666666666,0,0
-0.40573486223638966,-0.9299120263574077,-0.6086956521739131,-0.9282428702851886,0.0,0,-0.6666666666666666,1,1
-0.06369445551275807,-0.30896502540706755,-0.15217391304347827,-0.28794848206071744,0.0,0,0.0,0,0
-0.21453343368604358,-0.41749741215217867,-0.32608695652173914,-0.44158233670653163,0.0,0,0.0,1,1
1.249863490798542,0.32482103634426707,0.7608695652173914,0.3661453541858327,1.0,1,0.0,0,0
-0.4057201044848807,-0.928990180482456,-0.6086956521739131,-0.9273229070837166,0.0,0,-0.6666666666666666,1,1
-0.3793480025383333,-0.9609475041474441,-0.5,-0.9144434222631095,0.0,0,-0.6666666666666666,0,0
-0.38811410693466747,0.1707719483347802,-0.6086956521739131,0.1701931922723091,0.0,1,-0.3333333333333333,1,1
-0.12871710866132435,-0.8437076185125764,0.21739130434782608,-0.8261269549218031,1.0,0,-0.6666666666666666,0,0
-0.29261669692005726,-0.9251645201014069,-0.1956521739130435,-0.9356025758969642,1.0,0,-0.6666666666666666,0,0
-0.38920618054633194,0.1025553535883634,-0.6086956521739131,0.10211591536338568,0.0,1,-0.3333333333333333,1,1
-0.38911763403727806,0.10808642883807283,-0.6086956521739131,0.10763569457221728,0.0,1,-0.3333333333333333,1,1
0.8848600227269373,-0.031429182799130574,0.7608695652173914,-0.07727690892364285,1.0,0,0.0,0,0
-0.4059267130060064,-0.9418960227317782,-0.6086956521739131,-0.9402023919043239,0.0,0,-0.6666666666666666,0,1
0.5234426882720149,-0.027064192480915673,0.3695652173913043,-0.02299908003679853,0.0,0,0.3333333333333333,0,0
-0.08794144124201239,-0.5747379799653485,-0.021739130434782608,-0.5749770009199632,1.0,0,0.0,1,0
-0.21401691238322929,-0.9227886718691454,0.08695652173913043,-0.9254829806807728,0.0,0,-0.6666666666666666,0,0
0.28019067014949606,-0.1887715799700531,0.21739130434782608,-0.19411223551057954,1.0,0,0.3333333333333333,1,0
0.6475258629595196,0.2784084285910317,0.2826086956521739,0.25666973321067166,0.0,1,0.0,1,1
-0.39726391287023516,-0.4007724941352,-0.6086956521739131,-0.4001839926402943,0.0,0,-0.3333333333333333,1,0
-0.25725712430454095,0.08056274485737581,-0.4782608695652174,0.15915363385464593,0.0,1,-0.3333333333333333,1,1
1.8055666238691872,0.6817116091400867,0.8913043478260869,0.6439742410303588,2.0,1,1.0,0,0
0.09753397972284945,-0.8075192586522977,0.782608695652174,-0.8325666973321066,2.0,0,-0.6666666666666666,0,0
-0.3969244845855286,-0.37957003901131364,-0.6086956521739131,-0.3790248390064397,0.0,0,-0.3333333333333333,1,0
0.08776434822390465,0.4361611330013968,-0.2391304347826087,0.4489420423183074,0.0,1,0.0,1,0
0.25191481825829026,0.4301563313992815,-0.10869565217391304,0.4167433302667895,0.0,1,0.0,1,0
0.9104499638435087,0.014028884644600406,0.7391304347826086,0.028518859245630388,2.0,0,0.6666666666666666,0,0
0.6129041779194523,0.15765659565933285,0.32608695652173914,0.1324747010119596,1.0,0,0.3333333333333333,0,0
-0.3930136804356488,-1.0064252339783888,-0.5434782608695652,-0.9291628334866605,0.0,0,-0.6666666666666666,1,0
-0.3908738064668467,-0.0016132302811653718,-0.6086956521739131,-0.001839926402943778,0.0,1,-0.6666666666666666,1,1
0.5665795959327637,0.35461791350417826,0.17391304347826086,0.4581416743330268,0.0,1,0.0,1,0
-0.15613701096500937,0.2990007095405451,-0.41304347826086957,0.2621895124195032,0.0,1,0.0,0,1
-0.15992975310281723,-0.8344196389580115,0.10869565217391304,-0.8334866605335787,0.0,0,-0.6666666666666666,0,0
0.1583064004368295,-0.2796682846201322,0.13043478260869565,-0.3164673413063477,1.0,0,0.6666666666666666,0,0
-0.38463127757854815,-0.8755231197352643,-0.5434782608695652,-0.9236430542778289,0.0,0,-0.6666666666666666,1,0
0.7540030400968111,0.5701203087785487,0.21739130434782608,0.5685372585096597,0.0,1,0.3333333333333333,1,0
0.8587388025560426,0.5486001274079585,0.30434782608695654,0.5556577736890526,1.0,1,0.6666666666666666,0,0
-0.29062440046634497,-0.8522600679497215,-0.2608695652173913,-0.8509659613615455,0.0,0,-0.6666666666666666,0,1
0.0473281090892992,-0.826846635092329,0.6956521739130435,-0.828886844526219,2.0,0,-0.6666666666666666,0,0
0.6131845751981229,0.009599425667225464,0.43478260869565216,0.026678932842686347,1.0,0,0.6666666666666666,1,0
-0.37683918478180667,-0.7538394642416555,-0.5434782608695652,-0.9319227230910763,1.0,0,-0.6666666666666666,0,0
0.5359425038001211,-0.3719792143847592,0.7608695652173914,-0.3771849126034958,2.0,0,0.6666666666666666,1,0
-0.3503932940777143,-0.022201121488417228,-0.5652173913043478,-0.013799448022079119,0.0,1,-0.6666666666666666,0,0
-0.4057791354909166,-0.9326775639822623,-0.6086956521739131,-0.9310027598896045,0.0,0,-0.6666666666666666,1,0
0.513038473458184,0.14714964778914594,0.2391304347826087,0.19227230910763576,1.0,1,0.0,1,0
-0.39389914552618766,-0.19059163464623952,-0.6086956521739131,-0.19043238270469173,0.0,0,0.3333333333333333,1,1
-0.2198609819807854,0.2003862470675998,-0.45652173913043476,0.298068077276909,0.0,1,-0.3333333333333333,1,1
-0.4054544649577191,-0.9123969547333275,-0.6086956521739131,-0.9107635694572217,0.0,0,-0.6666666666666666,0,1
0.2100765927303317,-0.15463964552312778,0.10869565217391304,-0.11315547378104861,1.0,0,0.3333333333333333,0,0
-0.4012780212806777,-0.6515145721220301,-0.6086956521739131,-0.6504139834406624,0.0,0,-0.3333333333333333,1,0
0.18206638036628744,-0.3459344831124392,0.21739130434782608,-0.3606255749770009,0.0,0,0.3333333333333333,1,1
1.4199760924425555,0.6757845488642896,0.6304347826086957,0.6467341306347748,1.0,1,1.0,0,1
-0.14487684656365754,-0.9265524102798062,0.34782608695652173,-0.9411223551057957,2.0,0,-0.6666666666666666,1,0
-0.26296837413851626,0.2506652574972507,-0.5,0.2723091076356948,0.0,1,0.0,0,1
0.7342719263293045,0.36778970626047885,0.30434782608695654,0.37350505979760834,1.0,1,0.6666666666666666,0,0
-0.15193105178495006,-0.901177415913795,0.2608695652173913,-0.9264029438822448,2.0,0,-0.6666666666666666,0,0
-0.2983722200085595,0.11785799511255936,-0.5217391304347826,0.07911683532658716,0.0,1,-0.3333333333333333,1,0
0.8841959239090332,-0.17260283666975382,0.9347826086956522,-0.16835326586936508,2.0,0,1.0,0,0
-0.3914788742787149,-0.9824572412296477,-0.5434782608695652,-0.9273229070837166,1.0,0,-0.6666666666666666,0,0
-0.27796224967164007,-0.36922487974796814,-0.43478260869565216,-0.28610855565777366,0.0,0,0.0,0,0
1.1612727084901344,0.06778127863880082,0.9347826086956522,0.05703771849126051,2.0,0,0.3333333333333333,0,0
0.10753973524593798,-0.3141189818897513,0.08695652173913043,-0.34774609015639363,1.0,0,-0.3333333333333333,0,0
1.28187305382152,0.1724107854458055,0.9347826086956522,0.18583256669733228,2.0,1,-0.3333333333333333,0,0
-0.07138324404893669,-0.33079601180932994,-0.15217391304347827,-0.29714811407543684,0.0,0,0.0,1,1
1.8535735895278997,0.724551103871765,0.8913043478260869,0.72033118675253,1.0,1,1.0,1,1
0.22532135003910803,0.5977621781278292,-0.17391304347826086,0.6264949402023922,0.0,1,0.6666666666666666,1,1
-0.05156358377237646,0.20254490282477794,-0.30434782608695654,0.27506899724011047,0.0,1,0.0,1,0
0.301058130783194,0.23825742393899438,0.0,0.16467341306347752,0.0,1,-0.3333333333333333,1,0
-0.07052729446141588,0.1235734395372592,-0.30434782608695654,0.11315547378104887,0.0,0,1.0,0,0
1.8162512359616891,0.6632453854744067,0.9130434782608695,0.6393744250229991,0.0,1,0.6666666666666666,0,1
0.12243030651849884,-0.8334895085204582,0.9347826086956522,-0.8270469181232751,2.0,0,-0.6666666666666666,0,0
0.050132081876005416,0.2212308804373932,-0.21739130434782608,0.3035878564857406,0.0,1,-0.3333333333333333,1,0
-0.40580865099393454,-0.9345212557321655,-0.6086956521739131,-0.9328426862925483,0.0,0,-0.6666666666666666,0,0
-0.3892652115523679,0.09886797008855702,-0.6086956521739131,0.09843606255749787,0.0,1,-0.3333333333333333,1,1
-0.3866973627898053,-0.5187687661290024,-0.5869565217391305,-0.45630174793008277,0.0,0,-0.6666666666666666,1,0
-0.1563436194861351,0.15275405168799944,-0.391304347826087,0.1425942962281509,0.0,1,-0.3333333333333333,0,0
-0.34409173418337985,-0.9453529447628466,-0.3695652173913043,-0.939282428702852,1.0,0,-0.6666666666666666,0,0
1.8764481043668189,0.7449634053885501,0.8913043478260869,0.7387304507819689,2.0,1,1.0,1,0
0.16423901654343948,0.5017146174423979,-0.1956521739130435,0.376264949402024,0.0,1,0.0,1,1
-0.2727084901344431,-0.9195713204557767,-0.13043478260869565,-0.9208831646734131,0.0,0,-0.6666666666666666,0,0
0.7869866147193815,0.23116225973466964,0.43478260869565216,0.20239190432382706,2.0,0,1.0,0,0
-0.2981213382329068,0.4754420100062779,-0.5434782608695652,0.5078196872125117,0.0,1,0.3333333333333333,1,1
0.6016292557665915,0.681071255487665,0.06521739130434782,0.6954921803127878,0.0,1,1.0,0,1
-0.37953985330795,-0.2952211414532439,-0.5869565217391305,-0.27690892364305425,0.0,0,-0.3333333333333333,1,0
0.7550360827024396,-0.24065187368165367,0.8695652173913043,-0.25390984360625574,2.0,0,0.6666666666666666,0,0
-0.27493691061229913,0.12606242339962856,-0.5,0.18675252989880417,0.0,1,-0.3333333333333333,0,1
-0.2657871046767315,-0.917275055821613,-0.10869565217391304,-0.9319227230910763,2.0,0,-0.6666666666666666,0,0
0.5968920175322088,0.6718239890545569,0.06521739130434782,0.6200551977920884,1.0,1,0.6666666666666666,0,0
0.030725638641696595,-0.27345533607244266,-0.043478260869565216,-0.3219871205151793,2.0,0,0.0,0,0
0.43482239046058946,0.6614329508877126,-0.043478260869565216,0.6246550137994481,0.0,1,0.6666666666666666,0,1
1.0073050869969453,0.23134357987685752,0.6304347826086957,0.1895124195032201,0.0,1,-0.3333333333333333,0,0
-0.3905491359336492,0.018667378967769307,-0.6086956521739131,0.018399264029438825,0.0,1,-0.6666666666666666,0,1
-0.2724871238618084,-0.814015514412106,-0.2391304347826087,-0.8408463661453542,2.0,0,-0.6666666666666666,0,0
-0.10411593689585455,-0.8881347558542828,0.391304347826087,-0.9024839006439743,2.0,0,-0.6666666666666666,0,0
1.8580747037381387,0.7285677180411972,0.8913043478260869,0.7332106715731374,2.0,1,1.0,1,0
-0.07738964891309162,0.3091197407986675,-0.34782608695652173,0.3505059797608098,0.0,1,0.3333333333333333,1,1
0.12409793243901361,-0.3672787606786259,0.15217391304347827,-0.35510579576816925,0.0,0,-0.3333333333333333,0,0
-0.024571656262451856,-0.9359659395660448,0.8260869565217391,-0.9300827966881325,2.0,0,-0.6666666666666666,0,0
-0.35273977656764216,-0.9290823650699511,-0.41304347826086957,-0.9282428702851886,0.0,0,-0.6666666666666666,0,0
0.07164888357609835,0.29197042178894084,-0.21739130434782608,0.31186752529898815,0.0,1,0.0,1,0
-0.020129573058248862,-0.9523868884636215,0.9130434782608695,-0.9291628334866605,2.0,0,-0.6666666666666666,0,0
1.4704623603547764,0.3360256248347812,0.9347826086956522,0.3505059797608098,2.0,0,1.3333333333333333,0,0
-0.1353728545918744,-0.9373252036018098,0.41304347826086957,-0.9264029438822448,2.0,0,-0.6666666666666666,0,0
-0.4056905889818628,-0.9271464887325529,-0.6086956521739131,-0.9254829806807728,0.0,0,-0.6666666666666666,0,0
0.0639305795369018,0.3534510725543521,-0.2391304347826087,0.23735050597976093,0.0,0,1.0,1,0
-0.40552825371526396,-0.9170061841080854,-0.6086956521739131,-0.9153633854645814,0.0,0,-0.6666666666666666,0,1
1.6514366671093992,0.6266040951578531,0.8260869565217391,0.5988960441582339,2.0,1,0.6666666666666666,0,0
0.4087749590472396,-0.554119551420624,0.8695652173913043,-0.5749770009199632,2.0,0,0.3333333333333333,0,0
0.15855728221248214,0.5776941248199862,-0.21739130434782608,0.5446182152713893,0.0,1,0.3333333333333333,1,1
2.04760850636797,0.8367415759126485,0.9347826086956522,0.8123275068997242,2.0,1,1.3333333333333333,0,0
-0.19440386062779474,-0.9397612217582061,0.1956521739130435,-0.9227230910763569,2.0,0,-0.6666666666666666,0,0
0.26231903307212123,-0.24438134144966422,0.2391304347826087,-0.26770929162833484,1.0,0,-0.3333333333333333,1,0
0.01494960227859686,-0.8600028621356697,0.6956521739130435,-0.8491260349586016,2.0,0,-0.6666666666666666,0,0
-0.17015687489854048,0.2114253514201449,-0.41304347826086957,0.19595216191352358,0.0,1,-0.3333333333333333,0,1
0.2770029958235564,0.04738863950922972,0.06521739130434782,0.04507819687212517,1.0,0,0.3333333333333333,0,0
0.17650270804740192,0.4525495041116468,-0.17391304347826086,0.5427782888684454,0.0,1,0.3333333333333333,0,0
1.3268546804208912,0.5437601640440032,0.6521739130434783,0.5363385464581418,1.0,1,0.3333333333333333,1,0
-0.14102507341981377,0.0033505551993432228,-0.34782608695652173,-0.003679852805887556,0.0,1,-0.6666666666666666,1,1
-0.10765779725800978,-0.892842053939142,0.391304347826087,-0.9218031278748849,2.0,0,-0.6666666666666666,0,0
0.11865232213219995,-0.8167654652709592,0.8695652173913043,-0.8160073597056118,2.0,0,-0.6666666666666666,0,0
-0.40166172281991114,-0.986144624729454,-0.5869565217391305,-0.9282428702851886,0.0,0,-0.6666666666666666,0,0
-0.27759330588391556,-0.9162938486592592,-0.15217391304347827,-0.9438822447102116,0.0,0,-0.6666666666666666,0,0
-0.0006788565694130709,0.41444654128031483,-0.30434782608695654,0.48114075436982534,0.0,1,0.3333333333333333,1,0
-0.10181372766045367,-0.9316861448337296,0.5217391304347826,-0.9291628334866605,2.0,0,-0.6666666666666666,0,0
-0.19478756216702822,-0.8131009847742572,-0.021739130434782608,-0.8215271389144434,0.0,0,-0.6666666666666666,0,0
-0.27138029249863493,-0.898653070779504,-0.15217391304347827,-0.9208831646734131,1.0,0,-0.6666666666666666,0,0
-0.39090332196986466,-0.0034569220310684294,-0.6086956521739131,-0.003679852805887556,0.0,1,-0.6666666666666666,0,1
0.04294505689113207,0.47780424006084127,-0.2826086956521739,0.39006439742410315,0.0,1,0.3333333333333333,1,0
0.1724000531279055,-0.5368023760577426,0.41304347826086957,-0.5694572217111316,2.0,0,0.3333333333333333,0,0
0.5275158276884935,0.6586127853591571,0.021739130434782608,0.6504139834406626,0.0,1,1.0,0,0
-0.3438113369047092,0.11484663192105098,-0.5652173913043478,-0.001839926402943778,0.0,1,-0.6666666666666666,1,0
1.2488009326898954,0.5228038634237465,0.6086956521739131,0.4305427782888686,2.0,1,0.3333333333333333,1,0
1.5310724458021576,0.4877513637482782,0.8478260869565217,0.48206071757129726,1.0,1,0.3333333333333333,0,1
-0.013990348430513088,-0.21692436246550853,-0.13043478260869565,-0.19043238270469173,1.0,0,0.0,0,0
0.7124009385929959,-0.21663023505256418,0.782608695652174,-0.19411223551057954,2.0,0,0.0,0,0
0.7613819158513011,0.368445035384057,0.32608695652173914,0.37350505979760834,1.0,1,0.0,0,0
1.8498103628931097,0.6927704209622926,0.9130434782608695,0.7111315547378106,2.0,1,1.0,0,0
0.32015466123581415,-0.06140863838613278,0.17391304347826086,-0.04139834406623735,1.0,0,0.3333333333333333,0,0
-0.33292011629108187,-0.8871998341513176,-0.3695652173913043,-0.9190432382704692,0.0,0,-0.6666666666666666,0,0
1.2416729387110579,0.1998969339491924,0.8695652173913043,0.21343146274149052,2.0,0,1.0,0,0
0.17356591549711486,-0.2524343236287056,0.13043478260869565,-0.18031278748850044,0.0,0,0.3333333333333333,1,0
-0.31128525257891715,-0.04346503300396735,-0.5217391304347826,-0.08739650413983442,0.0,0,0.3333333333333333,0,0
1.013414796121663,0.23792365215668423,0.6304347826086957,0.22355105795768182,2.0,1,-0.3333333333333333,0,0
1.3535809684036542,0.23462257859010727,0.9347826086956522,0.219871205151794,2.0,0,1.0,0,0
1.0077035462876875,-0.06545105712156248,0.9347826086956522,-0.040478380864765205,2.0,0,0.6666666666666666,0,0
-0.40561680022431784,-0.922537259357795,-0.6086956521739131,-0.9208831646734131,0.0,0,-0.6666666666666666,0,0
0.678354805861779,0.44895666890670743,0.21739130434782608,0.46366145354185845,1.0,1,0.6666666666666666,1,1
-0.09633860185062201,-0.9252332237090684,0.5217391304347826,-0.9227230910763569,1.0,0,-0.6666666666666666,0,0
0.2919230825991352,0.33083170617822516,-0.043478260869565216,0.346826126954922,0.0,1,0.3333333333333333,1,0
-0.3910508994849545,-0.012675380780584241,-0.6086956521739131,-0.012879484820606968,0.0,1,-0.6666666666666666,1,1
-0.38525110314192534,0.349610048075387,-0.6086956521739131,0.34866605335786577,0.0,1,0.0,1,1
0.01283924381281268,0.17614938260533117,-0.2391304347826087,0.08187672493100281,0.0,1,-0.3333333333333333,1,0
-0.14081846489868802,-0.9290903811210378,0.3695652173913043,-0.9227230910763569,2.0,0,-0.6666666666666666,0,0
1.3877894364014698,0.26430089439757615,0.9347826086956522,0.2585096596136157,2.0,0,1.0,0,0
0.4969082510588687,0.27960097523878646,0.15217391304347827,0.31646734130634785,0.0,1,0.3333333333333333,1,1
-0.38210770207051253,-0.8361142085810843,-0.5434782608695652,-0.8316467341306348,0.0,0,-0.6666666666666666,1,0
-0.27135077699561694,-0.9463577567665439,-0.08695652173913043,-0.9300827966881325,2.0,0,-0.6666666666666666,0,0
0.1894895293753044,-0.3581140762718156,0.2391304347826087,-0.3587856485740569,0.0,0,0.3333333333333333,1,0
1.4903853248918997,0.5890412235013034,0.7391304347826086,0.5896964121435145,0.0,1,0.6666666666666666,1,0
0.009503991971783194,0.45685145152808754,-0.30434782608695654,0.47746090156393756,0.0,1,0.6666666666666666,0,1
-0.18506220392261036,-0.28600268270372825,-0.32608695652173914,-0.2732290708371664,0.0,0,-0.3333333333333333,0,0
1.9297088295627278,0.7344550940378125,0.9347826086956522,0.7249310027598898,2.0,1,1.0,0,0
0.7810097253582445,0.6133761536801228,0.21739130434782608,0.6632934682612698,0.0,1,0.6666666666666666,1,0
0.40557252696979096,-0.21073494770103252,0.391304347826087,-0.19043238270469173,2.0,0,1.0,0,0
0.08199406738389338,0.3259816827542597,-0.21739130434782608,0.33946642134314636,0.0,1,0.3333333333333333,0,0
-0.2714688390076888,0.4539630011199062,-0.5217391304347826,0.2732290708371667,0.0,1,-0.3333333333333333,1,1
-0.27993978837384337,-0.6641367694867517,-0.34782608695652173,-0.6485740570377184,0.0,0,-0.3333333333333333,1,1
-0.01443308097578249,0.16258378791609274,-0.2608695652173913,0.17847286108555666,0.0,1,-0.3333333333333333,0,0
0.3042605628606426,0.018396247828077913,0.10869565217391304,0.09567617295308194,0.0,1,-0.6666666666666666,1,0
0.20170894762473987,-0.38464019132354743,0.2826086956521739,-0.38270469181232747,0.0,0,-0.3333333333333333,1,0
-0.2887354082731955,0.23825106638123614,-0.5217391304347826,0.20147194112235517,0.0,1,-0.3333333333333333,1,1
0.07938194536680393,-0.8648374978326565,0.9130434782608695,-0.8546458141674333,2.0,0,-0.6666666666666666,0,0
-0.0320243207744868,-0.0488699609234202,-0.21739130434782608,-0.07267709291628315,0.0,0,0.3333333333333333,0,0
-0.40102713950502505,-0.966324938417995,-0.5869565217391305,-0.9337626494940202,0.0,0,-0.6666666666666666,1,1
-0.08860554005991648,-0.9428340413413779,0.6086956521739131,-0.9484820607175714,2.0,0,-0.6666666666666666,0,0
1.8668408081344727,0.6799125464365104,0.9347826086956522,0.7000919963201475,2.0,1,1.0,1,0
-0.25972166880654063,0.28446627291214194,-0.5,0.2870285188592458,0.0,1,0.0,0,0
0.016838594471746272,0.27748916491741016,-0.2608695652173913,0.2778288868445264,0.0,1,-0.3333333333333333,1,1
1.0442437390239223,0.1940145541655267,0.6956521739130435,0.1941122355105798,2.0,0,0.6666666666666666,0,0
-0.390652440194212,0.012214457843108345,-0.6086956521739131,0.011959521619135341,0.0,1,-0.6666666666666666,1,1
1.1951122327002257,0.7941126059036026,0.41304347826086957,0.7626494940202393,2.0,1,1.3333333333333333,0,0
-0.3141334986201502,-0.9162571843346873,-0.2826086956521739,-0.9153633854645814,0.0,0,-0.6666666666666666,0,0
-0.19127521730789096,0.23243319463709713,-0.43478260869565216,0.27046918123275077,0.0,1,-0.3333333333333333,1,1
-0.3753929251339266,-0.5427367588777435,-0.5652173913043478,-0.4737810487580496,0.0,0,-0.6666666666666666,1,0
-0.3985035639969894,-0.4782075476311329,-0.6086956521739131,-0.4774609015639374,0.0,0,-0.6666666666666666,1,1
1.5458154395596289,0.5842836433495996,0.782608695652174,0.6393744250229991,2.0,1,0.6666666666666666,0,0
2.0234205516447514,0.8761157349405901,0.8913043478260869,0.8242870285188595,2.0,1,1.3333333333333333,0,0
0.6394828883871255,-0.2025295387268625,0.6739130434782609,-0.19411223551057954,1.0,0,0.0,0,0
0.10891220613627309,-0.8255831214661483,0.8695652173913043,-0.8104875804967802,1.0,0,-0.6666666666666666,1,0
0.30237157066749315,-0.022552300869351293,0.13043478260869565,0.0036798528058878174,0.0,1,-0.6666666666666666,1,0
-0.27282655214651497,-0.902759475131561,-0.15217391304347827,-0.9254829806807728,0.0,0,-0.6666666666666666,0,0
1.1335133779017428,0.16556212240512963,0.8043478260869565,0.17479300827966884,2.0,0,0.6666666666666666,0,0
-0.3908590487153378,-0.000691384406213843,-0.6086956521739131,-0.000919963201471889,0.0,1,-0.6666666666666666,1,1
-0.3881878956922124,0.1661627189600223,-0.6086956521739131,0.1655933762649494,0.0,1,-0.3333333333333333,0,1
0.5024866811292632,0.38257959466189073,0.10869565217391304,0.3624655013799449,0.0,1,0.0,0,0
0.09284101474299375,-0.8591603554548738,0.9347826086956522,-0.8445262189512419,2.0,0,-0.6666666666666666,0,0
0.13407417245908415,-0.19725271451685736,0.043478260869565216,-0.19135234590616362,1.0,0,1.0,1,0
-0.19812281400805776,-0.8522926036864845,0.021739130434782608,-0.8279668813247469,1.0,0,-0.6666666666666666,0,0
-0.17260666164903116,0.362003753727514,-0.43478260869565216,0.376264949402024,0.0,1,0.0,0,1
0.022549844305721607,0.05918250517189139,-0.1956521739130435,0.0018399264029440392,0.0,1,-0.6666666666666666,1,1
-0.24125972166880655,-0.736761056453079,-0.21739130434782608,-0.6632934682612696,0.0,0,0.0,0,0
1.629373828603474,0.6645835101799972,0.782608695652174,0.6384544618215272,0.0,1,0.6666666666666666,1,0
-0.2336594796416818,-0.9262860992492647,0.021739130434782608,-0.939282428702852,2.0,0,-0.6666666666666666,0,0
-0.37489116158262126,-0.9145479284415479,-0.5,-0.9420423183072677,1.0,0,-0.6666666666666666,0,0
-0.3830374404155783,-0.40445987763500635,-0.5869565217391305,-0.34866605335786566,0.0,0,0.3333333333333333,1,0
0.7182154926875343,0.034790985120224424,0.5217391304347826,0.027598896044158237,0.0,0,0.3333333333333333,1,0
-0.254276058499727,0.10716458296312105,-0.4782608695652174,0.09291628334866628,0.0,1,-0.6666666666666666,1,0
0.4624636590369092,-0.40173967669252625,0.6956521739130435,-0.37994480220791155,1.0,0,-0.3333333333333333,0,0
0.5519103909328374,-0.4370010370207972,0.8913043478260869,-0.4618215271389144,1.0,0,0.0,1,1
-0.11782588804769704,0.11482299484733435,-0.34782608695652173,0.15455381784728622,0.0,0,0.6666666666666666,1,0
0.4193267513761604,0.1861799436732567,0.13043478260869565,0.20699172033118676,1.0,1,-0.3333333333333333,0,0
-0.36591844866516143,0.13021072983691084,-0.5869565217391305,0.0009199632014721504,0.0,1,-0.6666666666666666,0,0
-0.33891176340372786,0.21686424208235952,-0.5652173913043478,0.10027598896044164,0.0,1,-0.6666666666666666,1,1
-0.3355765115626983,0.2863099646620453,-0.5652173913043478,0.10579576816927325,0.0,1,-0.6666666666666666,1,0
1.2876580924130399,0.4152097900154899,0.717391304347826,0.4351425942962283,1.0,1,0.0,0,0
1.807278523044229,0.6282379637795024,0.9347826086956522,0.6182152713891447,2.0,1,1.0,0,0
-0.0471510160711914,-0.9354431016071172,0.7391304347826086,-0.9273229070837166,2.0,0,-0.6666666666666666,0,0
-0.0015790794114608432,-0.016178395105400208,-0.1956521739130435,0.017479300827966934,0.0,1,-0.6666666666666666,0,1
0.7206947949410428,0.7240375040271494,0.13043478260869565,0.7442502299908005,1.0,1,1.3333333333333333,0,0
0.023671433420404082,-0.0020522045073326917,-0.17391304347826086,-0.02299908003679853,0.0,1,-0.6666666666666666,1,1
1.3597497085344077,0.48784232387256204,0.717391304347826,0.4737810487580497,1.0,1,0.3333333333333333,1,0
-0.19906731010463247,-0.41171173185129206,-0.30434782608695654,-0.39650413983440663,0.0,0,-0.6666666666666666,0,0
0.4244919644043034,-0.3472216292175581,0.5652173913043478,-0.36430542778288866,0.0,0,-0.3333333333333333,0,0
-0.27222148433464677,-0.5052762946865292,-0.391304347826087,-0.4728610855565777,0.0,0,-0.6666666666666666,0,0
0.019509747494871724,0.28730411217424784,-0.2608695652173913,0.32934682612695504,0.0,1,0.0,1,1
-0.017178022756452842,-0.8929021813122204,0.6956521739130435,-0.936522539098436,1.0,0,-0.6666666666666666,0,0
1.4740337362199494,0.36216532921733313,0.9130434782608695,0.34866605335786577,2.0,0,1.3333333333333333,0,0
-0.3664349699679757,0.11407842702525817,-0.5869565217391305,-0.006439742410303484,0.0,1,-0.6666666666666666,0,1
-0.21152285237821167,-0.9397099310854644,0.13043478260869565,-0.9402023919043239,2.0,0,-0.6666666666666666,0,0
-0.06757574415961987,-0.03268485888982753,-0.2608695652173913,0.002759889604415928,0.0,1,-0.6666666666666666,0,0
0.21397263912870237,0.5640050601355548,-0.17391304347826086,0.49678012879484823,0.0,1,0.0,1,1
-0.13960832927495168,-0.9353058054129754,0.391304347826087,-0.9328426862925483,2.0,0,-0.6666666666666666,0,0
-0.39035728516403245,-0.8543206646113779,-0.5652173913043478,-0.9107635694572217,0.0,0,-0.6666666666666666,0,0
-0.391434601024188,-0.8767522475685331,-0.5652173913043478,-0.9328426862925483,0.0,0,-0.6666666666666666,0,0
-0.16153834801729608,-0.9417912675187156,0.32608695652173914,-0.9383624655013799,2.0,0,-0.6666666666666666,0,0
-0.39862162600906126,-0.48558231463074547,-0.6086956521739131,-0.4848206071757129,0.0,0,-0.6666666666666666,0,0
0.8561857115449891,0.5030345331269878,0.32608695652173914,0.44250229990800394,1.0,1,0.3333333333333333,1,0
-0.3717625182627175,-0.7990099121142831,-0.5217391304347826,-0.8178472861085556,0.0,0,-0.6666666666666666,0,1
0.0017709301810776112,-0.22089731778527283,-0.10869565217391304,-0.27046918123275066,0.0,0,-0.3333333333333333,0,1
-0.3910508994849545,-0.012675380780584241,-0.6086956521739131,-0.012879484820606968,0.0,1,-0.6666666666666666,1,1
-0.004176443677041326,0.11710003294871062,-0.2391304347826087,0.09291628334866628,0.0,1,-0.3333333333333333,1,0
-0.09868508434054986,0.657875308659196,-0.41304347826086957,0.5565777368905245,0.0,1,0.3333333333333333,1,1
0.8830005460368058,-0.05268349175348289,0.782608695652174,0.011959521619135341,2.0,0,0.6666666666666666,0,0
-0.386225114741518,0.2887682203285827,-0.6086956521739131,0.2879484820607177,0.0,1,0.0,1,1
1.2960109797671227,0.7157741869335131,0.5217391304347826,0.6734130634774611,1.0,1,0.6666666666666666,0,1
-0.3962456280161155,-0.9769261659799383,-0.5652173913043478,-0.904323827046918,1.0,0,-0.6666666666666666,0,0
0.18413246557754467,-0.1691377670110027,0.08695652173913043,-0.171113155473781,2.0,0,0.3333333333333333,0,0
-0.38815838018919435,-0.808535652822116,-0.5652173913043478,-0.749770009199632,0.0,0,-0.3333333333333333,1,1
0.39336786647186445,0.18210522997389098,0.10869565217391304,0.17663293468261287,1.0,0,1.0,0,0
-0.33379082363011175,-0.9496000204010164,-0.32608695652173914,-0.9319227230910763,2.0,0,-0.6666666666666666,0,0
-0.33032275202550143,-0.906227678493267,-0.34782608695652173,-0.9208831646734131,0.0,0,-0.6666666666666666,0,0
0.4197399684184118,-0.1678861699436277,0.3695652173913043,-0.19227230910763562,1.0,0,1.0,0,1
-0.25266746358524816,-0.8651423335782008,-0.13043478260869565,-0.8463661453541858,1.0,0,-0.6666666666666666,0,0
-0.13153583919953957,-0.9245770885279007,0.391304347826087,-0.9310027598896045,2.0,0,-0.6666666666666666,0,0
-0.16167116778087692,-0.37843128822460875,-0.2608695652173913,-0.36890524379024836,0.0,0,-0.3333333333333333,0,0
1.0002656395271616,0.5030503533020216,0.43478260869565216,0.4645814167433303,0.0,1,0.0,1,1
0.4731039978748838,-0.36013315310555494,0.6521739130434783,-0.3698252069917203,0.0,0,0.3333333333333333,1,0
1.32903882764422,0.27898863800300944,0.8695652173913043,0.2759889604415824,2.0,0,1.0,0,0
-0.2727084901344431,-0.508041832311384,-0.391304347826087,-0.528978840846366,1.0,0,0.0,1,1
-0.25679963400776257,-0.32979036176392823,-0.41304347826086957,-0.34406623735050595,0.0,0,-0.3333333333333333,0,0
-0.33201989344903415,-0.8825137842869805,-0.3695652173913043,-0.8528058877644894,2.0,0,-0.6666666666666666,0,0
0.987426395714349,0.6452152919765273,0.34782608695652173,0.5611775528978842,0.0,1,0.3333333333333333,0,1
0.279497055828574,-0.18988252243473827,0.21739130434782608,-0.19319227230910752,0.0,0,0.0,0,0
0.11661575242396073,-0.8320795099100813,0.9130434782608695,-0.8261269549218031,2.0,0,-0.6666666666666666,0,0
0.06843169374714073,-0.8744714364131364,0.9130434782608695,-0.8546458141674333,2.0,0,-0.6666666666666666,0,0
-0.1753958766842284,-0.8496835005131367,0.08695652173913043,-0.8500459981600736,1.0,0,-0.6666666666666666,0,0
1.0821268871474743,0.0958272545905825,0.8260869565217391,0.09843606255749787,0.0,1,-0.6666666666666666,0,0
0.0160121603872434,-0.5748767907341635,0.17391304347826086,-0.5547378104875804,0.0,0,0.3333333333333333,0,1
0.8442319328227152,0.3041385893048163,0.43478260869565216,0.26034958601655944,0.0,1,-0.3333333333333333,1,1
-0.27388911025516155,-0.3409549395827862,-0.43478260869565216,-0.3587856485740569,0.0,0,-0.3333333333333333,0,0
0.9543100013281978,0.3440080616045274,0.5,0.390984360625575,2.0,1,0.3333333333333333,0,0
1.6068387420492616,0.5043748012529727,0.8913043478260869,0.5252989880404787,1.0,1,0.3333333333333333,1,0
-0.3865202697716976,0.2703313028295511,-0.6086956521739131,0.2695492180312789,0.0,1,0.0,1,0
-0.08639187733356948,0.15424456871957684,-0.32608695652173914,0.15823367065317404,0.0,1,-0.3333333333333333,1,1
-0.39853307950000744,-0.48005123938103605,-0.6086956521739131,-0.47930082796688134,0.0,0,-0.6666666666666666,0,0
-0.4056463157273358,-0.924380951107698,-0.6086956521739131,-0.9227230910763569,0.0,0,-0.6666666666666666,0,1
0.8568498103628932,0.22693363548567672,0.5,0.18123275068997258,1.0,1,-0.3333333333333333,0,0
-0.28938474933959063,-0.024352095196637724,-0.5,-0.17387304507819681,0.0,0,0.0,0,0
-0.33587166659287787,-0.6209619659807777,-0.4782608695652174,-0.6651333946642134,0.0,0,0.0,0,0
0.759965171706439,0.2602694531731645,0.391304347826087,0.2732290708371667,0.0,1,0.0,0,1
0.2596036067944688,0.31578539558677887,-0.06521739130434782,0.30910763569457245,1.0,1,0.3333333333333333,0,0
-0.028851404200056083,-0.34044690007836853,-0.08695652173913043,-0.29530818767249306,0.0,0,0.0,1,0
-0.037100987293575964,-0.9577678038831184,0.8695652173913043,-0.9429622815087396,2.0,0,-0.6666666666666666,0,0
2.0064786529124423,0.8010584585030641,0.9347826086956522,0.7801287948482063,2.0,1,1.3333333333333333,0,0
-0.39412051179882235,-1.023709844133731,-0.5434782608695652,-0.9273229070837166,0.0,0,-0.6666666666666666,0,0
-0.07281474594530779,-0.9381148921938411,0.6521739130434783,-0.9356025758969642,2.0,0,-0.6666666666666666,0,0
0.8757249745428787,-0.09660463208214609,0.8260869565217391,-0.0883164673413063,2.0,0,0.3333333333333333,0,0
0.1805020587063355,0.12574332290445295,-0.06521739130434782,0.15547378104875811,0.0,1,-0.3333333333333333,1,0
0.20200410265491947,0.12280182039748504,-0.043478260869565216,0.14443422263109493,1.0,0,1.0,0,0
1.8344475435722614,0.6518090506654173,0.9347826086956522,0.6421343146274151,2.0,1,0.6666666666666666,0,0
-0.2678531898879887,0.19981009339575506,-0.5,0.3477460901563939,0.0,1,0.3333333333333333,1,0
-0.05197680081462786,-0.9344766502866032,0.717391304347826,-0.9144434222631095,2.0,0,-0.6666666666666666,0,0
0.006390106403388407,0.008711443518292379,-0.1956521739130435,-0.030358785648573902,1.0,0,0.3333333333333333,1,0
-0.2689600212511622,0.1882870199588603,-0.5,0.15271389144434244,0.0,0,1.0,0,0
-0.047210047077227334,-0.8504886778370695,0.4782608695652174,-0.8390064397424103,2.0,0,-0.6666666666666666,0,0
-0.02448310975339799,-0.9003827339040406,0.6956521739130435,-0.9310027598896045,2.0,0,-0.6666666666666666,0,0
1.2466610587210933,0.37390514742491754,0.717391304347826,0.344986200551978,0.0,1,0.3333333333333333,1,0
1.4139696875784005,0.28701415248318857,0.9347826086956522,0.2640294388224473,2.0,1,0.0,0,0
-0.046250793229143626,0.4587424174254241,-0.34782608695652173,0.5087396504139836,0.0,1,0.6666666666666666,1,1
-0.26459172680450405,0.5398790366653935,-0.5217391304347826,0.4434222631094758,0.0,1,0.3333333333333333,1,1
-0.32470004870058,0.5127767679418167,-0.5652173913043478,0.6375344986200554,0.0,1,0.6666666666666666,1,1
0.2913180147872671,0.39197950271258486,-0.06521739130434782,0.4323827046918124,0.0,1,0.3333333333333333,1,1
-0.17892297929487463,-0.1787494607141691,-0.34782608695652173,-0.19227230910763562,0.0,0,0.0,1,0
-0.18835318250911293,-0.929814989949518,0.1956521739130435,-0.9273229070837166,2.0,0,-0.6666666666666666,0,0
-0.23056035182479598,0.11684396465011275,-0.45652173913043476,0.25114995400184004,0.0,1,-0.3333333333333333,1,1
0.6583875680701288,0.6690025306321408,0.10869565217391304,0.7092916283348669,0.0,1,1.0,1,0
-0.24916987647761987,-0.733097932055245,-0.2391304347826087,-0.6761729530818766,0.0,0,0.0,0,0
1.0033057363380116,0.28145929946289516,0.5869565217391305,0.2851885924563018,1.0,1,0.3333333333333333,0,0
-0.03758799309337227,-0.6478271886222237,0.15217391304347827,-0.6531738730450781,0.0,0,0.0,0,0
-0.28109089299154383,-0.39093947146904984,-0.43478260869565216,-0.3974241030358785,0.0,0,0.3333333333333333,1,1
-0.38656454302622456,0.2675657652046962,-0.6086956521739131,0.2667893284268629,0.0,1,0.0,1,1
-0.21832617582385147,-0.2906887325680654,-0.3695652173913043,-0.2520699172033118,0.0,0,0.0,0,1
1.2316524254364605,0.5040111457624529,0.6086956521739131,0.45906163753449875,0.0,1,0.6666666666666666,0,0
0.5212437832971769,0.09059330592530132,0.2826086956521739,0.06531738730450803,1.0,0,1.0,0,1
-0.19310517849500453,-0.8832051686931941,0.08695652173913043,-0.84360625574977,2.0,0,-0.6666666666666666,0,1
1.2726051858738803,0.20611815302578093,0.8913043478260869,0.2621895124195032,2.0,1,0.3333333333333333,0,0
0.4990481250276708,-0.4602722227405307,0.8478260869565217,-0.46734130634774596,0.0,0,0.3333333333333333,1,0
-0.40431811809152757,-0.8414148223620558,-0.6086956521739131,-0.8399264029438822,0.0,0,-0.6666666666666666,1,0
0.6336535765410783,0.4678554676029602,0.17391304347826086,0.5510579576816929,0.0,1,0.3333333333333333,0,0
-0.38675639379584126,-0.9087095712335213,-0.5434782608695652,-0.8261269549218031,0.0,0,-0.6666666666666666,0,0
-0.3966440873068579,-0.36205496738723353,-0.6086956521739131,-0.36154553817847274,0.0,0,-0.3333333333333333,0,0
-0.06759050191112882,-0.22234922503832155,-0.1956521739130435,-0.28242870285188587,0.0,0,1.0,0,0
1.0214725284455661,-0.05350547099198143,0.9347826086956522,-0.035878564857405496,2.0,0,0.6666666666666666,0,0
0.4168622068741607,0.3725669840580523,0.043478260869565216,0.35970561177552923,0.0,1,0.0,1,1
0.008293856348046852,0.16037557541171527,-0.2391304347826087,0.1508739650413984,0.0,1,-0.3333333333333333,1,1
-0.2321099157332389,-0.27749655940303863,-0.391304347826087,-0.28150873965041395,0.0,0,-0.3333333333333333,0,0
-0.2223107687312761,-0.9384879864668055,0.08695652173913043,-0.9300827966881325,2.0,0,-0.6666666666666666,0,0
1.0521096205782086,0.17789395114287393,0.717391304347826,0.2594296228150876,1.0,1,-0.3333333333333333,1,0
-0.401012381753516,-0.6349213463729017,-0.6086956521739131,-0.6338546458141674,0.0,0,0.0,0,0
-0.021620105960655837,0.22573700862876828,-0.2826086956521739,0.19135234590616387,0.0,1,0.0,0,0
0.07945573412434884,0.0974852012761296,-0.15217391304347827,0.15271389144434244,1.0,0,0.6666666666666666,0,0
0.48098463718067924,-0.15892905081882086,0.43478260869565216,-0.15823367065317379,0.0,0,0.3333333333333333,0,0
0.2343383362110949,-0.17599574162617285,0.15217391304347827,-0.12235510579576803,1.0,0,0.3333333333333333,0,0
0.8097578252977377,0.5196906120039538,0.2826086956521739,0.5354185832566699,0.0,1,0.6666666666666666,1,1
-0.3813550567435546,-0.8243606736754515,-0.5434782608695652,-0.8307267709291628,0.0,0,-0.6666666666666666,0,1
-0.1540414102507342,0.043941320039358564,-0.3695652173913043,0.0680772769089237,1.0,0,0.3333333333333333,0,1
0.3924676436298166,0.3234117830485372,0.043478260869565216,0.3173873045078197,0.0,1,0.3333333333333333,1,0
-0.28963563111524326,0.22700454670682685,-0.5217391304347826,0.3459061637534501,0.0,1,0.0,1,0
-0.006006404864154871,-0.9129277144795118,0.8043478260869565,-0.9264029438822448,2.0,0,-0.6666666666666666,0,0
-0.18814657398798718,-0.3662340020203474,-0.30434782608695654,-0.28242870285188587,0.0,0,-0.3333333333333333,0,1
1.5637608653945485,0.6311907513477066,0.7608695652173914,0.6264949402023922,2.0,1,0.6666666666666666,0,0
-0.34711707324272073,-0.8939600372342958,-0.41304347826086957,-0.9254829806807728,0.0,0,-0.6666666666666666,0,0
-0.23191806496362216,0.30667836875621324,-0.4782608695652174,0.3569457221711133,0.0,1,0.3333333333333333,1,1
-0.1150514307640088,-0.6580310688242741,0.0,-0.6632934682612696,0.0,0,0.0,1,0
-0.07938194536680393,-0.9327260821862072,0.6086956521739131,-0.9144434222631095,2.0,0,-0.6666666666666666,0,0
0.7240300467820724,0.2453212234395602,0.3695652173913043,0.25574977000919974,0.0,1,0.0,0,0
-0.12294682782131314,-0.9565933767758176,0.5217391304347826,-0.9328426862925483,2.0,0,-0.6666666666666666,0,0
-0.002125116217293147,0.20780846201665854,-0.2608695652173913,0.17479300827966884,1.0,0,1.0,0,0
-0.1914080370714718,-0.9348366240578069,0.1956521739130435,-0.9227230910763569,2.0,0,-0.6666666666666666,0,0
-0.321704225144257,-0.922414346574468,-0.30434782608695654,-0.9300827966881325,1.0,0,-0.6666666666666666,0,0
-0.08727734242410828,-0.37592455759673243,-0.15217391304347827,-0.36798528058877633,0.0,0,0.3333333333333333,1,0
-0.0753678369563613,0.2034316307616365,-0.32608695652173914,0.2723091076356948,0.0,1,-0.3333333333333333,1,1
0.8779091217662076,0.11635069624334052,0.6086956521739131,0.078196872125115,1.0,0,0.6666666666666666,0,0
-0.1673086288573073,0.09048755304354268,-0.391304347826087,0.16191352345906188,0.0,1,-0.3333333333333333,0,0
-0.4056020424728089,-0.9216154134828434,-0.6086956521739131,-0.9199632014719411,2.0,0,-0.6666666666666666,0,0
-0.3342630716783991,-0.8941904987030337,-0.3695652173913043,-0.907083716651334,2.0,0,-0.6666666666666666,0,0
-0.3290978586502561,0.42120674436329325,-0.5652173913043478,0.4461821527138915,0.0,1,0.0,1,1
0.6251235961688877,0.5020731130604347,0.15217391304347827,0.4480220791168355,0.0,1,0.3333333333333333,1,0
0.026180251176930697,0.41235318293927903,-0.2826086956521739,0.439742410303588,0.0,1,0.3333333333333333,1,1
0.9619987898643764,0.02323406160983734,0.782608695652174,0.03863845446182169,1.0,0,0.6666666666666666,0,1
-0.3668186715072092,0.10209443065088751,-0.5869565217391305,0.08463661453541875,0.0,1,-0.3333333333333333,1,0
0.887295051725919,0.6350091412181348,0.2826086956521739,0.6412143514259432,0.0,1,0.6666666666666666,1,1
1.959401425598796,0.7602155648767372,0.9347826086956522,0.7654093836246553,2.0,1,1.3333333333333333,0,0
-0.04158734375230586,-0.9240092390613467,0.717391304347826,-0.9291628334866605,2.0,0,-0.6666666666666666,0,0
-0.2484910199082068,0.4013870580518342,-0.5,0.3569457221711133,0.0,1,0.0,1,0
-0.10582783607089623,-0.8988765485673711,0.41304347826086957,-0.9254829806807728,2.0,0,-0.6666666666666666,0,0
0.7765381266510235,0.8237022123362003,0.13043478260869565,0.7102115915363387,2.0,1,1.0,1,0
-0.1375865173182214,-0.9676367960092724,0.5,-0.9328426862925483,1.0,0,-0.6666666666666666,0,0
-0.40425908708549163,-0.8377274388622495,-0.6086956521739131,-0.8362465501379945,0.0,0,-0.6666666666666666,0,0
-0.275763344696802,0.1174585285667471,-0.5,0.2299908003679853,0.0,1,-0.3333333333333333,1,1
1.5087144522660527,0.3926771293037586,0.9130434782608695,0.4204231830726773,2.0,0,1.3333333333333333,0,0
1.2407579581175012,0.2437216024988592,0.8260869565217391,0.26586936522539106,1.0,1,0.3333333333333333,0,0
0.8795619899352135,0.04741360616834284,0.6739130434782609,0.02575896964121446,1.0,0,0.3333333333333333,1,0
-0.211271970602559,-0.7527172170895406,-0.13043478260869565,-0.7359705611775529,0.0,0,-0.3333333333333333,0,0
0.23528283230766958,-0.26069919528999314,0.21739130434782608,-0.2851885924563016,1.0,0,0.6666666666666666,0,0
-0.3408450288514042,-1.002123286561948,-0.30434782608695654,-0.9356025758969642,1.0,0,-0.6666666666666666,0,0
1.2074644707132423,0.611414276561636,0.5217391304347826,0.6163753449862006,0.0,1,0.6666666666666666,1,1
-0.23184427620607725,-0.8289314928054199,-0.10869565217391304,-0.8491260349586016,2.0,0,-0.6666666666666666,0,0
-0.20979619545166098,-0.956097432156708,0.17391304347826086,-0.9383624655013799,0.0,0,-0.6666666666666666,1,0
-0.2923067841383687,0.1936337260335796,-0.5217391304347826,0.2437902483900644,0.0,1,0.0,1,1
1.120172370537625,0.6168531672238504,0.45652173913043476,0.5574977000919966,1.0,1,0.3333333333333333,1,0
1.0821416448989831,0.43110805190906926,0.5434782608695652,0.4369825206991721,1.0,1,0.3333333333333333,0,0
-0.34264547453549976,0.13912190662810947,-0.5652173913043478,0.07727690892364311,0.0,1,-0.3333333333333333,1,0
1.706586384498458,0.6489794959659132,0.8478260869565217,0.7010119595216193,1.0,1,1.0,1,1
-0.3255855137911188,-0.2221187635695836,-0.5217391304347826,-0.26126954921803125,0.0,0,0.0,1,0
-0.20802526527058338,-0.9114471741348925,0.08695652173913043,-0.9199632014719411,2.0,0,-0.6666666666666666,0,0
0.5517480556662387,0.1709068526091635,0.2608695652173913,0.18767249310027606,1.0,0,0.6666666666666666,1,0
0.17669455881701868,-0.21596950932137712,0.10869565217391304,-0.1674333026678932,1.0,0,1.0,0,0
-0.33649149215625507,-0.9358685689340177,-0.34782608695652173,-0.9181232750689972,0.0,0,-0.6666666666666666,0,0
-0.3089978010950252,-0.9763269661612197,-0.1956521739130435,-0.9466421343146274,0.0,0,-0.6666666666666666,0,0
-0.12592789362612714,-0.9469029111114171,0.4782608695652174,-0.9337626494940202,2.0,0,-0.6666666666666666,0,0
-0.33990053275482945,0.1962763508751074,-0.5652173913043478,0.38914443422263123,0.0,1,0.0,0,1
0.13203760275084495,-0.4685394079670064,0.2608695652173913,-0.46274149034038625,0.0,0,-0.6666666666666666,0,0
-0.3431029648322782,-0.9676367960092724,-0.34782608695652173,-0.936522539098436,0.0,0,-0.6666666666666666,0,0
-0.17275423916412094,-0.8705188135569558,0.13043478260869565,-0.8261269549218031,2.0,0,-0.6666666666666666,0,0
-0.1558713714378477,0.03441557933152557,-0.3695652173913043,0.19319227230910765,0.0,1,0.0,0,1
-0.30519030120570834,0.3650509664808261,-0.5434782608695652,0.45170193192272334,0.0,1,0.6666666666666666,0,0
0.20119242632192558,-0.40660370525117284,0.30434782608695654,-0.39190432382704693,0.0,0,0.3333333333333333,0,1
-0.3065627720960435,-0.7499984397626908,-0.3695652173913043,-0.7552897884084637,0.0,0,-0.3333333333333333,0,0
1.7429199687135668,0.682355739261954,0.8478260869565217,0.6430542778288869,0.0,1,0.6666666666666666,1,1
0.26465075781054,0.3928999303631132,-0.08695652173913043,0.3422263109475623,0.0,1,0.0,1,1
-0.37348917518926816,-0.9566455567310034,-0.4782608695652174,-0.9218031278748849,1.0,0,-0.6666666666666666,0,0
1.7996192500110684,0.7959929619780778,0.8043478260869565,0.7451701931922724,1.0,1,1.0,1,1
1.3107687312761027,0.7331675053288262,0.5217391304347826,0.7387304507819689,1.0,1,1.3333333333333333,1,0
1.6637593896193976,0.7609435304684647,0.7391304347826086,0.7184912603495863,0.0,1,1.0,0,0
1.8681394902672628,0.7375491307085823,0.8913043478260869,0.8068077276908926,2.0,1,1.3333333333333333,0,1
-0.10700845619161464,-0.5921067268473726,-0.043478260869565216,-0.6228150873965042,0.0,0,-0.3333333333333333,0,1
-0.3907262289517569,0.0076052284683504395,-0.6086956521739131,0.007359705611775635,0.0,1,-0.6666666666666666,0,1
-0.3792594560292794,-0.8926694530093637,-0.5217391304347826,-0.9273229070837166,0.0,0,-0.6666666666666666,0,0
-0.19679461637224954,-0.9341475344315096,0.17391304347826086,-0.9337626494940202,1.0,0,-0.6666666666666666,0,0
-0.37301692714098084,-0.49326436358867526,-0.5652173913043478,-0.5556577736890524,0.0,0,0.0,0,1
-0.1480350053865793,0.07520725929813314,-0.3695652173913043,0.11499540018399265,0.0,1,-0.6666666666666666,1,0
-0.18637564380690957,-0.926564270285215,0.1956521739130435,-0.9337626494940202,1.0,0,-0.6666666666666666,0,0
-0.18097430675462287,0.3039274636055643,-0.43478260869565216,0.27506899724011047,0.0,1,0.0,0,0
-0.14530482135741798,-0.017213698934192008,-0.34782608695652173,-0.0827966881324747,0.0,0,0.0,1,0
0.37162969849913674,0.39026662993963096,0.0,0.4434222631094758,0.0,1,0.0,1,1
-0.11152432815336254,-0.8979808543484464,0.391304347826087,-0.9254829806807728,2.0,0,-0.6666666666666666,0,0
1.3426897477900266,0.4996291300531631,0.6956521739130435,0.5344986200551981,0.0,1,0.6666666666666666,0,0
-0.3302342055164475,-0.9791155499329481,-0.2826086956521739,-0.9264029438822448,0.0,0,-0.6666666666666666,0,0
0.5111789967680525,0.10909821089594639,0.2608695652173913,0.14903403863845463,2.0,0,1.0,1,0
-0.0957482917902628,-0.8379632599000277,0.30434782608695654,-0.8325666973321066,2.0,0,-0.6666666666666666,1,0
0.6090081315210816,0.47411045485357,0.15217391304347827,0.49678012879484823,0.0,1,0.3333333333333333,0,1
-0.31113767506382733,-0.2508188984764096,-0.5,-0.28242870285188587,0.0,0,-0.3333333333333333,1,0
0.8573220584111805,0.06981393113318644,0.6304347826086957,0.013799448022079119,1.0,0,0.6666666666666666,0,0
-0.088944968344623,-0.236004673538591,-0.21739130434782608,-0.1619135234590616,0.0,0,0.0,0,0
-0.2575670370862296,-0.4220587534295365,-0.391304347826087,-0.4498620055197792,0.0,0,-0.6666666666666666,0,0
0.06961231386785914,-0.5260489848337482,0.21739130434782608,-0.5528978840846366,1.0,0,0.3333333333333333,0,0
-0.20098581780079985,0.3477663563254839,-0.45652173913043476,0.3081876724931003,0.0,1,0.0,1,0
-0.03804548339015064,-0.3993188141016224,-0.06521739130434782,-0.3836246550137994,0.0,0,-0.6666666666666666,0,0
0.7701480202476352,0.09599807255333022,0.5217391304347826,0.06347746090156399,0.0,1,-0.3333333333333333,0,0
0.002021811956730313,-0.9276995962575239,0.8913043478260869,-0.9411223551057957,2.0,0,-0.6666666666666666,0,0
-0.3982379244698278,-0.4616143218820044,-0.6086956521739131,-0.46090156393744247,0.0,0,0.0,0,1
0.03422322574932485,-0.8247903476002171,0.6521739130434783,-0.8344066237350506,2.0,0,-0.6666666666666666,0,0
-0.35904133646197667,0.3450008187006291,-0.5869565217391305,0.45262189512419526,0.0,1,0.3333333333333333,1,1
-0.3334513953454052,-0.5993644340533406,-0.4782608695652174,-0.6448942042318307,1.0,0,0.0,0,0
-0.2697569398326471,-0.5584081387519203,-0.3695652173913043,-0.47470101195952163,0.0,0,-0.6666666666666666,1,1
0.9289561842357698,0.12249222369748555,0.6521739130434783,0.11775528978840857,1.0,0,1.0,0,0
1.057127256091262,0.20720752873655504,0.6956521739130435,0.19595216191352358,2.0,0,0.6666666666666666,0,0
1.8145245790351383,0.6345244405100752,0.9347826086956522,0.6476540938362467,2.0,1,0.6666666666666666,0,0
-0.3374507460043388,-0.9404777983087756,-0.34782608695652173,-0.9484820607175714,0.0,0,-0.6666666666666666,0,0
0.059311403314591005,-0.837180092873997,0.7608695652173914,-0.8362465501379945,1.0,0,-0.6666666666666666,0,0
-0.4046870618792521,-0.8644609692358453,-0.6086956521739131,-0.8629254829806807,0.0,0,-0.6666666666666666,1,1
-0.2092649163973377,-0.03286380544202411,-0.41304347826086957,-0.10027598896044139,1.0,0,0.3333333333333333,0,0
0.7318516550818318,-0.19793803715739214,0.782608695652174,-0.1655933762649493,1.0,0,0.3333333333333333,0,0
1.6224229276427444,0.7524864323929359,0.717391304347826,0.8022079116835329,2.0,1,1.3333333333333333,0,0
1.0396540783046295,0.3514369789912,0.5652173913043478,0.36430542778288894,1.0,0,1.3333333333333333,1,0
-0.006360590900370407,-0.2842511755413201,-0.08695652173913043,-0.2989880404783808,0.0,0,-0.3333333333333333,1,0
-0.4028423429406296,-0.7492302348668977,-0.6086956521739131,-0.747930082796688,0.0,0,-0.3333333333333333,0,1
-0.3969097268340196,-0.3786481931363621,-0.6086956521739131,-0.37810487580496777,0.0,0,-0.3333333333333333,0,0
1.3710984194448133,0.5906024340966274,0.6521739130434783,0.5657773689052439,0.0,1,0.3333333333333333,1,1
0.045483390150676685,-0.85067649263696,0.7608695652173914,-0.8454461821527139,2.0,0,-0.6666666666666666,0,0
0.6037986452384115,0.4650712439130726,0.15217391304347827,0.4535418583256671,0.0,1,0.0,0,0
-0.36695149127079,-0.3669714787203086,-0.5652173913043478,-0.36246550137994477,0.0,0,-0.6666666666666666,0,1
0.8359233187231593,-0.019309648634744037,0.6956521739130435,-0.008279668813247262,2.0,0,0.3333333333333333,0,0
-0.10944348519059635,-0.5708530580637667,-0.06521739130434782,-0.5593376264949401,1.0,0,0.0,0,0
-0.3952568586650138,-0.275401455141785,-0.6086956521739131,-0.27506899724011036,0.0,0,-0.3333333333333333,1,1
-0.38486740160269184,0.37357804082412804,-0.6086956521739131,0.3725850965961362,0.0,1,0.0,1,1
1.6764362981656116,0.6212834500464117,0.8478260869565217,0.6053357865685375,2.0,1,1.0,0,0
-0.36546095836838305,0.14449934089866018,-0.5869565217391305,0.3035878564857406,0.0,1,-0.3333333333333333,0,1
1.610129720635764,0.4571971437311946,0.9347826086956522,0.439742410303588,2.0,1,0.6666666666666666,0,0
0.5516595091571849,-0.4493316993791283,0.9130434782608695,-0.42870285188592455,2.0,0,0.3333333333333333,1,0
-0.041823467776449595,-0.8915664725063516,0.6086956521739131,-0.9162833486660534,2.0,0,-0.6666666666666666,0,0
-0.39167072504833167,-0.9854532403232403,-0.5434782608695652,-0.9328426862925483,0.0,0,-0.6666666666666666,0,0
-0.3908885642183557,-0.0025350761561169005,-0.6086956521739131,-0.0027598896044156666,0.0,1,-0.6666666666666666,1,0
1.2855329761957468,0.1755860323484164,0.9347826086956522,0.19595216191352358,2.0,0,1.0,0,0
0.04580806068387422,0.06379392941778021,-0.17391304347826086,0.10211591536338568,1.0,0,0.3333333333333333,0,0
0.12278449255471437,-0.8266523046181129,0.9130434782608695,-0.8399264029438822,2.0,0,-0.6666666666666666,0,0
0.45994008352887356,0.580484758067571,0.0,0.5280588776448943,0.0,1,0.3333333333333333,0,1
1.7924764982807222,0.6985353917871326,0.8695652173913043,0.7341306347746092,2.0,1,1.0,0,0
1.2071398001800444,0.2831219143445042,0.7608695652173914,0.2695492180312789,2.0,0,1.0,0,0
-0.3245672289369992,-0.9569912489341104,-0.2826086956521739,-0.9310027598896045,0.0,0,-0.6666666666666666,0,0
-0.3828308318944526,-0.8474068205492411,-0.5434782608695652,-0.8546458141674333,1.0,0,-0.6666666666666666,1,0
1.3346615309691416,0.8009067872800485,0.5,0.752529898804048,1.0,1,1.0,0,1
-0.37815262466610594,-0.2518943853305197,-0.5869565217391305,-0.2805887764489419,0.0,0,0.0,0,1
-0.4057201044848807,-0.928990180482456,-0.6086956521739131,-0.9273229070837166,0.0,0,-0.6666666666666666,0,0
-0.2708785289473296,-0.8084332255026769,-0.2391304347826087,-0.8316467341306348,0.0,0,-0.6666666666666666,0,0
-0.3816059385192072,-0.3597503526998546,-0.5869565217391305,-0.29806807727690887,0.0,0,-0.3333333333333333,0,0
-0.07783238145836102,-0.19947046596814166,-0.21739130434782608,-0.19411223551057954,0.0,0,0.0,0,0
0.6309529080149349,0.3312883613107245,0.2391304347826087,0.24839006439742412,0.0,1,-0.3333333333333333,0,0
1.6224376853942533,0.6283008169073399,0.8043478260869565,0.6356945722171116,1.0,1,0.6666666666666666,1,0
0.051991558566136895,0.08218694949419494,-0.17391304347826086,0.09107635694572223,0.0,1,-0.6666666666666666,0,0
-0.25784743436490015,-0.09621766319807128,-0.45652173913043476,-0.06807727690892344,0.0,0,0.3333333333333333,1,0
1.9068047992207906,0.7145841940666339,0.9347826086956522,0.72033118675253,2.0,1,1.3333333333333333,0,0
0.6454597777482625,0.07881782230836003,0.41304347826086957,0.06439742410303588,1.0,0,0.6666666666666666,0,0
0.0157465208600818,-0.9099253389816457,0.8695652173913043,-0.939282428702852,2.0,0,-0.6666666666666666,0,0
2.11112586886262,0.8918474737708649,0.9347826086956522,0.880404783808648,2.0,1,1.3333333333333333,1,0
-0.19677985862074054,-0.33828451304026785,-0.32608695652173914,-0.34774609015639363,1.0,0,-0.3333333333333333,0,0
-0.3060610085447381,-0.19796640164585214,-0.5,-0.20055197792088303,0.0,0,0.0,1,0
-0.3645754932778442,-0.9295663341543007,-0.45652173913043476,-0.9356025758969642,2.0,0,-0.6666666666666666,0,0
-0.32871415711102253,-0.9922179622585467,-0.2608695652173913,-0.9346826126954922,1.0,0,-0.6666666666666666,0,0
1.3797612195805848,0.42470503127336584,0.782608695652174,0.42686292548298077,1.0,1,0.3333333333333333,1,0
0.5548324257316155,-0.23770281067665977,0.6086956521739131,-0.20331186752529895,1.0,0,0.3333333333333333,0,0
-0.010492761322884833,0.6305603062721689,-0.34782608695652173,0.5869365225390986,0.0,1,0.3333333333333333,0,1
0.11314768081935041,0.42840361128177495,-0.21739130434782608,0.47010119595216215,0.0,1,0.3333333333333333,0,1
1.3916854827998406,0.7146774760896943,0.5869565217391305,0.7258509659613617,1.0,1,1.0,0,0
-0.08032644146337861,0.18130732976279848,-0.32608695652173914,0.1425942962281509,0.0,1,-0.3333333333333333,1,0
0.18487035315299366,-0.5802842504767328,0.5,-0.5602575896964122,0.0,0,0.0,1,0
0.708637711958206,-0.09031705490366147,0.6304347826086957,-0.10027598896044139,2.0,0,0.6666666666666666,0,0
0.9179321438585618,0.47021494775788225,0.391304347826087,0.454461821527139,0.0,1,0.3333333333333333,1,1
0.6447956789303584,-0.3119038000111363,0.8260869565217391,-0.311867525298988,0.0,0,0.6666666666666666,0,0
-0.39693924233703753,-0.838649284737201,-0.5869565217391305,-0.8362465501379945,0.0,0,-0.6666666666666666,0,0
-0.32999808149230386,-0.4471720698410962,-0.5,-0.4719411223551057,0.0,0,-0.6666666666666666,0,0
2.001549563908443,0.8262692841489424,0.9130434782608695,0.8031278748850048,2.0,1,1.3333333333333333,0,0
-0.14881716621655525,-0.9399521303432933,0.3695652173913043,-0.9218031278748849,2.0,0,-0.6666666666666666,0,0
-0.3349271704963032,-0.33882445133845374,-0.5217391304347826,-0.3035878564857405,0.0,0,0.0,0,1
1.237953985330795,0.2411074127042205,0.8260869565217391,0.24839006439742412,0.0,1,0.0,0,0
-0.39667360280987596,-0.9858373427711369,-0.5652173913043478,-0.9227230910763569,0.0,0,-0.6666666666666666,0,0
-0.39448945558654686,-0.9403596129401922,-0.5652173913043478,-0.9273229070837166,0.0,0,-0.6666666666666666,0,0
1.2319180649636223,0.677485806868262,0.5,0.6228150873965044,0.0,1,0.6666666666666666,1,1
0.2388099349183159,-0.3294611310943027,0.2826086956521739,-0.3698252069917203,0.0,0,-0.6666666666666666,1,1
-0.13447263174982657,-0.9505798108738222,0.45652173913043476,-0.9199632014719411,1.0,0,-0.6666666666666666,0,0
0.18581484924956834,0.32572221583751126,-0.13043478260869565,0.361545538178473,0.0,1,0.3333333333333333,1,0
0.6580186242824043,-0.299575831295366,0.8260869565217391,-0.29714811407543684,2.0,0,1.0,0,0
0.2876285769100221,0.4503124914550978,-0.08695652173913043,0.5363385464581418,0.0,1,0.6666666666666666,1,1
0.7329880019480232,0.5364611158059576,0.21739130434782608,0.5289788408463661,1.0,1,0.6666666666666666,0,0
0.9395817653222355,-0.07358400895310993,0.8695652173913043,-0.06347746090156374,2.0,0,0.3333333333333333,0,0
-0.40397868980682106,-0.8202123672381694,-0.6086956521739131,-0.8187672493100275,1.0,0,-0.6666666666666666,0,0
0.435929221823763,0.3576185841140289,0.06521739130434782,0.38086476540938374,0.0,1,0.0,1,0
-0.21310193178967254,0.08094318918672061,-0.43478260869565216,0.011959521619135341,0.0,1,-0.6666666666666666,1,1
0.0528770236566757,0.5165793821759922,-0.2826086956521739,0.4204231830726773,0.0,1,0.3333333333333333,0,1
-0.036599223742270634,-0.9063895924482265,0.6739130434782609,-0.9089236430542778,2.0,0,-0.6666666666666666,0,0
1.8644648101415269,0.6778511966327994,0.9347826086956522,0.7148114075436984,2.0,1,1.0,0,0
-0.37440415578282493,-0.8320119944375497,-0.5217391304347826,-0.9383624655013799,0.0,0,-0.6666666666666666,0,1
0.2358583846165199,0.2587373181715062,-0.06521739130434782,0.2842686292548299,0.0,1,0.0,0,0
-0.3925561901388705,-0.9001056764006398,-0.5652173913043478,-0.9291628334866605,0.0,0,-0.6666666666666666,0,1
-0.40239961039536015,-1.0091907716032436,-0.5869565217391305,-0.9328426862925483,0.0,0,-0.6666666666666666,1,0
-0.400318767432594,-0.944200637419157,-0.5869565217391305,-0.9172033118675252,1.0,0,-0.6666666666666666,0,0
0.5766001092073612,0.41787785648152365,0.15217391304347827,0.35510579576816953,1.0,0,1.0,0,0
-0.2541137232331282,0.10861319790947367,-0.4782608695652174,0.0735970561177553,0.0,1,-0.3333333333333333,0,0
0.4465695606617377,-0.40336902668298025,0.6739130434782609,-0.38454461821527125,2.0,0,0.3333333333333333,0,0
0.06677882557813491,0.27595941448715006,-0.21739130434782608,0.344986200551978,0.0,1,0.0,1,0
0.6156343619486137,0.12912500025085652,0.34782608695652173,0.08831646734130656,2.0,0,0.6666666666666666,0,0
-0.3248771417186877,0.05761536718447382,-0.5434782608695652,0.005519779208831856,0.0,1,-0.6666666666666666,1,0
0.5457121352990658,0.6322004141936088,0.043478260869565216,0.6228150873965044,0.0,1,0.6666666666666666,1,1
0.809506943522085,0.3261127851351319,0.391304347826087,0.3624655013799449,0.0,1,0.3333333333333333,1,0
-0.3882174111952303,0.16431902721011923,-0.6086956521739131,0.16375344986200563,0.0,1,-0.3333333333333333,1,1
-0.3983559864818996,-0.46898908888161706,-0.6086956521739131,-0.468261269549218,0.0,0,-0.6666666666666666,0,1
-0.4058824397514795,-0.9391304851069234,-0.6086956521739131,-0.937442502299908,0.0,0,-0.6666666666666666,0,0
1.1670725048331636,0.37459363373721033,0.6521739130434783,0.3385464581416745,0.0,1,0.0,0,0
-0.2169094316789894,-0.08061542176451582,-0.41304347826086957,-0.004599816007359706,0.0,1,-0.6666666666666666,1,1
0.52713212614926,0.37858234700243665,0.13043478260869565,0.3799448022079118,0.0,1,0.0,0,0
-0.3766325762606809,-0.750613003679325,-0.5434782608695652,-0.7488500459981601,0.0,0,-0.3333333333333333,1,1
0.4808960906716253,0.44539559601957474,0.06521739130434782,0.376264949402024,1.0,1,0.3333333333333333,1,0
0.5818391109930491,0.14635375178664423,0.30434782608695654,0.1379944802207912,0.0,1,-0.3333333333333333,1,1
-0.35396466994288756,-0.39662418769791785,-0.5434782608695652,-0.29530818767249306,0.0,0,-0.3333333333333333,1,1
-0.10727409571877632,-0.9447639876760721,0.5434782608695652,-0.9457221711131554,2.0,0,-0.6666666666666666,0,0
-0.11714703147828397,0.37533792840358104,-0.391304347826087,0.45630174793008305,0.0,1,0.0,0,1
1.4985906347308926,0.5110867171710725,0.8043478260869565,0.5896964121435145,2.0,1,0.3333333333333333,0,0
1.4305574002744943,0.5896073323394211,0.6956521739130435,0.5436982520699175,1.0,1,0.3333333333333333,1,0
1.507297708121191,0.36798294849976937,0.9347826086956522,0.3376264949402026,2.0,0,1.3333333333333333,0,0
0.2722952730921917,-0.32589346783799666,0.32608695652173914,-0.29530818767249306,1.0,0,0.6666666666666666,1,0
0.24881569044140445,-0.29062315410135126,0.2608695652173913,-0.2695492180312786,0.0,0,-0.3333333333333333,0,0
1.1324360620415874,0.6321742456655458,0.45652173913043476,0.6182152713891447,1.0,1,0.6666666666666666,1,0
1.1455704608845798,0.7727569184201832,0.391304347826087,0.7451701931922724,1.0,1,1.0,0,1
-0.3627602898422396,-0.9153929538269202,-0.45652173913043476,-0.9236430542778289,2.0,0,-0.6666666666666666,0,0
-0.3057953690175765,-0.9296047443990904,-0.2391304347826087,-0.9254829806807728,0.0,0,-0.6666666666666666,0,0
1.5408125617980843,0.39705950380553356,0.9347826086956522,0.3974241030358788,2.0,0,1.3333333333333333,0,0
-0.38784846740750584,0.18736517408390876,-0.6086956521739131,0.18675252989880417,0.0,1,-0.3333333333333333,1,1
0.30318324700048704,-0.2337208523671885,0.2826086956521739,-0.27046918123275066,0.0,0,-0.3333333333333333,1,0
-0.02950074526645122,0.029217392869992972,-0.2391304347826087,0.08003679852805905,0.0,1,-0.3333333333333333,1,0
-0.02817254763064301,0.5456086633343232,-0.34782608695652173,0.6218951241950325,1.0,1,0.6666666666666666,0,0
1.2806334026947654,0.25769659171992054,0.8478260869565217,0.24471021159153658,1.0,1,0.0,0,0
-0.32142382786558643,0.11154335086914127,-0.5434782608695652,0.034038638454461985,0.0,1,-0.6666666666666666,0,1
1.7816147931701127,0.6887023691209825,0.8695652173913043,0.7304507819687214,2.0,1,1.0,0,0
-0.14582134266023228,-0.3201923194188442,-0.2608695652173913,-0.3468261269549217,0.0,0,-0.3333333333333333,0,1
-0.2254836853057068,-0.8317538775925631,-0.08695652173913043,-0.8252069917203312,2.0,0,-0.6666666666666666,0,0
0.7267307153082156,0.356834747141868,0.30434782608695654,0.35326586936522547,0.0,1,0.0,0,1
-0.05073714968787352,-0.9147406306865943,0.6521739130434783,-0.9356025758969642,2.0,0,-0.6666666666666666,0,0
-0.300984342025649,0.08522465113927372,-0.5217391304347826,0.19043238270469198,0.0,1,0.0,1,0
0.06801847670488927,0.12985955045597677,-0.17391304347826086,0.1315547378104877,1.0,0,0.6666666666666666,0,1
1.7237791650064198,0.6363441954407616,0.8695652173913043,0.6393744250229991,1.0,1,1.0,0,0
-0.31366125057186284,-0.8261689098147795,-0.34782608695652173,-0.8316467341306348,0.0,0,-0.6666666666666666,0,0
0.7570136214046429,0.44124591778783595,0.2826086956521739,0.4581416743330268,0.0,1,0.3333333333333333,0,1
1.0902584082289222,0.5073166039132575,0.5,0.46550137994480245,0.0,1,0.3333333333333333,0,0
0.7599799294579479,0.2941389745565614,0.3695652173913043,0.2695492180312789,0.0,1,0.0,1,1
1.023095881111554,0.1723587322178937,0.6956521739130435,0.19227230910763576,2.0,0,1.0,0,0
-0.17901152580392854,-0.7957993454463483,0.0,-0.8371665133394663,1.0,0,-0.6666666666666666,0,0
-0.03783887486902497,-0.3629030655921891,-0.08695652173913043,-0.2870285188592456,1.0,0,0.0,0,0
-0.2726051858738803,0.43976657464565166,-0.5217391304347826,0.283348666053358,0.0,1,0.0,1,1
-0.20848275556736176,-0.450920909732566,-0.30434782608695654,-0.3606255749770009,1.0,0,0.3333333333333333,1,0
-0.2971768421363321,-0.9205965312000022,-0.21739130434782608,-0.9236430542778289,2.0,0,-0.6666666666666666,0,0
-0.16212865807765528,-0.9426293092232169,0.32608695652173914,-0.9254829806807728,2.0,0,-0.6666666666666666,0,0
-0.24614453741827896,0.42581597373805113,-0.5,0.5133394664213433,0.0,1,0.3333333333333333,1,1
0.836971119080297,0.047896250761492815,0.6304347826086957,0.02299908003679853,2.0,0,0.6666666666666666,0,0
1.0591638257995013,0.18500108546911365,0.717391304347826,0.20423183072677112,1.0,1,0.0,0,0
0.8024084650462655,-0.21346658157182383,0.8913043478260869,-0.21987120515179387,1.0,0,1.0,0,0
-0.404022963061348,-0.8229779048630241,-0.6086956521739131,-0.8215271389144434,0.0,0,-0.6666666666666666,0,1
-0.2578326766133912,-0.3362432828885893,-0.41304347826086957,-0.30634774609015625,2.0,0,1.0,0,0
-0.27233954634671864,-0.9622120875912878,-0.06521739130434782,-0.9337626494940202,1.0,0,-0.6666666666666666,0,0
1.3525036525434984,0.37282380329007664,0.8043478260869565,0.3505059797608098,0.0,1,0.0,0,0
-0.2619943625389236,0.03828952687745301,-0.4782608695652174,-0.02483900643974231,0.0,1,-0.6666666666666666,1,1
0.8574843936777793,0.257588139264044,0.4782608695652174,0.2548298068077279,1.0,1,0.0,0,0
1.8163988134767788,0.6361504742061702,0.9347826086956522,0.6577736890524379,2.0,1,1.0,0,0
0.07679933885273242,-0.8274453117954818,0.782608695652174,-0.8206071757129715,2.0,0,-0.6666666666666666,0,0
-0.3878927406620328,-0.5561035240645414,-0.5869565217391305,-0.44710211591536336,0.0,0,-0.6666666666666666,0,1
0.931789672525494,-0.0980119703475307,0.8913043478260869,-0.0993560257589695,1.0,0,0.3333333333333333,0,0
1.4264695031065067,0.2978586449287997,0.9347826086956522,0.2778288868445264,2.0,0,1.0,0,0
-0.4056905889818628,-0.9271464887325529,-0.6086956521739131,-0.9254829806807728,0.0,0,-0.6666666666666666,0,0
-0.3890586030312422,0.11177381233787921,-0.6086956521739131,0.11131554737810509,0.0,1,-0.3333333333333333,0,1
-0.2598987618246484,0.5985084343123139,-0.5217391304347826,0.5547378104875806,0.0,1,0.3333333333333333,1,1
-0.39463703310163667,-0.9434324325233641,-0.5652173913043478,-0.9135234590616375,0.0,0,-0.6666666666666666,0,0
0.023553371408332215,-0.8281434205416323,0.6304347826086957,-0.828886844526219,2.0,0,-0.6666666666666666,0,0
-0.1518129897728782,-0.5591623762859717,-0.15217391304347827,-0.5574977000919963,0.0,0,0.0,0,1
0.5536222901078792,0.5302639048424135,0.08695652173913043,0.5565777368905245,0.0,1,0.3333333333333333,0,0
-0.3909623529759006,-0.007144305530874806,-0.6086956521739131,-0.007359705611775373,0.0,1,-0.6666666666666666,1,1
0.745148389191423,0.04128674534389625,0.5434782608695652,0.06715731370745182,0.0,1,-0.6666666666666666,0,0
1.7388025560425613,0.568830118504845,0.9347826086956522,0.5344986200551981,2.0,1,0.3333333333333333,1,0
-0.38407048302120694,0.4233577180715135,-0.6086956521739131,0.42226310947562107,0.0,1,0.0,1,1
-0.3617124894851021,-0.25788638351770493,-0.5652173913043478,-0.390064397424103,0.0,0,-0.3333333333333333,1,1
1.848777320287481,0.6642411665623337,0.9347826086956522,0.6826126954921805,2.0,1,1.0,0,0
1.3473089240123375,0.22918112724490702,0.9347826086956522,0.2437902483900644,2.0,0,1.0,0,0
1.1514440459851536,0.5112745005900439,0.5434782608695652,0.5280588776448943,0.0,1,0.3333333333333333,0,0
0.9736131403019436,0.169771979928053,0.6521739130434783,0.17939282428702855,1.0,0,0.6666666666666666,1,0
0.6252416581809597,-0.09741691639650377,0.5434782608695652,-0.09291628334866602,2.0,0,0.3333333333333333,0,0
1.1324065465385693,0.3106466957607669,0.6739130434782609,0.35326586936522547,2.0,1,0.0,1,0
0.6519679461637224,-0.18953151189004525,0.6739130434782609,-0.17571297148114073,2.0,0,1.0,0,0
-0.3474269860244093,0.039562552133338605,-0.5652173913043478,0.07635694572217122,0.0,1,-0.6666666666666666,1,0
1.617685689408362,0.5402985433389222,0.8695652173913043,0.5298988040478384,2.0,1,0.3333333333333333,0,0
-0.4059267130060064,-0.9418960227317782,-0.6086956521739131,-0.9402023919043239,0.0,0,-0.6666666666666666,1,0
0.18500317291657442,-0.5514574208547854,0.45652173913043476,-0.5685372585096595,0.0,0,0.0,0,0
0.34544944732220595,-0.45234647853204485,0.5869565217391305,-0.4691812327506899,0.0,0,0.0,0,0
1.2447277932734169,0.427582844998375,0.6739130434782609,0.4940202391904326,2.0,1,0.6666666666666666,1,0
1.8345508478328243,0.7366249945333206,0.8695652173913043,0.7396504139834408,1.0,1,1.0,0,0
-0.40126326352916875,-0.6505927262470785,-0.6086956521739131,-0.6494940202391905,0.0,0,-0.3333333333333333,0,1
-0.3900621301338528,0.04908829284117159,-0.6086956521739131,0.04875804967801299,0.0,1,-0.3333333333333333,1,1
-0.398105104706247,-1.0156436927279047,-0.5652173913043478,-0.9282428702851886,0.0,0,-0.6666666666666666,0,0
0.929561252047638,0.09946716990727553,0.6739130434782609,0.1214351425942964,2.0,0,0.6666666666666666,0,0
-0.2786706217440711,-0.6580384044678413,-0.34782608695652173,-0.6430542778288868,2.0,0,0.0,0,0
-0.028689068933457313,-0.9110141859209002,0.717391304347826,-0.9181232750689972,2.0,0,-0.6666666666666666,0,0
0.8996915629934623,0.5234292091634796,0.34782608695652173,0.48574057037718504,1.0,1,0.3333333333333333,0,0
0.008441433863136654,-0.2472667190382627,-0.08695652173913043,-0.29714811407543684,1.0,0,0.6666666666666666,1,0
0.8806835790498961,0.5378132638637975,0.32608695652173914,0.5473781048758051,2.0,1,0.6666666666666666,0,0
-0.3897079440976373,-0.6127970453740637,-0.5869565217391305,-0.4618215271389144,0.0,0,-0.6666666666666666,0,0
0.3901211611398888,0.22077510337003275,0.08695652173913043,0.24839006439742412,0.0,1,0.0,0,1
-0.3909180797213737,-0.00437876790602022,-0.6086956521739131,-0.004599816007359706,0.0,1,-0.6666666666666666,1,1
-0.2785968329865262,-0.9191431904545642,-0.15217391304347827,-0.9107635694572217,1.0,0,-0.6666666666666666,0,0
-0.06455040510027894,-0.6774052719813846,0.13043478260869565,-0.6789328426862925,0.0,0,0.0,0,0
-0.24667581647260226,-0.9415463570550724,0.0,-0.9227230910763569,2.0,0,-0.6666666666666666,0,0
0.2436652351647703,0.21918592798964473,-0.043478260869565216,0.28610855565777393,1.0,1,0.0,1,0
0.5574002744941782,-0.17589331430673372,0.5434782608695652,-0.1720331186752529,1.0,0,0.3333333333333333,1,0
-0.36959312879089745,0.015440918405438826,-0.5869565217391305,0.005519779208831856,0.0,1,-0.6666666666666666,1,1
1.0462360354776346,0.3008169076415463,0.6086956521739131,0.30450781968721274,1.0,1,-0.3333333333333333,1,0
0.8391109930490991,-0.03670284745674174,0.717391304347826,-0.017479300827966674,2.0,0,0.6666666666666666,0,0
-0.3124511149481265,-0.883881189001492,-0.30434782608695654,-0.9199632014719411,1.0,0,-0.6666666666666666,0,0
-0.40180930033500095,-0.9907538541042119,-0.5869565217391305,-0.9199632014719411,0.0,0,-0.6666666666666666,0,1
1.7101134871091042,0.5965330502945605,0.8913043478260869,0.6246550137994481,2.0,1,0.6666666666666666,0,0
-0.13822110063310752,-0.48360693061299215,-0.17391304347826086,-0.46734130634774596,0.0,0,-0.6666666666666666,1,0
-0.08122666430542645,-0.3995300062167871,-0.13043478260869565,-0.38454461821527125,1.0,0,-0.3333333333333333,1,0
-0.37719337081802223,-0.9385159211902889,-0.5,-0.9153633854645814,1.0,0,-0.6666666666666666,0,0
-0.39130178126060716,-0.979691703604793,-0.5434782608695652,-0.9346826126954922,2.0,0,-0.6666666666666666,0,0
-0.32678089166334623,0.46945001181909257,-0.5652173913043478,0.5271389144434224,0.0,1,0.6666666666666666,0,1
0.27951181358008304,0.5801917575795805,-0.13043478260869565,0.4259429622815089,0.0,1,0.0,1,0
-0.009356414456693392,-0.3303931071437044,-0.06521739130434782,-0.29070837166513336,1.0,0,0.6666666666666666,0,0
-0.36332108439958094,-0.9197717217329402,-0.45652173913043476,-0.9254829806807728,0.0,0,-0.6666666666666666,0,0
0.2537300216938947,0.30167406257790463,-0.06521739130434782,0.2502299908003682,0.0,1,-0.3333333333333333,1,1
-0.3687666947063945,0.0412526029040832,-0.5869565217391305,0.16743330266789347,0.0,1,-0.3333333333333333,1,0
1.8765218931243637,0.8364547411990698,0.8260869565217391,0.8436062557497702,2.0,1,1.3333333333333333,0,1
1.5320907306562774,0.41324338093648155,0.9130434782608695,0.4296228150873967,2.0,1,0.0,0,1
1.0010330426056286,0.19880231273585058,0.6521739130434783,0.17479300827966884,1.0,0,1.0,0,0
0.7204734286684081,0.5164168772941898,0.21739130434782608,0.5455381784728612,1.0,1,0.3333333333333333,1,0
-0.2944319003556618,-0.9482611490112057,-0.17391304347826086,-0.9337626494940202,2.0,0,-0.6666666666666666,0,0
-0.4057938932424256,-0.9335994098572139,-0.6086956521739131,-0.9319227230910763,0.0,0,-0.6666666666666666,0,1
-0.10841044258496775,-0.9022374449864653,0.41304347826086957,-0.9227230910763569,2.0,0,-0.6666666666666666,0,0
0.054766015849825114,-0.35705915748427025,0.043478260869565216,-0.36706531738730447,1.0,0,0.6666666666666666,0,0
1.7202225468927554,0.7839002820701546,0.7608695652173914,0.7911683532658694,1.0,1,1.3333333333333333,1,0
0.7010374699310813,0.21409870445750467,0.3695652173913043,0.17755289788408476,0.0,1,-0.3333333333333333,0,0
0.8380631926919614,0.20436613935465037,0.5,0.19503219871205169,2.0,0,0.6666666666666666,0,0
0.08432579212231227,-0.834439063278467,0.8260869565217391,-0.8362465501379945,2.0,0,-0.6666666666666666,0,0
0.6879916175971429,-0.2716315182800427,0.8260869565217391,-0.28426862925482976,0.0,0,-0.3333333333333333,1,0
-0.28951756910317145,0.22847950010674908,-0.5217391304347826,0.09567617295308194,0.0,1,-0.6666666666666666,1,1
1.8633579787783534,0.7046894986130748,0.9130434782608695,0.7157313707451703,2.0,1,1.0,1,0
-0.2008234825342011,0.1661627189600223,-0.43478260869565216,0.13431462741490363,0.0,1,-0.3333333333333333,0,1
0.32545269402753796,0.4739883299727003,-0.06521739130434782,0.4535418583256671,0.0,1,0.3333333333333333,1,1
2.0409970336919465,0.860974833779162,0.9130434782608695,0.845446182152714,1.0,1,1.3333333333333333,0,0
-0.23405793893242427,-0.9502214432899346,0.06521739130434782,-0.9282428702851886,0.0,0,-0.6666666666666666,0,0
-0.3705081093844542,-0.013136303718060136,-0.5869565217391305,0.0,0.0,1,-0.6666666666666666,1,0
0.14571803839966946,-0.806475565326919,0.9130434782608695,-0.8233670653173872,2.0,0,-0.6666666666666666,0,0
0.40712209087823387,-0.4444372604120732,0.6739130434782609,-0.4765409383624654,1.0,0,0.3333333333333333,1,0
1.1851064771771374,0.5166317597825235,0.5652173913043478,0.5482980680772772,1.0,1,0.3333333333333333,1,0
1.2540694499786011,0.6299877638199196,0.5434782608695652,0.644894204231831,1.0,1,1.0,0,1
-0.3532562978704565,0.5256826101911389,-0.5869565217391305,0.46918123275069,0.0,1,0.3333333333333333,1,1
-0.2931627337258895,-0.06368418586123838,-0.5,0.06439742410303588,0.0,1,-0.6666666666666666,0,0
0.544221602396659,-0.052929317320136685,0.41304347826086957,-0.004599816007359706,2.0,0,0.6666666666666666,0,0
0.05268517288705893,-0.8364544136063641,0.7391304347826086,-0.8298068077276909,2.0,0,-0.6666666666666666,0,0
-0.38824692669824823,0.16247533546021617,-0.6086956521739131,0.16191352345906188,0.0,1,-0.3333333333333333,1,1
-0.3420108912206137,-0.9345212557321654,-0.3695652173913043,-0.907083716651334,0.0,0,-0.6666666666666666,0,0
-0.008795619899352122,-0.8308477372399256,0.5434782608695652,-0.8353265869365225,0.0,0,-0.6666666666666666,0,0
0.1743185608240729,-0.07680512548138267,0.021739130434782608,-0.10763569457221701,1.0,0,0.3333333333333333,1,0
-0.21803102079367187,-0.8937449398634739,0.021739130434782608,-0.9328426862925483,0.0,0,-0.6666666666666666,0,1
-0.3221321999380175,0.10048120036972213,-0.5434782608695652,0.15915363385464593,0.0,1,-0.3333333333333333,1,1
0.8679476394976461,0.7013864339569104,0.2391304347826087,0.6550137994480223,1.0,1,0.6666666666666666,0,0
-0.22049556529567155,0.029627102147749294,-0.43478260869565216,0.10119595216191353,0.0,1,-0.3333333333333333,1,0
0.0530983899293104,0.41072300696188324,-0.2608695652173913,0.3955841766329347,0.0,1,0.3333333333333333,1,1
0.39968418411770784,-0.4794267631431657,0.717391304347826,-0.4921803127874884,2.0,0,0.3333333333333333,0,0
0.3214533433686044,0.3385808206429307,-0.021739130434782608,0.3845446182152715,1.0,1,0.3333333333333333,0,0
1.4677026608225971,0.3802153311237794,0.8913043478260869,0.3569457221711133,2.0,0,1.3333333333333333,0,0
1.0358908516698395,0.6688092023412301,0.3695652173913043,0.6264949402023922,2.0,1,1.0,0,0
0.19196883162881306,0.34243568235293786,-0.13043478260869565,0.36430542778288894,0.0,1,0.0,0,0
0.11813580082938564,-0.5927518010293719,0.391304347826087,-0.5528978840846366,1.0,0,0.3333333333333333,1,0
1.7055828573958471,0.6480576500909614,0.8478260869565217,0.6421343146274151,2.0,1,1.0,0,0
1.4896031640619234,0.6825193217162345,0.6739130434782609,0.6559337626494942,1.0,1,0.6666666666666666,1,1
1.6660025678487627,0.640184123196319,0.8260869565217391,0.6191352345906166,2.0,1,0.6666666666666666,1,0
-0.13965260252947861,-0.0833941286161556,-0.32608695652173914,-0.012879484820606968,0.0,0,0.3333333333333333,1,0
0.7744277681852394,0.002947480889647634,0.6086956521739131,0.07267709291628341,0.0,1,-0.6666666666666666,1,0
1.196573250099615,0.5296549278704761,0.5652173913043478,0.5620975160993563,1.0,1,0.3333333333333333,0,0
-0.40563155797582684,-0.9234591052327465,-0.6086956521739131,-0.9218031278748849,0.0,0,-0.6666666666666666,0,0
-0.3968802113310016,-0.37680450138645893,-0.6086956521739131,-0.3762649494020239,0.0,0,-0.3333333333333333,0,1
0.20392261035108689,0.3749006892534063,-0.13043478260869565,0.488500459981601,0.0,1,0.3333333333333333,0,0
-0.0105370345774118,0.6303475726087184,-0.34782608695652173,0.5519779208831648,0.0,1,0.3333333333333333,1,1
1.1040569058898186,0.7175834621172298,0.391304347826087,0.6209751609935603,0.0,1,0.6666666666666666,1,0
-0.19611575980283644,-0.9425752775870057,0.1956521739130435,-0.9245630174793008,1.0,0,-0.6666666666666666,0,0
0.4354422160239666,0.09559299132228165,0.1956521739130435,0.08463661453541875,0.0,1,-0.6666666666666666,0,1
-0.37670636501822585,-0.20672393745789217,-0.5869565217391305,-0.25390984360625574,0.0,0,-0.3333333333333333,0,0
-0.39707206210061835,-0.38878849776082947,-0.6086956521739131,-0.3882244710211591,0.0,0,-0.3333333333333333,0,1
-0.08439958087985716,0.06580443137362692,-0.30434782608695654,-0.03219871205151794,0.0,1,-0.6666666666666666,0,0
0.12428978320863038,-0.009307097775953484,-0.06521739130434782,-0.023919043238270418,0.0,1,-0.6666666666666666,0,0
-0.19602721329378256,-0.912054554836917,0.13043478260869565,-0.9319227230910763,2.0,0,-0.6666666666666666,0,0
-0.3893390003099128,-0.8331182094874915,-0.5652173913043478,-0.9254829806807728,0.0,0,-0.6666666666666666,0,0
1.0851374684553063,0.5730839250811495,0.45652173913043476,0.613615455381785,0.0,1,0.6666666666666666,1,1
0.7733209368220659,0.46549924378358587,0.2826086956521739,0.44250229990800394,0.0,1,0.3333333333333333,1,0
-0.24370950841929723,-0.2480226326557229,-0.41304347826086957,-0.28334866605335773,0.0,0,0.0,0,0
1.3182066380366286,0.4745579446999717,0.6956521739130435,0.4296228150873967,1.0,1,0.6666666666666666,0,0
1.736928321600921,0.676851777126214,0.8478260869565217,0.7341306347746092,2.0,1,1.0,0,0
-0.09728309794719675,0.6666328444712359,-0.41304347826086957,0.5252989880404787,1.0,1,0.6666666666666666,1,0
1.2913180147872672,0.33971084160283005,0.782608695652174,0.3569457221711133,1.0,1,0.3333333333333333,1,1
1.3259249420758255,0.2106289790115063,0.9347826086956522,0.18583256669733228,2.0,0,1.0,0,0
0.8393913903277697,0.12399246038951006,0.5652173913043478,0.16651333946642158,0.0,1,0.0,1,0
-0.40561680022431784,-0.922537259357795,-0.6086956521739131,-0.9208831646734131,0.0,0,-0.6666666666666666,0,1
-0.2881450982128363,-0.19506917175314714,-0.4782608695652174,-0.13891444342226308,0.0,0,0.3333333333333333,0,0
-0.37145260548102893,-0.04263537171651063,-0.5869565217391305,0.08371665133394686,0.0,1,-0.6666666666666666,0,0
-0.2025796549637697,0.15397386794677387,-0.43478260869565216,0.0827966881324747,0.0,1,-0.3333333333333333,1,0
-0.17886394828883873,-0.7583462662969745,-0.043478260869565216,-0.8187672493100275,2.0,0,-0.6666666666666666,0,0
-0.20474904443558978,0.5491238338684794,-0.4782608695652174,0.581416743330267,0.0,1,0.3333333333333333,1,1
0.8808163988134768,-0.035375835451266976,0.7608695652173914,-0.03771849126034954,2.0,0,0.6666666666666666,0,0
0.6045512905653695,-0.3900264050786215,0.8913043478260869,-0.4038638454461821,2.0,0,0.6666666666666666,0,0
-0.3579787783533301,0.378187270198886,-0.5869565217391305,0.4351425942962283,0.0,1,0.0,1,1
1.7051548826020868,0.6766864680656703,0.8260869565217391,0.6384544618215272,2.0,1,1.0,1,0
0.77398503563997,0.34893402776708926,0.34782608695652173,0.34866605335786577,0.0,1,0.0,0,1
-0.24838771564764392,-0.8719893772146164,-0.10869565217391304,-0.8316467341306348,2.0,0,-0.6666666666666666,0,0
-0.38302268266406936,-0.8504028196428337,-0.5434782608695652,-0.9356025758969642,2.0,0,-0.6666666666666666,0,0
0.8052862265905165,0.430774387156351,0.32608695652173914,0.4158233670653176,0.0,1,0.3333333333333333,0,0
0.025899853898260064,-0.9172366455768234,0.9347826086956522,-0.9135234590616375,2.0,0,-0.6666666666666666,0,0
-0.3896784285946194,0.07305628558991265,-0.6086956521739131,0.07267709291628341,0.0,1,-0.3333333333333333,0,1
-0.04538008589011379,-0.9501926356063425,0.8043478260869565,-0.9383624655013799,2.0,0,-0.6666666666666666,0,0
-0.3984297752394445,-0.47359831825637494,-0.6086956521739131,-0.4728610855565777,0.0,0,0.3333333333333333,0,1
-0.08832514278124586,0.2565745259264275,-0.34782608695652173,0.25206991720331196,0.0,1,0.0,1,1
-0.17879015953129382,0.15749736773547746,-0.41304347826086957,0.19043238270469198,0.0,1,-0.3333333333333333,0,1
1.5300836764510561,0.5691653710003935,0.782608695652174,0.62557497700092,0.0,1,0.6666666666666666,1,0
-0.40583816649695253,-0.9363649474820687,-0.6086956521739131,-0.9346826126954922,0.0,0,-0.6666666666666666,0,0
0.4155044937353346,0.06281894455755577,0.1956521739130435,0.0680772769089237,1.0,0,1.0,1,0
-0.15843922020041026,-0.6092299026405554,-0.13043478260869565,-0.5565777368905243,2.0,0,0.3333333333333333,0,0
-0.35718185977184513,-0.9568299259059938,-0.41304347826086957,-0.9245630174793008,1.0,0,-0.6666666666666666,0,0
-0.30400968108498994,0.3834878839798577,-0.5434782608695652,0.5768169273229073,0.0,1,0.3333333333333333,1,1
1.3868596980564043,0.2634942792569934,0.9347826086956522,0.24287028518859252,2.0,0,1.0,0,0
0.13770457933029323,-0.31643676580391544,0.13043478260869565,-0.248390064397424,0.0,0,0.0,1,0
-0.40558728472129985,-0.9206935676078918,-0.6086956521739131,-0.9190432382704692,0.0,0,-0.6666666666666666,0,1
-0.09294431900355658,-0.9536098229014216,0.6304347826086957,-0.9346826126954922,2.0,0,-0.6666666666666666,0,0
1.7947049187585782,0.6720190582263103,0.8913043478260869,0.6586936522539101,1.0,1,1.0,1,0
0.4332875843036556,0.09205116243430997,0.1956521739130435,0.15823367065317404,1.0,0,0.6666666666666666,0,0
0.4943551600478151,-0.35362007763142667,0.6739130434782609,-0.3790248390064397,0.0,0,0.3333333333333333,1,0
0.2819468425790647,0.3694651899974211,-0.06521739130434782,0.40570377184912626,0.0,1,0.3333333333333333,0,0
-0.2731069494251856,-0.21536624253556325,-0.45652173913043476,-0.22355105795768157,1.0,0,0.3333333333333333,0,0
0.8319829990702617,0.597856396986129,0.2608695652173913,0.5933762649494021,1.0,1,0.6666666666666666,1,1
0.562713065037411,0.3937818295834838,0.15217391304347827,0.3974241030358788,0.0,1,0.0,0,0
0.6302740514455217,-0.09159563040838369,0.5434782608695652,-0.0938362465501379,1.0,0,0.3333333333333333,0,0
1.868080459261227,0.7088442969227159,0.9130434782608695,0.6559337626494942,2.0,1,0.6666666666666666,0,1
0.8117796372544678,0.09263293980706624,0.5652173913043478,0.050597976080956765,0.0,1,-0.6666666666666666,1,0
0.8472277563790381,-0.20467539106911084,0.9347826086956522,-0.19503219871205144,2.0,0,0.0,0,0
-0.3659627219196883,-0.34638358751305665,-0.5652173913043478,-0.2805887764489419,0.0,0,0.0,0,1
0.5465976003896047,-0.1883894472782997,0.5434782608695652,-0.19411223551057954,2.0,0,0.0,0,0
2.049231859033958,0.8381499515549357,0.9347826086956522,0.8509659613615457,2.0,1,1.3333333333333333,0,0
1.2800430926344062,0.7352961799108985,0.5,0.7166513339466423,2.0,1,1.0,1,0
1.4114461120703652,0.601151059153842,0.6739130434782609,0.5712971481140757,1.0,1,0.3333333333333333,0,0
0.15077994716724966,-0.39604507939185857,0.21739130434782608,-0.36246550137994477,0.0,0,0.3333333333333333,0,0
-0.1365534747125928,-0.15138245676496562,-0.30434782608695654,-0.26126954921803125,1.0,0,-0.3333333333333333,0,0
1.7574268384468943,0.6668051895695963,0.8695652173913043,0.6651333946642136,2.0,1,0.6666666666666666,0,1
-0.1824943551600478,-0.9639774471782927,0.30434782608695654,-0.9411223551057957,1.0,0,-0.6666666666666666,0,0
1.1359041336461977,0.23756919308325616,0.7391304347826086,0.23275068997240123,1.0,0,1.0,0,0
-0.36979973731202315,0.008987997280777864,-0.5869565217391305,-0.004599816007359706,0.0,1,-0.6666666666666666,1,0
1.8550788801818154,0.6697082247373936,0.9347826086956522,0.6982520699172035,2.0,1,1.3333333333333333,0,0
0.46042708932866994,0.4054393388771422,0.06521739130434782,0.38086476540938374,0.0,1,0.0,0,1
-0.11441684744912266,-0.8327033788437633,0.2391304347826087,-0.8298068077276909,2.0,0,-0.6666666666666666,0,0
0.3381148448222429,-0.48936506149692616,0.6304347826086957,-0.4599816007359705,1.0,0,0.3333333333333333,1,0
0.5025457121352991,-0.44452577596126014,0.8260869565217391,-0.48666053357865685,2.0,0,0.3333333333333333,1,0
0.7121500568173434,0.07958150835182491,0.4782608695652174,0.1315547378104877,0.0,1,-0.3333333333333333,1,1
0.32155664762916725,0.18052567243104212,0.043478260869565216,0.16467341306347752,1.0,0,0.6666666666666666,0,0
1.2960552530216496,0.2491288477056646,0.8695652173913043,0.2677092916283351,0.0,1,0.0,0,0
0.36144684995794046,0.21222620502400927,0.06521739130434782,0.16375344986200563,1.0,1,-0.3333333333333333,1,0
0.038458700432402106,0.041933012954642496,-0.17391304347826086,0.01287948482060723,2.0,0,0.6666666666666666,0,0
0.4120659376337422,-0.30736468807520223,0.5,-0.3054277828886844,1.0,0,0.0,1,0
0.11509570401853576,-0.83985280574061,0.9347826086956522,-0.8482060717571297,2.0,0,-0.6666666666666666,0,0
0.7505497262437094,-0.288550562274775,0.9347826086956522,-0.29714811407543684,2.0,0,0.6666666666666666,1,1
0.260193916854828,-0.4898015322891778,0.5,-0.4802207911683532,1.0,0,0.3333333333333333,0,0
0.18727586664895737,-0.38438162479764637,0.2608695652173913,-0.37350505979760806,1.0,0,-0.3333333333333333,0,0
-0.1747908088723602,-0.9360052027503802,0.2608695652173913,-0.9236430542778289,2.0,0,-0.6666666666666666,0,0
-0.28811558270981835,-0.01113897098899836,-0.5,-0.020239190432382603,0.0,1,-0.6666666666666666,0,1
0.9618216968462685,-0.01633524649307878,0.8260869565217391,-0.018399264029438825,1.0,0,0.6666666666666666,0,0
-0.3301751745104117,-0.9788850884642104,-0.2826086956521739,-0.9383624655013799,0.0,0,-0.6666666666666666,0,0
-0.3102374522217795,-0.9243267248797598,-0.2608695652173913,-0.9420423183072677,2.0,0,-0.6666666666666666,0,0
0.21720458670916898,-0.17455151642208205,0.13043478260869565,-0.1720331186752529,0.0,0,0.3333333333333333,0,0
-0.05996074438098608,-0.9180869689269942,0.6304347826086957,-0.9172033118675252,2.0,0,-0.6666666666666666,0,0
-0.39670311831289384,-0.36574235088703994,-0.6086956521739131,-0.3652253909843606,0.0,0,-0.3333333333333333,1,1
0.3422174997417394,-0.39127039050108375,0.5,-0.37074517019319214,2.0,0,0.6666666666666666,0,0
1.2381458361004116,0.17536800848275316,0.8913043478260869,0.1701931922723091,2.0,0,1.0,0,0
-0.273564439721964,-0.84296740488829,-0.21739130434782608,-0.8362465501379945,2.0,0,-0.6666666666666666,0,0
-0.3896489130916014,0.07489997733981597,-0.6086956521739131,0.07451701931922745,0.0,1,-0.6666666666666666,1,1
0.6971266657812015,0.681974993675787,0.13043478260869565,0.6724931002759892,0.0,1,1.0,1,0
0.5727040628089906,0.6246081956468806,0.06521739130434782,0.5703771849126036,0.0,1,0.3333333333333333,1,0
-0.13991824205664025,-0.2985018282435128,-0.2608695652173913,-0.2759889604415822,0.0,0,0.0,0,0
0.601289827481885,-0.35246501850900597,0.8260869565217391,-0.36430542778288866,1.0,0,-0.3333333333333333,0,0
-0.36723188854946065,-0.9888077350348697,-0.43478260869565216,-0.9356025758969642,0.0,0,-0.6666666666666666,0,0
0.3521642242587919,0.24220013516167369,0.043478260869565216,0.16743330266789347,1.0,0,0.6666666666666666,0,1
-0.30300615398237923,0.3991592638540345,-0.5434782608695652,0.37350505979760834,0.0,1,0.0,1,0
1.1012824486061303,0.33255589938878277,0.6304347826086957,0.3587856485740571,1.0,1,0.3333333333333333,0,0
1.0054603680583227,0.17848472548854208,0.6739130434782609,0.15915363385464593,1.0,0,1.0,0,0
1.424137778368088,0.680266627083882,0.6304347826086957,0.6310947562097519,1.0,1,0.6666666666666666,1,1
-0.40583816649695253,-0.9363649474820687,-0.6086956521739131,-0.9346826126954922,0.0,0,-0.6666666666666666,0,0
-0.24924366523516478,-0.9211715617652741,-0.043478260869565216,-0.9282428702851886,2.0,0,-0.6666666666666666,0,0
1.9089741886926108,0.8994911124840052,0.8043478260869565,0.8445262189512421,1.0,1,1.3333333333333333,1,0
-0.044966868847862315,0.23001590989833523,-0.30434782608695654,0.32014719411223563,0.0,1,0.0,0,0
1.0261064624193859,0.6139836767662884,0.391304347826087,0.5464581416743332,0.0,1,0.3333333333333333,1,1
0.530127949705583,0.13796772561394247,0.2608695652173913,0.20147194112235517,0.0,1,-0.3333333333333333,0,0
0.3754962293944895,-0.4634736381382627,0.6521739130434783,-0.47930082796688134,0.0,0,0.0,1,0
0.6313513673056774,0.006167148903425918,0.45652173913043476,0.0,2.0,1,-0.6666666666666666,0,0
-0.17780139018019214,-0.4377005553612016,-0.2608695652173913,-0.4765409383624654,1.0,0,0.3333333333333333,0,0
-0.3243458626643645,-0.38832757482335367,-0.5,-0.390064397424103,0.0,0,-0.3333333333333333,1,0
0.019126045955638188,-0.7692397129761409,0.4782608695652174,-0.7525298988040477,0.0,0,-0.3333333333333333,0,0
0.886527648647452,0.5461098767383615,0.32608695652173914,0.5556577736890526,0.0,1,0.6666666666666666,1,1
0.8569531146234559,0.3203555514315155,0.43478260869565216,0.27506899724011047,0.0,1,0.0,0,0
-0.36222901078791636,0.2454414642058585,-0.5869565217391305,0.46550137994480245,0.0,1,0.3333333333333333,1,1
0.797612195805847,-0.016565882863007177,0.6521739130434783,-0.02299908003679853,1.0,0,0.3333333333333333,0,0
0.6080341199214888,-0.022963180745044016,0.45652173913043476,0.0,0.0,0,0.3333333333333333,0,0
-0.032039078525995766,-0.8949443811346679,0.6521739130434783,-0.9153633854645814,2.0,0,-0.6666666666666666,0,0
-0.0022284204778559805,0.12386023603168876,-0.2391304347826087,0.06991720331186774,0.0,1,-0.6666666666666666,0,0
-0.17952804710674283,0.15288813836071954,-0.41304347826086957,0.08647654093836253,0.0,1,-0.6666666666666666,1,0
-0.22234028423429406,-0.4523300169985634,-0.32608695652173914,-0.4737810487580496,1.0,0,-0.6666666666666666,1,0
-0.20339133129676362,-0.9251974431683696,0.13043478260869565,-0.8997240110395583,2.0,0,-0.6666666666666666,0,0
-0.3096323844099113,-0.5005623100987087,-0.45652173913043476,-0.4949402023919042,1.0,0,-0.6666666666666666,0,0
-0.3095143223978395,-0.9425105866484125,-0.2391304347826087,-0.9254829806807728,1.0,0,-0.6666666666666666,0,0
1.3037735570608464,0.4890546007597295,0.6739130434782609,0.43790248390064423,1.0,1,0.3333333333333333,0,0
-0.3837458124880093,0.44363832732044844,-0.6086956521739131,0.44250229990800394,0.0,1,0.3333333333333333,1,1
-0.3748764038311123,-0.9143942874623893,-0.5,-0.9346826126954922,2.0,0,-0.6666666666666666,0,0
-0.005593187821903468,0.03802614234175246,-0.21739130434782608,0.10211591536338568,0.0,0,0.6666666666666666,0,0
0.6189400982866251,-0.08221386772504505,0.5217391304347826,-0.1140754369825205,1.0,0,0.3333333333333333,0,0
1.9262260002066085,0.73143348811436,0.9347826086956522,0.721251149954002,2.0,1,1.0,0,0
1.5484275615767182,0.7437606160088513,0.6739130434782609,0.7442502299908005,2.0,1,1.0,0,0
-0.3953749206770857,-0.28277622214139764,-0.6086956521739131,-0.28242870285188587,0.0,0,-0.3333333333333333,0,1
-0.19965762016499167,-0.27837972643009,-0.34782608695652173,-0.31094756209751595,0.0,0,0.0,0,0
-0.31704077566741934,-0.11536901125019051,-0.5217391304347826,-0.007359705611775373,0.0,1,-0.6666666666666666,0,0
-0.38166496952524315,0.5736185956886213,-0.6086956521739131,0.5722171113155476,0.0,1,0.3333333333333333,1,1
-0.017738817313794043,0.5957428966874593,-0.34782608695652173,0.49034038638454475,0.0,1,0.3333333333333333,1,0
0.579713994775756,0.3767920440097702,0.17391304347826086,0.3725850965961362,1.0,0,1.3333333333333333,0,0
0.9945101164386594,0.07559136174602955,0.7608695652173914,0.05887764489420429,0.0,1,-0.3333333333333333,0,0
-0.3082156402650492,-0.005116244605981338,-0.5217391304347826,-0.044158233670653024,0.0,0,0.3333333333333333,0,1
1.2716606897773055,0.4268939792967376,0.6956521739130435,0.4415823367065318,2.0,1,0.3333333333333333,0,0
-0.3910951727394814,-0.01544091840543909,-0.6086956521739131,-0.015639374425022896,0.0,1,-0.6666666666666666,1,1
-0.4060447750180783,-0.9492707897313908,-0.6086956521739131,-0.9475620975160993,0.0,0,-0.6666666666666666,0,1
-0.256489721226074,-0.9241327618336727,-0.06521739130434782,-0.937442502299908,1.0,0,-0.6666666666666666,0,0
-0.3911837192485353,-0.020971993655148524,-0.6086956521739131,-0.02115915363385449,0.0,1,-0.6666666666666666,1,1
-0.26900429450568913,-0.9256484891857566,-0.10869565217391304,-0.9310027598896045,2.0,0,-0.6666666666666666,0,0
-0.13569752512507197,-0.282993127053151,-0.2608695652173913,-0.28978840846366133,1.0,0,0.6666666666666666,1,0
-0.1794690161007069,-0.7390899302424303,-0.06521739130434782,-0.7460901563937443,0.0,0,-0.3333333333333333,0,0
-0.3910508994849545,-0.012675380780584241,-0.6086956521739131,-0.012879484820606968,0.0,1,-0.6666666666666666,1,1
0.7944835524859433,0.5866627148191861,0.2391304347826087,0.579576816927323,0.0,1,0.3333333333333333,1,1
1.1718392585705644,0.6053159115427258,0.5,0.6016559337626496,0.0,1,0.6666666666666666,1,0
-0.3873171883531825,0.22055162558216562,-0.6086956521739131,0.219871205151794,0.0,1,0.0,1,1
-0.40561680022431784,-0.922537259357795,-0.6086956521739131,-0.9208831646734131,0.0,0,-0.6666666666666666,0,0
-0.1842210120865985,-0.6204351969093769,-0.17391304347826086,-0.6485740570377184,2.0,0,0.0,0,0
1.600448635645873,0.5790671175763947,0.8260869565217391,0.6504139834406626,1.0,1,0.6666666666666666,0,0
0.30253390593409196,-0.2829647815249104,0.32608695652173914,-0.2594296228150873,0.0,0,0.0,0,0
0.8099496760673544,-0.20673710668467724,0.8913043478260869,-0.1839926402943881,1.0,0,1.0,1,0
-0.33262496126090224,0.3477663563254839,-0.5652173913043478,0.16375344986200563,0.0,1,-0.3333333333333333,1,1
0.6088753117575005,-0.15850810589122835,0.5869565217391305,-0.19411223551057954,2.0,0,0.3333333333333333,0,0
-0.08245155768067175,0.284797191944176,-0.34782608695652173,0.2621895124195032,0.0,1,-0.3333333333333333,1,1
1.19273623470728,0.43105036295904064,0.6304347826086957,0.4241030358785651,0.0,1,0.3333333333333333,0,1
0.8239990555039035,0.5408711184165318,0.2826086956521739,0.4388224471021161,0.0,1,0.0,1,1
-0.40421481383096475,-0.8349619012373948,-0.6086956521739131,-0.8334866605335787,0.0,0,-0.6666666666666666,1,1
0.9550183734006287,0.5589893024556938,0.3695652173913043,0.5390984360625578,2.0,1,0.6666666666666666,0,0
0.5391596936290788,-0.35410953389360333,0.7391304347826086,-0.36246550137994477,2.0,0,-0.3333333333333333,0,0
-0.20839420905830788,-0.14282325748965752,-0.391304347826087,-0.17387304507819681,0.0,0,0.3333333333333333,1,0
-0.155679520668231,-0.23102994036078223,-0.30434782608695654,-0.19687212511499536,0.0,0,0.0,0,0
0.9892120836469356,-0.08149373602870569,0.9347826086956522,-0.1039558417663292,2.0,0,1.3333333333333333,1,0
-0.20120718407343458,-0.8436081797886646,0.0,-0.8325666973321066,0.0,0,-0.6666666666666666,0,1
-0.3971606086096722,-0.3943195730105389,-0.6086956521739131,-0.3937442502299907,0.0,0,-0.3333333333333333,1,1
-0.3067988961201871,-0.20564845060378192,-0.5,-0.2851885924563016,0.0,0,-0.3333333333333333,1,0
-0.3982379244698278,-0.4616143218820044,-0.6086956521739131,-0.46090156393744247,0.0,0,-0.6666666666666666,1,1
1.289871755139387,0.3902297964700789,0.7391304347826086,0.3863845446182153,1.0,1,0.0,1,0
-0.36222901078791636,0.2454414642058585,-0.5869565217391305,0.2851885924563018,0.0,1,0.0,1,1
-0.28514927465651335,-0.8579568344514648,-0.2391304347826087,-0.8325666973321066,2.0,0,-0.6666666666666666,0,0
0.032703177343899874,-0.6513645041888985,0.30434782608695654,-0.6688132474701012,0.0,0,0.0,0,0
-0.20693319165891882,-0.4444679886079049,-0.30434782608695654,-0.4498620055197792,1.0,0,0.6666666666666666,0,0
-0.13699620725786218,0.41856411952176514,-0.41304347826086957,0.45722171113155496,0.0,1,0.0,1,1
-0.06393057953690173,-0.9019381942611495,0.5652173913043478,-0.9172033118675252,2.0,0,-0.6666666666666666,0,0
1.0847242514130546,0.610718188860142,0.43478260869565216,0.5565777368905245,1.0,1,0.3333333333333333,0,1
-0.3159044288012279,-0.3004449347446363,-0.5,-0.27690892364305425,0.0,0,0.0,0,1
0.018757102167913684,-0.9127656930833082,0.8913043478260869,-0.9199632014719411,2.0,0,-0.6666666666666666,0,0
-0.365446200616874,0.14496026383613608,-0.5869565217391305,0.0827966881324747,0.0,1,-0.6666666666666666,0,1
0.26692345154292296,-0.6240347855639495,0.7391304347826086,-0.6301747930082796,1.0,0,0.0,0,0
0.08414869910420453,-0.05810394549819813,-0.08695652173913043,-0.0837166513339466,0.0,0,0.3333333333333333,0,0
-0.30251914818258285,-0.9182353119413542,-0.2391304347826087,-0.9199632014719411,1.0,0,-0.6666666666666666,0,0
0.47326633314148264,0.677260410486749,-0.021739130434782608,0.6522539098436064,0.0,1,0.6666666666666666,1,0
1.1251309750446423,0.5143769532341856,0.5217391304347826,0.48574057037718504,1.0,1,0.6666666666666666,0,0
0.6586532075972906,0.6133106452186794,0.13043478260869565,0.5887764489420424,1.0,1,0.6666666666666666,0,1
-0.40440666460058144,-0.8469458976117653,-0.6086956521739131,-0.8454461821527139,0.0,0,-0.6666666666666666,0,0
1.9404377149097565,0.802065172728408,0.8913043478260869,0.833486660533579,1.0,1,1.3333333333333333,0,1
-0.36661206298608345,0.10854735177554847,-0.5869565217391305,0.17479300827966884,0.0,1,0.0,1,1
0.1667478342999661,0.09269869384849636,-0.06521739130434782,0.04967801287948488,0.0,0,0.6666666666666666,1,0
0.1943595873732679,-0.18351511190028755,0.10869565217391304,-0.11039558417663295,1.0,0,0.3333333333333333,1,0
-0.2939744100588835,-0.9100680809439762,-0.21739130434782608,-0.9172033118675252,2.0,0,-0.6666666666666666,0,0
-0.07783238145836102,0.09315252566385718,-0.30434782608695654,0.10395584176632947,0.0,1,-0.6666666666666666,0,1
0.5994008352887354,-0.278211598212202,0.717391304347826,-0.2870285188592456,1.0,0,0.0,0,0
0.8644795678930358,0.6010764335353934,0.2826086956521739,0.6329346826126957,0.0,1,0.6666666666666666,0,1
-0.20395212585410488,0.14444812723894063,-0.43478260869565216,0.07911683532658716,0.0,0,0.6666666666666666,1,1
-0.03507917533684565,-0.3168076990250268,-0.10869565217391304,-0.35326586936522536,0.0,0,-0.3333333333333333,1,0
0.46374758341819045,-0.49269950704765103,0.8478260869565217,-0.5225390984360625,2.0,0,0.3333333333333333,1,0
0.0745118873688405,-0.31727110004281156,0.043478260869565216,-0.29438822447102103,0.0,0,0.0,0,0
-0.3950059768893612,-0.2597300752676081,-0.6086956521739131,-0.2594296228150873,0.0,0,-0.3333333333333333,1,1
0.2524756128156314,0.6785334357426344,-0.17391304347826086,0.6577736890524379,0.0,1,0.6666666666666666,1,1
1.3917149983028587,0.4912085009627911,0.7391304347826086,0.47194112235510594,1.0,1,0.3333333333333333,1,0
-0.3645607355263352,0.17261564008468352,-0.5869565217391305,0.17295308187672506,0.0,1,-0.3333333333333333,0,1
0.6955623441212498,-0.16304204398989963,0.6956521739130435,-0.16375344986200538,2.0,0,1.0,0,0
-0.39134605451513405,-0.031112298279615865,-0.6086956521739131,-0.03127874885004579,0.0,1,-0.6666666666666666,1,1
-0.2902259411756025,-0.8755743333949838,-0.2391304347826087,-0.9328426862925483,1.0,0,-0.6666666666666666,0,0
-0.38046959165301575,-0.9726242185634976,-0.5,-0.9448022079116836,1.0,0,-0.6666666666666666,0,0
0.5684833458774221,0.5583941713901786,0.08695652173913043,0.5455381784728612,0.0,1,0.3333333333333333,1,0
-0.3149599327046531,-0.9194836448970177,-0.2826086956521739,-0.9218031278748849,0.0,0,-0.6666666666666666,0,1
1.261772996266289,0.5697665968540022,0.5869565217391305,0.5216191352345908,0.0,1,0.6666666666666666,1,0
-0.27422853853986806,-0.9236995867653426,-0.13043478260869565,-0.9300827966881325,1.0,0,-0.6666666666666666,0,0
-0.2037307595814702,0.1459845370305265,-0.43478260869565216,0.06347746090156399,0.0,1,-0.3333333333333333,1,0
-0.007305086996945146,0.5071140004242571,-0.32608695652173914,0.549218031278749,0.0,1,0.3333333333333333,1,1
-0.0847980401705996,0.06414510879871402,-0.30434782608695654,0.08371665133394686,0.0,1,-0.6666666666666666,0,1
-0.3834063842033028,-0.9444771911816426,-0.5217391304347826,-0.9254829806807728,0.0,0,-0.6666666666666666,0,0
1.470063901064034,0.6300627652450829,0.6956521739130435,0.659613615455382,0.0,1,0.6666666666666666,1,0
1.9945839051962044,0.850383065802656,0.8913043478260869,0.8500459981600738,2.0,1,1.3333333333333333,0,0
0.05082569619692746,0.6289293481857162,-0.30434782608695654,0.5400183992640296,0.0,1,0.3333333333333333,1,0
-0.3731645046560706,-0.9966306215570283,-0.45652173913043476,-0.9319227230910763,2.0,0,-0.6666666666666666,0,0
-0.3637490591933413,-0.9231134130296398,-0.45652173913043476,-0.9356025758969642,2.0,0,-0.6666666666666666,0,0
-0.3791266362656986,-0.7895609918960294,-0.5434782608695652,-0.7580496780128795,0.0,0,-0.3333333333333333,0,0
0.14480305780611272,-0.27456094860874086,0.10869565217391304,-0.28242870285188587,1.0,0,0.0,0,0
1.4487094346305398,0.4120922192173258,0.8478260869565217,0.376264949402024,2.0,0,1.3333333333333333,0,0
0.2567701185047446,-0.36902002510909,0.34782608695652173,-0.35602575896964117,1.0,0,0.6666666666666666,0,0
-0.17052581868626498,0.3764460057684218,-0.43478260869565216,0.3633854645814168,0.0,1,0.0,1,0
-0.04163161700683283,-0.2463214079955851,-0.15217391304347827,-0.20791168353265865,0.0,0,0.0,0,0
-0.39944806009356415,-0.9170061841080854,-0.5869565217391305,-0.9208831646734131,0.0,0,-0.6666666666666666,0,0
1.1425451218252387,0.09005775736937684,0.8913043478260869,0.0478380864765411,2.0,0,0.6666666666666666,0,0
-0.2069774649134458,-0.018575194380274496,-0.41304347826086957,0.05887764489420429,1.0,0,0.6666666666666666,0,0
1.3584657841531267,0.23886050893189845,0.9347826086956522,0.25666973321067166,2.0,0,1.0,0,0
0.7171234190758695,0.14210066030567395,0.43478260869565216,0.14075436982520712,1.0,0,0.6666666666666666,0,0
0.7353787576924781,0.02998559776578604,0.5434782608695652,0.03219871205151794,1.0,0,0.3333333333333333,0,0
1.7380794262186214,0.5944704897051317,0.9130434782608695,0.6697332106715733,2.0,1,1.0,0,0
-0.289842239636369,-0.9510725793960689,-0.15217391304347827,-0.9402023919043239,1.0,0,-0.6666666666666666,0,0
-0.09571877628724487,-0.902164465521365,0.45652173913043476,-0.9162833486660534,2.0,0,-0.6666666666666666,0,0
-0.17018639040155842,-0.9460979248594643,0.30434782608695654,-0.9264029438822448,1.0,0,-0.6666666666666666,0,0
-0.06589336048759611,-0.8169142075522317,0.34782608695652173,-0.8408463661453542,2.0,0,-0.6666666666666666,0,0
1.5212585410486859,0.5897076869748855,0.7608695652173914,0.6099356025758972,0.0,1,0.6666666666666666,0,0
-0.22694470270509587,-0.795282448359044,-0.13043478260869565,-0.8555657773689052,2.0,0,-0.6666666666666666,0,0
0.1525803928513452,-0.7785395110675641,0.8478260869565217,-0.8196872125114996,2.0,0,-0.6666666666666666,0,0
-0.390696713448739,0.009448920218253496,-0.6086956521739131,0.009199632014719412,0.0,1,-0.6666666666666666,1,1
-0.3718510647717714,-0.05508029102835718,-0.5869565217391305,-0.010119595216191301,0.0,1,-0.6666666666666666,0,1
0.03319018314369624,-0.228174581855804,-0.06521739130434782,-0.20055197792088303,1.0,0,0.0,0,0
0.4674517790469445,-0.2984308411814844,0.5652173913043478,-0.29070837166513336,0.0,0,0.6666666666666666,0,1
-0.3232685468042089,-0.9026517269124107,-0.32608695652173914,-0.9254829806807728,0.0,0,-0.6666666666666666,1,0
1.3099275394400909,0.21778608795731078,0.9130434782608695,0.2244710211591537,2.0,0,1.0,1,0
1.2316819409394786,0.3070755032514493,0.7608695652173914,0.20055197792088328,1.0,0,1.0,1,0
-0.27855255973199927,-0.10946919765050026,-0.4782608695652174,0.007359705611775635,0.0,0,0.3333333333333333,0,1
0.8181107126518204,0.05081877544853707,0.6086956521739131,0.07267709291628341,2.0,0,1.0,0,0
-0.052817992650639765,0.42718692401361985,-0.34782608695652173,0.4369825206991721,0.0,1,0.3333333333333333,1,1
-0.38454273106949427,-0.7332515730344037,-0.5652173913043478,-0.747930082796688,0.0,0,-0.3333333333333333,0,1
1.9196588007851125,0.7257359684705619,0.9347826086956522,0.724011039558418,2.0,1,1.0,0,0
0.7440415578282494,0.5078909848045736,0.2391304347826087,0.4783808647654094,0.0,1,0.3333333333333333,0,0
-0.12250409527604374,-0.00688092099517452,-0.32608695652173914,-0.0689972401103956,0.0,0,0.0,0,0
-0.38502973686929065,-0.4666844741942381,-0.5869565217391305,-0.4756209751609935,0.0,0,-0.6666666666666666,1,0
1.7819984947093461,0.7793159320584991,0.8043478260869565,0.7460901563937445,1.0,1,1.0,0,1
0.7768037661781853,0.656730279046098,0.1956521739130435,0.6375344986200554,0.0,1,0.6666666666666666,1,1
-0.40414102507341987,-0.8303526718626368,-0.6086956521739131,-0.828886844526219,0.0,0,-0.6666666666666666,1,1
-0.059473738581189775,-0.296981029032697,-0.15217391304347827,-0.27966881324747006,1.0,0,0.0,0,1
-0.4056758312303538,-0.9262246428576012,-0.6086956521739131,-0.9245630174793008,0.0,0,-0.6666666666666666,0,1
-0.2939744100588835,0.17280000925967393,-0.5217391304347826,0.17939282428702855,0.0,1,-0.3333333333333333,0,0
0.16643792151827752,-0.051710785416464955,0.0,-0.023919043238270418,1.0,0,0.3333333333333333,0,0
-0.39097711072740954,-0.008066151405826335,-0.6086956521739131,-0.008279668813247262,0.0,1,-0.6666666666666666,0,1
-0.3929694071811219,-0.9087095712335213,-0.5652173913043478,-0.9190432382704692,0.0,0,-0.6666666666666666,0,0
-0.02758223757028381,-0.9589436795460236,0.9130434782608695,-0.9319227230910763,2.0,0,-0.6666666666666666,0,0
-0.2687386549785275,-0.3052078050985528,-0.43478260869565216,-0.3725850965961361,0.0,0,-0.3333333333333333,1,0
0.9248535293162734,0.6446436046122164,0.30434782608695654,0.5712971481140757,0.0,1,0.3333333333333333,1,1
0.7359100367468013,0.19652601746624015,0.41304347826086957,0.24103035878564877,1.0,0,1.0,0,0
0.24031522557223184,0.2694449125651746,-0.06521739130434782,0.29990800367985304,0.0,1,0.0,0,0
-0.34131727689969155,-0.8089453620998723,-0.43478260869565216,-0.9236430542778289,0.0,0,-0.6666666666666666,0,0
-0.38775992089845196,0.1928962493336182,-0.6086956521739131,0.19227230910763576,0.0,1,-0.3333333333333333,1,1
-0.12880565517037826,-0.9127777171599379,0.3695652173913043,-0.937442502299908,2.0,0,-0.6666666666666666,0,0
-0.37669160726671685,-0.20626301452041643,-0.5869565217391305,-0.1527138914443422,0.0,0,-0.3333333333333333,0,1
-0.3890438452797332,0.11269565821283074,-0.6086956521739131,0.11223551057957698,0.0,1,-0.6666666666666666,1,1
0.7233954634671861,-0.18902161589046265,0.7608695652173914,-0.18951241950321984,2.0,0,1.0,0,0
-0.08856126680538952,0.38479383230270564,-0.3695652173913043,0.38546458141674345,0.0,1,0.0,1,1
-0.2422632487714172,0.46622355125676207,-0.5,0.46734130634774623,0.0,1,0.3333333333333333,1,1
-0.037647024099408205,-0.9008816935496105,0.6521739130434783,-0.9199632014719411,1.0,0,-0.6666666666666666,0,0
-0.22464249346969495,0.37160265680637483,-0.4782608695652174,0.4360625574977002,1.0,1,0.3333333333333333,0,0
1.3975885834034325,0.2728023619110184,0.9347826086956522,0.2529898804047838,2.0,0,1.0,0,0
-0.05203583182066379,0.10699173686156778,-0.2826086956521739,0.15455381784728622,0.0,1,-0.3333333333333333,1,0
0.00317291657443072,-0.26043067813257137,-0.08695652173913043,-0.27230910763569455,0.0,0,-0.3333333333333333,0,0
0.25983973081861256,-0.06321422521910637,0.10869565217391304,-0.14167433302667887,0.0,0,0.3333333333333333,1,1
-0.38961939758858344,0.07674366908971902,-0.6086956521739131,0.07635694572217122,0.0,1,-0.6666666666666666,1,1
-0.09613199332949635,0.673823242295858,-0.41304347826086957,0.5841766329346827,0.0,1,0.6666666666666666,0,1
-0.2540251767240743,-0.8866620907242625,-0.10869565217391304,-0.9245630174793008,1.0,0,-0.6666666666666666,0,0
-0.21203937368102596,-0.05019450789111379,-0.41304347826086957,-0.000919963201471889,1.0,0,0.3333333333333333,1,0
0.7112793494783136,-0.2802645261342832,0.8695652173913043,-0.3072677092916283,1.0,0,0.0,0,0
-0.08138899957202521,-0.9349255740983724,0.6086956521739131,-0.9126034958601655,2.0,0,-0.6666666666666666,0,0
1.1339413526955033,0.6340548112504468,0.45652173913043476,0.6080956761729533,1.0,1,1.0,0,0
-0.0022874514838919146,-0.3836524993146707,-0.021739130434782608,-0.35970561177552896,1.0,0,0.6666666666666666,0,0
-0.18662652558256224,-0.4184604118608335,-0.2826086956521739,-0.37166513339466417,0.0,0,-0.3333333333333333,1,1
0.14977642006463898,0.10587399873818897,-0.08695652173913043,0.15915363385464593,0.0,0,1.0,0,0
-0.34105163737252997,0.17230835812636633,-0.5652173913043478,0.078196872125115,0.0,1,-0.3333333333333333,0,0
1.2630126473930432,0.41803821400621916,0.6956521739130435,0.48114075436982534,1.0,1,0.0,0,0
-0.3998612771358156,-0.9299120263574077,-0.5869565217391305,-0.9245630174793008,0.0,0,-0.6666666666666666,0,0
-0.117117515975266,-0.9361118917516899,0.4782608695652174,-0.937442502299908,1.0,0,-0.6666666666666666,0,0
1.2336889951446999,0.15071206274604515,0.9130434782608695,0.1324747010119596,2.0,0,0.6666666666666666,0,0
-0.29176074733253643,-0.9224911670640473,-0.1956521739130435,-0.9254829806807728,0.0,0,-0.6666666666666666,0,0
-0.3706261713965261,-0.8701456854647134,-0.5,-0.9291628334866605,0.0,0,-0.6666666666666666,0,0
-0.37511252785525595,-0.9168525431289268,-0.5,-0.9227230910763569,0.0,0,-0.6666666666666666,0,0
0.11999527751951712,-0.15174695674310745,0.0,-0.05335786568537244,0.0,0,0.3333333333333333,0,0
-0.20824663154321807,-0.9439445691205595,0.15217391304347827,-0.953081876724931,2.0,0,-0.6666666666666666,0,0
-0.17822936497395256,-0.7761613036422689,-0.021739130434782608,-0.7470101195952161,0.0,0,-0.3333333333333333,0,0
-0.23968064225734567,0.2374082358669945,-0.4782608695652174,0.2971481140754371,0.0,1,-0.3333333333333333,1,1
0.06601142249966799,-0.8232412893987247,0.7391304347826086,-0.8491260349586016,2.0,0,-0.6666666666666666,0,0
-0.06528829267572794,-0.8461200773487879,0.41304347826086957,-0.8610855565777369,2.0,0,-0.6666666666666666,0,0
-0.14570328064816046,-0.9578307871416555,0.43478260869565216,-0.9181232750689972,1.0,0,-0.6666666666666666,0,0
0.21472528445566041,0.15223260351630968,-0.043478260869565216,0.20423183072677112,0.0,1,-0.3333333333333333,1,1
1.5718038399669425,0.4239466751582882,0.9347826086956522,0.40386384544618226,2.0,0,1.3333333333333333,0,0
-0.3911984770000443,-0.021893839530100052,-0.6086956521739131,-0.02207911683532638,0.0,1,-0.6666666666666666,1,1
0.7052581868626496,-0.327844242694586,0.9347826086956522,-0.3072677092916283,2.0,0,0.6666666666666666,0,0
0.11927214769557715,-0.5912415428938128,0.391304347826087,-0.5648574057037719,1.0,0,0.3333333333333333,0,0
-0.3954782249376485,-0.2892291432660587,-0.6086956521739131,-0.28886844526218947,0.0,0,-0.3333333333333333,1,0
0.7354968197045497,0.6935865935816257,0.15217391304347827,0.6338546458141675,1.0,1,0.6666666666666666,0,0
-0.05032393264562212,-0.7719762458744239,0.30434782608695654,-0.7552897884084637,0.0,0,-0.3333333333333333,0,0
0.2702587033839524,0.28071060453270946,-0.043478260869565216,0.24839006439742412,0.0,0,1.0,1,0
-0.1980932985050398,0.18511177305624937,-0.43478260869565216,0.16927322907083725,0.0,1,-0.3333333333333333,1,1
0.7656173905343782,0.6383418797510113,0.1956521739130435,0.612695492180313,0.0,1,0.6666666666666666,1,0
0.6375496229394491,0.5756466566135148,0.13043478260869565,0.5280588776448943,0.0,1,0.3333333333333333,1,0
-0.4116084473369638,0.05554121396583255,-0.6304347826086957,0.055197792088316475,2.0,0,0.6666666666666666,0,0
1.3696078865424066,0.5890243589547615,0.6521739130434783,0.5464581416743332,2.0,1,0.6666666666666666,0,0
-0.2547040332934874,-0.933804264496092,-0.043478260869565216,-0.9199632014719411,2.0,0,-0.6666666666666666,0,0
-0.3864907542686797,-0.5123158450043414,-0.5869565217391305,-0.4857405703771848,0.0,0,-0.6666666666666666,1,0
-0.36054662711589264,-0.8411514378263554,-0.4782608695652174,-0.8620055197792088,0.0,0,-0.6666666666666666,0,0
0.32980623072268705,-0.010345159263345633,0.15217391304347827,0.006439742410303745,1.0,0,0.3333333333333333,0,0
0.737607178170334,0.4540709245394126,0.2608695652173913,0.4406623735050599,0.0,1,0.3333333333333333,0,0
-0.306193828308319,-0.7902878319128183,-0.34782608695652173,-0.7580496780128795,0.0,0,-0.3333333333333333,1,0
-0.2736234707279999,-0.8431614777040692,-0.21739130434782608,-0.9107635694572217,2.0,0,-0.6666666666666666,0,0
0.26391287023509097,-0.5935304665875757,0.6739130434782609,-0.6007359705611774,2.0,0,0.3333333333333333,0,0
0.9543247590797067,0.4807618289096444,0.41304347826086957,0.46274149034038653,2.0,1,0.6666666666666666,0,1
-0.3262791281120408,0.47989759840187735,-0.5652173913043478,0.38086476540938374,0.0,1,0.0,1,1
1.495255382889863,0.42946327698242487,0.8695652173913043,0.4066237350505982,2.0,1,0.3333333333333333,0,0
0.1584244624489013,-0.468731829567677,0.30434782608695654,-0.4820607175712971,1.0,0,0.3333333333333333,1,0
-0.292779032186656,-0.6220155041235794,-0.391304347826087,-0.6310947562097516,1.0,0,0.0,0,0
0.24409320995853082,-0.3866170385887212,0.34782608695652173,-0.3698252069917203,0.0,0,-0.3333333333333333,0,0
1.878469916323549,0.6900016374012582,0.9347826086956522,0.7249310027598898,2.0,1,1.0,0,0
-0.36059090037041963,0.29660391026567107,-0.5869565217391305,0.16283348666053377,0.0,1,-0.3333333333333333,1,1
-0.34534614306164313,-0.9518826863770871,-0.3695652173913043,-0.9208831646734131,2.0,0,-0.6666666666666666,0,0
1.7691297353935156,0.7363312720644034,0.8260869565217391,0.7727690892364306,1.0,1,1.0,0,0
0.6099083543631292,0.42776762941925484,0.17391304347826086,0.4406623735050599,2.0,1,0.3333333333333333,0,0
0.09042074349552107,-0.4927207108931911,0.21739130434782608,-0.5372585096596136,1.0,0,0.3333333333333333,0,0
0.5006124466876227,0.09299963415288974,0.2608695652173913,0.07911683532658716,0.0,0,0.6666666666666666,0,0
-0.029736869290594888,-0.3426593301782524,-0.08695652173913043,-0.4066237350505979,0.0,0,0.3333333333333333,1,0
-0.2209973288469769,0.19151348052119077,-0.45652173913043476,0.10671573137074539,2.0,0,0.6666666666666666,0,0
1.130561827599947,0.059981654659261335,0.9130434782608695,0.013799448022079119,2.0,0,0.6666666666666666,0,0
-0.26400141674414485,0.5472538036650062,-0.5217391304347826,0.48206071757129726,0.0,1,0.3333333333333333,1,0
0.3047623264119479,0.1948013974751849,0.021739130434782608,0.16467341306347752,1.0,0,0.6666666666666666,0,0
0.6179365711840146,0.310961659768042,0.2391304347826087,0.3541858325666974,1.0,1,0.3333333333333333,0,0
-0.1059163825799501,-0.9431934354446729,0.5434782608695652,-0.9172033118675252,2.0,0,-0.6666666666666666,0,0
1.8213426602322873,0.640439618207681,0.9347826086956522,0.6614535418583258,2.0,1,0.6666666666666666,0,0
0.41453048213574184,0.5462266039757742,-0.021739130434782608,0.5519779208831648,1.0,1,0.6666666666666666,0,0
0.06108233349566862,0.34356683622848233,-0.2391304347826087,0.2805887764489421,0.0,1,0.0,1,0
-0.3863726922566078,-0.508628461504535,-0.5869565217391305,-0.4618215271389144,0.0,0,0.0,1,1
1.4349404524726612,0.65819404858884,0.6521739130434783,0.6586936522539101,1.0,1,0.6666666666666666,1,0
-0.0477118106285326,-0.2635850671083146,-0.15217391304347827,-0.3541858325666972,0.0,0,-0.3333333333333333,1,0
-0.40573486223638966,-0.9299120263574077,-0.6086956521739131,-0.9282428702851886,0.0,0,-0.6666666666666666,0,0
0.16022490813299692,-0.8006999628850276,0.9347826086956522,-0.8215271389144434,2.0,0,-0.6666666666666666,0,0
-0.08804474550257523,0.14686980171996433,-0.32608695652173914,0.07267709291628341,0.0,1,-0.6666666666666666,1,1
1.0818022166142767,0.5689171817263681,0.45652173913043476,0.5344986200551981,1.0,1,0.3333333333333333,1,0
0.48083705966558943,-0.13541531800590842,0.41304347826086957,-0.011959521619135079,1.0,0,0.6666666666666666,0,0
1.0314635262171454,0.54282141819279,0.43478260869565216,0.515179392824287,0.0,1,0.3333333333333333,1,0
0.2642670562713066,0.21100393616302432,-0.021739130434782608,0.2778288868445264,0.0,1,0.0,1,0
1.507843744927023,0.466413343054546,0.8478260869565217,0.47010119595216215,0.0,1,0.3333333333333333,1,0
-0.02399610395360162,0.5656765389198077,-0.34782608695652173,0.5593376264949403,0.0,1,0.3333333333333333,1,0
-0.11931642095010406,0.36301871534740987,-0.391304347826087,0.346826126954922,0.0,1,0.0,1,0
-0.34431310045601454,0.10439904533826647,-0.5652173913043478,0.0689972401103956,0.0,1,-0.6666666666666666,0,1
1.2843966293295552,0.5618124993953817,0.6086956521739131,0.5565777368905245,0.0,1,0.3333333333333333,1,1
-0.34989153052640903,-0.011753534905632712,-0.5652173913043478,0.08555657773689064,0.0,1,-0.6666666666666666,0,1
0.13861955992385003,-0.8194441623423765,0.9347826086956522,-0.8206071757129715,2.0,0,-0.6666666666666666,0,0
1.3533300866280014,0.2781538235398545,0.8913043478260869,0.2529898804047838,2.0,0,1.0,1,0
0.7402193001874234,0.17154328876076003,0.43478260869565216,0.16467341306347752,2.0,0,0.6666666666666666,0,0
1.6965363557208424,0.66865127417057,0.8260869565217391,0.6752529898804049,1.0,1,0.6666666666666666,0,0
-0.1453786101149629,-0.9352827805853864,0.3695652173913043,-0.9254829806807728,2.0,0,-0.6666666666666666,0,0
0.9109812428978321,-0.0059343828200009085,0.7608695652173914,-0.0027598896044156666,2.0,0,0.6666666666666666,0,1
-0.17394961703634834,-0.8955794962038055,0.17391304347826086,-0.9356025758969642,0.0,0,-0.6666666666666666,0,0
-0.36590369091365244,0.13067165277438647,-0.5869565217391305,0.007359705611775635,0.0,1,-0.6666666666666666,1,1
-0.25563377163855316,-0.5473459882525014,-0.34782608695652173,-0.46090156393744247,0.0,0,0.0,1,0
2.052847508153658,0.8412867882127569,0.9347826086956522,0.8242870285188595,2.0,1,1.3333333333333333,1,0
1.0503682059001491,0.04617363308948648,0.8478260869565217,0.0478380864765411,2.0,0,0.6666666666666666,0,0
-0.31342512654771926,-0.887937310851279,-0.30434782608695654,-0.9328426862925483,1.0,0,-0.6666666666666666,0,0
-0.27282655214651497,-0.9355967425862757,-0.10869565217391304,-0.9346826126954922,2.0,0,-0.6666666666666666,0,0
0.25525007009931966,0.4388370467217422,-0.10869565217391304,0.35326586936522547,0.0,1,0.0,1,0
0.004958604507017298,-0.3330680359859784,-0.043478260869565216,-0.36798528058877633,0.0,0,-0.3333333333333333,0,0
-0.23636014816782516,-0.3845633708339681,-0.3695652173913043,-0.3698252069917203,0.0,0,-0.3333333333333333,0,1
1.4563391921606823,0.3465978193008974,0.9130434782608695,0.31094756209751623,2.0,0,1.3333333333333333,0,0
0.005120939773616133,-0.9082830455301855,0.8260869565217391,-0.9116835326586937,2.0,0,-0.6666666666666666,0,0
1.6076651761337641,0.7053254960130525,0.7391304347826086,0.7157313707451703,2.0,1,1.0,0,0
-0.4056020424728089,-0.9216154134828434,-0.6086956521739131,-0.9199632014719411,0.0,0,-0.6666666666666666,0,0
-0.3412139726391287,-0.19750547870837637,-0.5434782608695652,-0.26586936522539095,0.0,0,-0.3333333333333333,1,0
0.5428786470093417,0.19374895676794843,0.2391304347826087,0.16283348666053377,0.0,1,0.0,0,1
-0.09812428978320865,0.33501415505532023,-0.3695652173913043,0.47194112235510594,0.0,1,0.3333333333333333,1,1
0.7738227003733712,0.12719700293803052,0.5,0.16283348666053377,2.0,0,1.0,1,0
-0.344741075249775,-0.8791183186475755,-0.41304347826086957,-0.8528058877644894,0.0,0,-0.6666666666666666,1,0
1.68716518351264,0.6311390669742029,0.8478260869565217,0.5703771849126036,1.0,1,0.6666666666666666,0,0
1.1943005563672318,0.5608493231985511,0.5434782608695652,0.5473781048758051,0.0,1,0.3333333333333333,1,1
-0.3422174997417394,-0.21317685858255328,-0.5434782608695652,-0.2548298068077276,0.0,0,0.0,0,1
0.1665854990333673,-0.602249001227983,0.5,-0.6421343146274148,1.0,0,0.0,0,0
-0.3865202697716976,0.2703313028295511,-0.6086956521739131,0.2695492180312789,0.0,1,0.0,1,1
1.2202741990230368,0.15942007484609064,0.8913043478260869,0.16651333946642158,1.0,0,1.0,0,0
0.020409970336919495,-0.6692225882315651,0.30434782608695654,-0.6467341306347745,1.0,0,0.0,0,0
-0.10905978365136289,-0.9333689483884761,0.5,-0.9328426862925483,2.0,0,-0.6666666666666666,0,0
-0.24865335517480558,-0.44855483865352364,-0.3695652173913043,-0.3771849126034958,2.0,0,0.6666666666666666,0,0
0.7145260548102893,-0.04065998769875743,0.5869565217391305,-0.029438822447102015,1.0,0,0.3333333333333333,0,0
-0.4116084473369638,-0.15556149139807945,-0.6304347826086957,-0.15547378104875798,2.0,0,0.3333333333333333,0,0
0.566358229660129,0.15769051639499124,0.2826086956521739,0.17571297148114098,0.0,1,-0.3333333333333333,1,0
0.1606676406782663,0.32807237626970026,-0.15217391304347827,0.3569457221711133,0.0,1,0.0,0,0
0.478180664393973,-0.20698603089292744,0.4782608695652174,-0.20331186752529895,1.0,0,1.0,1,1
-0.275763344696802,-0.9825255261092737,-0.043478260869565216,-0.937442502299908,0.0,0,-0.6666666666666666,0,0
1.0166910169566563,0.4525856549302723,0.4782608695652174,0.42870285188592483,1.0,1,0.3333333333333333,0,0
-0.35718185977184513,-0.44686478788277906,-0.5434782608695652,-0.3854645814167433,0.0,0,-0.3333333333333333,1,1
-0.40573486223638966,-0.9299120263574077,-0.6086956521739131,-0.9282428702851886,0.0,0,-0.6666666666666666,0,0
0.18181549859063476,-0.23771112808305037,0.13043478260869565,-0.28242870285188587,0.0,0,-0.3333333333333333,0,1
1.1053851035256268,0.03783138617098821,0.9130434782608695,0.04691812327506921,1.0,0,0.6666666666666666,0,0
-0.3911837192485353,-0.020971993655148524,-0.6086956521739131,-0.02115915363385449,0.0,1,-0.6666666666666666,1,1
0.08230398016558202,-0.8496713549811874,0.8695652173913043,-0.8233670653173872,2.0,0,-0.6666666666666666,0,0
-0.3203022387509039,-0.889416653993463,-0.32608695652173914,-0.9310027598896045,1.0,0,-0.6666666666666666,0,0
0.5245052463806614,-0.2709377803788615,0.6086956521739131,-0.2695492180312786,0.0,0,0.0,1,0
2.147415179823202,0.9233310710834475,0.9347826086956522,0.8675252989880406,2.0,1,1.3333333333333333,0,0
-0.14124643969244846,-0.9449688423149502,0.41304347826086957,-0.9291628334866605,2.0,0,-0.6666666666666666,0,0
-0.3231357270406281,0.08480982049554536,-0.5434782608695652,0.15731370745170214,0.0,1,-0.3333333333333333,0,0
-0.2043948583993743,-0.879269977162487,0.043478260869565216,-0.9144434222631095,0.0,0,-0.6666666666666666,1,0
0.28342261772996274,-0.15430001809551402,0.1956521739130435,-0.1481140754369825,1.0,0,0.3333333333333333,0,1
0.6135830344888654,0.43397140301014536,0.17391304347826086,0.40754369825207004,0.0,1,0.0,1,1
-0.40580865099393454,-0.9345212557321655,-0.6086956521739131,-0.9328426862925483,0.0,0,-0.6666666666666666,0,0
0.8983486076061451,0.1387499337311991,0.6086956521739131,0.17295308187672506,2.0,0,0.6666666666666666,0,0
1.0109650093711722,0.13644062373376087,0.717391304347826,0.17663293468261287,2.0,0,1.0,0,0
-0.3843803958028955,-0.7298714714929145,-0.5652173913043478,-0.7442502299908004,0.0,0,-0.3333333333333333,1,0
0.05089948495447236,-0.8955476606856014,0.9347826086956522,-0.9310027598896045,2.0,0,-0.6666666666666666,0,0
-0.044893080090317415,-0.5069119209097975,0.0,-0.4664213431462741,0.0,0,0.6666666666666666,0,0
-0.24655775446053038,-0.5037355872451765,-0.34782608695652173,-0.47010119595216193,0.0,0,-0.6666666666666666,0,0
-0.3466448251944334,0.055848495924149734,-0.5652173913043478,-0.012879484820606968,0.0,1,-0.6666666666666666,1,1
-0.2548368530570682,-0.40655498189626,-0.391304347826087,-0.3541858325666972,0.0,0,-0.3333333333333333,1,0
-0.062381015628458825,-0.2580180757855552,-0.17391304347826086,-0.3164673413063477,2.0,0,1.0,0,0
-0.27411047652779624,-0.8447625784342484,-0.21739130434782608,-0.8399264029438822,0.0,0,-0.6666666666666666,0,0
1.6178922979294876,0.7814419476940991,0.6956521739130435,0.7589696412143515,2.0,1,1.0,0,1
-0.2637357772169832,-0.4570888966776966,-0.391304347826087,-0.40110395584176634,0.0,0,-0.3333333333333333,0,1
0.7047859388143624,0.6956446510786406,0.13043478260869565,0.7286108555657776,0.0,1,1.0,1,0
-0.27577810244831097,-0.9574199072659627,-0.08695652173913043,-0.9116835326586937,0.0,0,-0.6666666666666666,0,0
-0.4056463157273358,-0.924380951107698,-0.6086956521739131,-0.9227230910763569,0.0,0,-0.6666666666666666,0,1
0.1168223609450864,-0.8041419794479687,0.8260869565217391,-0.8233670653173872,2.0,0,-0.6666666666666666,0,0
-0.19515650595475273,-0.5851901873294609,-0.21739130434782608,-0.5648574057037719,0.0,0,0.0,1,1
-0.01787163707737488,-0.8576129713076336,0.5869565217391305,-0.8362465501379945,1.0,0,-0.6666666666666666,1,1
1.8809344608255487,0.692139807694549,0.9347826086956522,0.7000919963201475,2.0,1,1.0,0,0
-0.1530083676451056,-0.9211437714072869,0.30434782608695654,-0.9346826126954922,2.0,0,-0.6666666666666666,0,0
0.9463850887678753,0.24550850754221853,0.5652173913043478,0.2713891444342227,0.0,1,0.0,1,0
-0.37809359366007,-0.25005069358061655,-0.5869565217391305,-0.2511499540018398,0.0,0,-0.3333333333333333,0,1
0.11767831053260727,-0.07228808069411984,-0.043478260869565216,-0.023919043238270418,0.0,1,-0.6666666666666666,0,0
-0.14989448207671077,-0.03926708871187987,-0.34782608695652173,-0.003679852805887556,0.0,1,-0.6666666666666666,0,0
1.8721683564292146,0.7411443296208936,0.8913043478260869,0.7506899724011042,2.0,1,1.0,0,0
-0.013473827127698785,0.47959031644356015,-0.32608695652173914,0.6550137994480223,1.0,1,1.0,0,1
0.08627381532149761,0.3400519618982574,-0.21739130434782608,0.3495860165593377,1.0,1,0.0,0,0
0.14306164312805303,0.4355721759146221,-0.1956521739130435,0.344986200551978,0.0,1,0.0,0,0
0.7730848127979222,0.424172372565657,0.30434782608695654,0.3845446182152715,1.0,1,0.3333333333333333,0,0
-0.28336358672392675,0.30536144607771126,-0.5217391304347826,0.3679852805887765,0.0,1,0.3333333333333333,0,0
1.7121352990658345,0.5983372343641087,0.8913043478260869,0.6476540938362467,1.0,1,0.6666666666666666,0,0
-0.18135800829385634,-0.9372407010632727,0.2391304347826087,-0.9429622815087396,2.0,0,-0.6666666666666666,0,0
-0.3798497660896386,-0.9661712974388363,-0.5,-0.9190432382704692,2.0,0,-0.6666666666666666,0,0
0.7104824308968285,0.5004145783879791,0.21739130434782608,0.5538178472861087,2.0,1,0.6666666666666666,1,0
-0.32049408952052066,0.12606242339962856,-0.5434782608695652,0.08463661453541875,0.0,1,-0.6666666666666666,1,1
-0.28225675536075323,-0.7581414116580962,-0.30434782608695654,-0.747930082796688,0.0,0,-0.3333333333333333,1,1
-0.39674739156742084,-0.36850788851189464,-0.6086956521739131,-0.36798528058877633,0.0,0,0.3333333333333333,1,1
0.7035167721845901,0.25111593770278257,0.34782608695652173,0.2824287028518861,0.0,1,0.3333333333333333,0,0
0.5173920101533331,-0.39008484352248013,0.7608695652173914,-0.4139834406623734,2.0,0,0.6666666666666666,1,1
1.1937250040583816,0.4624472177163902,0.6086956521739131,0.4351425942962283,0.0,1,0.3333333333333333,0,0
1.094375820899928,0.009743398761640976,0.9347826086956522,-0.009199632014719412,2.0,0,0.6666666666666666,0,0
-0.3908590487153378,-0.000691384406213843,-0.6086956521739131,-0.000919963201471889,0.0,1,-0.6666666666666666,1,1
0.14098080016528686,-0.8173956159535951,0.9347826086956522,-0.8187672493100275,2.0,0,-0.6666666666666666,0,0
-0.34863712164814575,0.01436543155132858,-0.5652173913043478,0.013799448022079119,2.0,0,0.6666666666666666,0,0
1.2464987234544944,0.5863568295970432,0.5652173913043478,0.5234590616375346,0.0,1,0.3333333333333333,1,1
1.1782441227254616,0.3864213850480299,0.6521739130434783,0.423183072677093,0.0,1,0.3333333333333333,1,0
0.11286728354067978,0.5232755681843211,-0.2391304347826087,0.5427782888684454,0.0,1,0.3333333333333333,0,1
0.3212762503504967,0.13381169028594045,0.06521739130434782,0.18307267709291636,0.0,1,-0.3333333333333333,0,1
-0.34205516447514056,-0.21064178242643636,-0.5434782608695652,-0.36430542778288866,0.0,0,-0.3333333333333333,0,0
1.1303847345818392,0.1626010417158913,0.8043478260869565,0.18583256669733228,0.0,1,-0.3333333333333333,0,1
0.2592199052552354,0.2551720595525698,-0.043478260869565216,0.20147194112235517,0.0,1,-0.3333333333333333,1,0
-0.38688921355942213,-0.9107837244521623,-0.5434782608695652,-0.9135234590616375,0.0,0,-0.6666666666666666,0,0
0.9648175204025914,0.13617199982826422,0.6739130434782609,0.16007359705611782,0.0,0,1.0,0,0
-0.352075677749738,-0.8319659021438022,-0.45652173913043476,-0.9438822447102116,2.0,0,-0.6666666666666666,0,0
-0.3747140685645135,-1.0087298486657679,-0.45652173913043476,-0.9337626494940202,2.0,0,-0.6666666666666666,0,0
-0.20960434468204425,-0.9362859321213586,0.13043478260869565,-0.9227230910763569,2.0,0,-0.6666666666666666,0,0
-0.22850902436504775,0.33709928262961575,-0.4782608695652174,0.30266789328426874,0.0,1,-0.3333333333333333,1,1
-0.07334602499963107,-0.898134433649171,0.5217391304347826,-0.9098436062557498,2.0,0,-0.6666666666666666,0,0
0.12154484142796003,0.553389200099406,-0.2391304347826087,0.6117755289788409,0.0,1,0.6666666666666666,0,0
-0.23362996413866383,-0.5556426011270655,-0.30434782608695654,-0.5804967801287949,2.0,0,0.0,0,0
1.2997889641534217,0.2987571771228341,0.8260869565217391,0.332106715731371,1.0,1,0.0,0,0
-0.25837871341922347,0.29844760201557413,-0.5,0.2548298068077279,0.0,1,0.0,1,1
-0.26473930431959386,0.23222833999821912,-0.5,0.17203311867525317,0.0,1,-0.3333333333333333,1,0
-0.027405144552176006,0.5492960468341296,-0.34782608695652173,0.5271389144434224,0.0,1,0.3333333333333333,0,1
-0.07815705199155856,0.5967485467328609,-0.391304347826087,0.5593376264949403,0.0,1,0.3333333333333333,1,1
-0.40591195525449747,-0.9409741768568266,-0.6086956521739131,-0.939282428702852,0.0,0,-0.6666666666666666,0,0
-0.33281681203051905,-0.31245965931483854,-0.5217391304347826,-0.2686292548298067,0.0,0,0.0,0,0
-0.3357536045808061,-0.9323230078765117,-0.34782608695652173,-0.9273229070837166,1.0,0,-0.6666666666666666,0,0
-0.1560632222074645,0.47682477881870505,-0.43478260869565216,0.39374425022999093,0.0,1,0.3333333333333333,0,1
0.3627750475937487,0.3711939566647708,0.0,0.35510579576816953,0.0,1,0.3333333333333333,0,0
-0.39807558920322905,-0.45147401725753694,-0.6086956521739131,-0.4507819687212511,0.0,0,-0.6666666666666666,0,0
-0.38812886468617647,0.16985010245982868,-0.6086956521739131,0.16927322907083725,0.0,1,-0.3333333333333333,0,1
-0.09201458065849089,-0.1877236697019458,-0.2391304347826087,-0.2649494020239189,0.0,0,-0.3333333333333333,0,0
-0.3679845338764186,0.06568151859030015,-0.5869565217391305,-0.02483900643974231,0.0,0,0.3333333333333333,0,0
0.3469990112306489,0.2827454939455657,0.021739130434782608,0.24287028518859252,0.0,1,0.0,0,0
0.8808459143164946,-0.07357307797435551,0.8043478260869565,-0.08555657773689038,2.0,0,0.3333333333333333,0,0
0.6557459305500214,0.45773286556641846,0.1956521739130435,0.45170193192272334,2.0,1,0.3333333333333333,0,0
0.4514396186597011,-0.0715687615644229,0.32608695652173914,-0.15547378104875798,0.0,0,0.3333333333333333,0,0
1.3637047859388145,0.7568098565053885,0.5434782608695652,0.7497700091996321,0.0,1,1.0,1,1
-0.40195687785009077,-0.9953630834789698,-0.5869565217391305,-0.9264029438822448,0.0,0,-0.6666666666666666,0,0
0.4391021383981937,-0.03157322121709176,0.2826086956521739,-0.04875804967801273,1.0,0,0.6666666666666666,0,0
0.034046132731217114,-0.8168428616262774,0.6304347826086957,-0.8316467341306348,2.0,0,-0.6666666666666666,0,0
1.154203745517333,0.38955140469182375,0.6304347826086957,0.4139834406623735,0.0,1,0.3333333333333333,1,0
0.28743672614040533,0.449833131600123,-0.08695652173913043,0.344986200551978,0.0,1,0.0,1,1
1.9454701081743186,0.7769310542219565,0.9130434782608695,0.7534498620055199,2.0,1,1.3333333333333333,0,0
0.6348194389102877,0.4698237331197487,0.17391304347826086,0.5804967801287951,0.0,1,0.6666666666666666,0,1
-0.02761175307330174,0.41650972014330184,-0.32608695652173914,0.39190432382704715,0.0,1,0.0,1,1
-0.301677956346571,0.41990079604044506,-0.5434782608695652,0.3403863845446182,0.0,1,0.0,1,1
0.4695031065066927,-0.15016485200513366,0.41304347826086957,-0.1793928242870284,1.0,0,0.0,0,0
-0.38866014374049973,-0.8189832394049006,-0.5652173913043478,-0.828886844526219,0.0,0,-0.6666666666666666,1,1
-0.24503770605510544,0.0038026142341752197,-0.45652173913043476,-0.08923643054277819,2.0,0,0.3333333333333333,0,0
-0.38343589970632075,0.46299709069443157,-0.6086956521739131,0.46182152713891467,0.0,1,0.0,1,1
-0.02443883649887102,-0.935842109523141,0.8260869565217391,-0.9273229070837166,2.0,0,-0.6666666666666666,0,0
-0.07640087956198992,0.3138707926157257,-0.34782608695652173,0.3817847286108556,0.0,1,0.0,1,1
0.2730921916736767,-0.34636310204916887,0.34782608695652173,-0.29806807727690887,1.0,0,0.0,0,1
0.686471569191718,0.10302568311639981,0.43478260869565216,0.078196872125115,0.0,1,-0.6666666666666666,0,0
1.0717817033396793,0.48512139169326957,0.5,0.4461821527138915,0.0,1,0.3333333333333333,0,0
1.1304290078363661,0.2321405451529856,0.7391304347826086,0.19871205151793953,1.0,1,0.0,0,0
1.4141615383480175,0.3803563193164192,0.8478260869565217,0.34406623735050607,2.0,0,1.3333333333333333,0,0
0.03069612313867859,-0.4055601452922067,0.043478260869565216,-0.38914443422263095,0.0,0,-0.3333333333333333,0,0
-0.05488407786189698,-0.9486370206923617,0.7608695652173914,-0.936522539098436,2.0,0,-0.6666666666666666,0,0
1.54044361801036,0.6698920156936453,0.717391304347826,0.6246550137994481,1.0,1,1.0,1,0
-0.3910361417334455,-0.011753534905632712,-0.6086956521739131,-0.011959521619135079,0.0,1,-0.6666666666666666,0,1
-0.24239606853499804,0.46484078244433463,-0.5,0.3523459061637536,0.0,1,0.0,1,1
0.12524903705671409,0.3000937553637021,-0.17391304347826086,0.2888684452621896,0.0,1,0.0,1,0
0.1159368958545476,-0.8391230110896067,0.9347826086956522,-0.8307267709291628,2.0,0,-0.6666666666666666,0,0
-0.10138575286669324,-0.6912403677957248,0.06521739130434782,-0.6476540938362465,0.0,0,0.0,1,0
1.707973613140302,0.5679836504811708,0.9130434782608695,0.5390984360625578,1.0,1,0.6666666666666666,0,0
0.6771003969835157,0.7033819591450409,0.10869565217391304,0.6439742410303588,0.0,1,1.0,0,0
-0.38216673307654847,-0.6837791777453355,-0.5652173913043478,-0.6476540938362465,0.0,0,-0.3333333333333333,1,1
-0.1544103540384587,0.04202080779987601,-0.3695652173913043,0.06255749770009211,0.0,1,-0.6666666666666666,0,1
-0.1812399462817845,0.5019450789111358,-0.45652173913043476,0.5703771849126036,0.0,1,0.3333333333333333,1,1
-0.16910907454140287,-0.8640132155251545,0.13043478260869565,-0.8472861085556578,2.0,0,-0.6666666666666666,0,0
-0.3409335753604581,0.17476661379290376,-0.5652173913043478,0.19043238270469198,0.0,1,-0.3333333333333333,1,0
-0.33945780020956007,0.20549480962462321,-0.5652173913043478,0.3587856485740571,0.0,1,0.3333333333333333,0,0
0.5794926285031213,-0.12870620779571634,0.5217391304347826,-0.170193192272309,1.0,0,0.0,1,0
-0.3733563554256874,-0.6994505576195124,-0.5434782608695652,-0.7598896044158234,0.0,0,-0.3333333333333333,1,0
1.0574371688729505,0.6149480190822838,0.41304347826086957,0.5400183992640296,1.0,1,0.6666666666666666,0,0
-0.3037735570608462,-0.17415204987626953,-0.5,-0.26586936522539095,0.0,0,0.0,0,1
-0.31283481648736006,0.7598314624288406,-0.5652173913043478,0.6540938362465504,0.0,1,0.6666666666666666,1,1
0.3038621035699002,-0.4691768723005885,0.5434782608695652,-0.4480220791168353,2.0,0,0.3333333333333333,0,0
-0.39863638376057026,-0.486504160505697,-0.6086956521739131,-0.4857405703771848,0.0,0,-0.6666666666666666,0,1
1.05860303124216,0.18443608315865917,0.717391304347826,0.1849126034958604,0.0,0,1.0,0,0
0.20533935449594903,0.4549099882459927,-0.15217391304347827,0.5464581416743332,1.0,1,0.6666666666666666,0,0
-0.39829695547586375,-0.46530170538181065,-0.6086956521739131,-0.4645814167433302,0.0,0,-0.6666666666666666,0,1
1.036348341966618,0.4766621001348902,0.4782608695652174,0.4351425942962283,1.0,1,0.3333333333333333,0,0
0.19012411269019056,-0.04389522774561129,0.021739130434782608,-0.025758969641214196,1.0,0,0.3333333333333333,0,0
0.7731438438039581,0.02472522328887984,0.5869565217391305,-0.03495860165593361,1.0,0,0.6666666666666666,0,0
0.30907158985257005,-0.010594642948550767,0.13043478260869565,-0.02483900643974231,1.0,0,0.3333333333333333,1,0
0.400363040687121,-0.5043073089656994,0.7608695652173914,-0.4875804967801287,0.0,0,0.3333333333333333,1,0
-0.02560469886808046,-0.493079994413685,0.021739130434782608,-0.4756209751609935,0.0,0,0.0,1,0
-0.2983722200085595,-1.0138737486479976,-0.08695652173913043,-0.9503219871205151,2.0,0,-0.6666666666666666,0,0
0.4349109369696434,-0.007099337439413794,0.2608695652173913,-0.001839926402943778,0.0,1,-0.6666666666666666,0,1
-0.27886247251368784,-0.37547294623375105,-0.43478260869565216,-0.2759889604415822,0.0,0,-0.3333333333333333,1,1
-0.3958028954708461,-0.3095097525149935,-0.6086956521739131,-0.3091076356945722,0.0,0,0.0,0,0
1.9149510780537478,0.7793219180706742,0.8913043478260869,0.8141674333026679,2.0,1,1.3333333333333333,1,0
-0.0905683210106108,-0.9449850150495983,0.6086956521739131,-0.9245630174793008,2.0,0,-0.6666666666666666,0,0
-0.17793420994377296,0.3250274914100116,-0.43478260869565216,0.2787488500459983,0.0,1,-0.3333333333333333,1,0
1.800002951550302,0.7053490352106879,0.8695652173913043,0.7065317387304509,1.0,1,1.0,0,0
0.8912944023848527,0.595892964620591,0.30434782608695654,0.6007359705611777,0.0,1,0.6666666666666666,1,1
1.6076356606307465,0.4550333666080444,0.9347826086956522,0.5059797608095676,2.0,1,0.3333333333333333,1,0
-0.1695960803411992,-0.95323053678516,0.32608695652173914,-0.9346826126954922,2.0,0,-0.6666666666666666,0,0
1.3747435840675315,0.2529826755995594,0.9347826086956522,0.25206991720331196,2.0,1,0.0,0,0
0.5804223668481872,0.5809933626882341,0.08695652173913043,0.6145354185832569,1.0,1,1.0,1,1
1.0256489721226074,0.3657594221069462,0.5434782608695652,0.3505059797608098,0.0,1,0.0,0,0
-0.26128599046649253,-0.9490317926526995,-0.043478260869565216,-0.9319227230910763,2.0,0,-0.6666666666666666,0,0
0.8599932114343058,0.17413497865636288,0.5434782608695652,0.17479300827966884,0.0,1,-0.3333333333333333,0,0
-0.34634967016425383,0.06199413509049378,-0.5652173913043478,0.07543698252069933,0.0,1,-0.3333333333333333,0,0
0.7200011806201206,0.03689557664605726,0.5217391304347826,0.0689972401103956,1.0,0,0.6666666666666666,0,0
-0.3911394459940084,-0.018206456030293937,-0.6086956521739131,-0.018399264029438825,0.0,1,-0.6666666666666666,1,1
-0.3245524711854902,-0.9342754301655117,-0.30434782608695654,-0.9484820607175714,1.0,0,-0.6666666666666666,0,0
0.7964168179336197,0.05068506158885566,0.5869565217391305,0.06439742410303588,0.0,1,-0.3333333333333333,1,1
-0.318073818273048,-0.1282748534995127,-0.5217391304347826,-0.1094756209751608,0.0,0,0.3333333333333333,0,0
0.3709065686751966,-0.278474274724957,0.41304347826086957,-0.26770929162833484,1.0,0,0.0,0,0
-0.2723838196012455,-0.9489389252164083,-0.08695652173913043,-0.9254829806807728,0.0,0,-0.6666666666666666,0,0
-0.34763359454553505,0.035260604716897875,-0.5652173913043478,0.08831646734130656,0.0,1,-0.6666666666666666,0,1
1.2769587225690293,0.521756818275397,0.6304347826086957,0.5298988040478384,1.0,1,0.6666666666666666,0,0
-0.26307167839907913,-0.3689688114493704,-0.41304347826086957,-0.2502299908003679,0.0,0,-0.3333333333333333,0,0
-0.39106565723646347,-0.013597226655536032,-0.6086956521739131,-0.013799448022079119,0.0,1,-0.6666666666666666,1,1
1.7622968964448578,0.6157768147867593,0.9130434782608695,0.6218951241950325,2.0,1,0.6666666666666666,0,0
1.7270553858414133,0.7584557847385283,0.782608695652174,0.7442502299908005,2.0,1,1.0,0,0
-0.29797376071781706,0.12283596283729808,-0.5217391304347826,0.1803127874885007,0.0,1,-0.3333333333333333,1,1
-0.12784640132229455,-0.6637619530321012,-0.021739130434782608,-0.6366145354185833,0.0,0,0.0,0,0
0.9507976564690603,-0.026613140054106095,0.8260869565217391,-0.008279668813247262,2.0,0,0.3333333333333333,0,0
0.5480291022859758,0.41587759725762075,0.13043478260869565,0.346826126954922,1.0,1,0.3333333333333333,1,0
0.7336078275114004,-0.3032488826142806,0.9347826086956522,-0.27046918123275066,2.0,0,1.0,0,0
0.5000516521302815,-0.3632488333564332,0.6956521739130435,-0.36154553817847274,1.0,0,0.6666666666666666,0,0
0.00042797479376043614,-0.9183076135786054,0.8478260869565217,-0.9264029438822448,2.0,0,-0.6666666666666666,0,0
-0.4026062189164859,-0.7344807008676724,-0.6086956521739131,-0.733210671573137,0.0,0,-0.3333333333333333,0,1
-0.3959504729859359,-0.9707805268135943,-0.5652173913043478,-0.9429622815087396,0.0,0,-0.6666666666666666,0,0
1.613007482180015,0.509879538049112,0.8913043478260869,0.5142594296228152,2.0,1,0.3333333333333333,0,1
0.2106816605421998,-0.4869842885655677,0.41304347826086957,-0.45630174793008277,0.0,0,0.3333333333333333,0,0
1.5867386844940305,0.5388866966941219,0.8478260869565217,0.564857405703772,1.0,1,0.3333333333333333,0,0
0.9846519384306608,0.5588886754314165,0.391304347826087,0.613615455381785,1.0,1,1.0,1,0
-0.07187024984873305,-0.633625000611251,0.06521739130434782,-0.6274149034038639,1.0,0,0.0,0,0
-0.3429701450686974,-0.439305651708176,-0.5217391304347826,-0.3854645814167433,0.0,0,-0.3333333333333333,0,0
-0.10978291347530289,-0.9120395042920199,0.43478260869565216,-0.9282428702851886,2.0,0,-0.6666666666666666,0,0
1.0999690087218312,0.6702971818241685,0.41304347826086957,0.6816927322907087,0.0,1,0.6666666666666666,0,1
-0.07890969731851653,0.3018158850202052,-0.34782608695652173,0.21435142594296241,0.0,1,-0.3333333333333333,1,1
-0.32028748099939497,-0.916514532974778,-0.30434782608695654,-0.9300827966881325,0.0,0,-0.6666666666666666,0,0
-0.257212851050014,-0.49311072260951666,-0.3695652173913043,-0.46550137994480223,0.0,0,-0.6666666666666666,1,0
0.8428299464293622,-0.12727320604135622,0.8260869565217391,-0.10671573137074512,2.0,0,0.3333333333333333,0,0
-0.18419149658358053,0.28159830796784824,-0.43478260869565216,0.2925482980680774,0.0,1,0.0,1,0
-0.338793701391656,-0.9469307194334369,-0.34782608695652173,-0.9310027598896045,2.0,0,-0.6666666666666666,0,0
0.5747996635232656,0.3246716912477495,0.1956521739130435,0.344986200551978,1.0,1,0.0,0,0
0.7485279142869794,0.42862540878552263,0.2826086956521739,0.46366145354185845,0.0,1,0.3333333333333333,1,0
0.10427827216245332,0.04590024252363072,-0.10869565217391304,0.09291628334866628,0.0,1,-0.6666666666666666,0,1
0.4013813255412405,0.5840661822714058,-0.043478260869565216,0.5685372585096597,0.0,1,0.6666666666666666,1,1
-0.1466330189932262,0.5422758359402675,-0.43478260869565216,0.5933762649494021,0.0,1,0.6666666666666666,0,0
0.40909962958043716,-0.2505680560614567,0.43478260869565216,-0.25850965961361544,1.0,0,0.6666666666666666,0,0
1.32846327533537,0.4850609427834365,0.6956521739130435,0.4388224471021161,0.0,1,0.6666666666666666,0,0
0.24010861705110617,-0.48261397091340136,0.45652173913043476,-0.5022999080036799,1.0,0,0.3333333333333333,0,0
0.23659627219196888,0.32280277003179514,-0.08695652173913043,0.3523459061637536,0.0,1,0.0,1,1
0.08797095674503032,0.12166270445099608,-0.15217391304347827,0.07451701931922745,0.0,1,-0.6666666666666666,0,1
-0.4055577692182819,-0.9188498758579886,-0.6086956521739131,-0.9172033118675252,0.0,0,-0.6666666666666666,0,1
-0.3332890600788064,-0.07374766999612649,-0.5434782608695652,0.0735970561177553,0.0,1,-0.6666666666666666,1,1
0.13036997683033016,0.5840149686116862,-0.2391304347826087,0.5409383624655015,0.0,1,0.3333333333333333,0,1
1.4829621758828824,0.8164920606714003,0.5869565217391305,0.7654093836246553,1.0,1,1.0,1,1
1.0262245244314576,0.3978069333487989,0.5217391304347826,0.4351425942962283,1.0,1,0.6666666666666666,1,0
1.0486858222281255,0.49177314232037117,0.4782608695652174,0.5243790248390064,1.0,1,0.3333333333333333,1,0
0.04843494045247271,-0.09944412376040176,-0.10869565217391304,-0.11039558417663295,2.0,0,0.3333333333333333,1,0
0.8528947329584864,-0.02281568540505184,0.717391304347826,0.030358785648574166,2.0,0,0.6666666666666666,0,0
-0.05203583182066379,-0.36094107028833383,-0.10869565217391304,-0.37994480220791155,0.0,0,-0.3333333333333333,0,0
1.2465577544605304,0.18287446775021607,0.8913043478260869,0.19043238270469198,2.0,0,1.0,1,0
-0.4044656956066174,-0.8506332811115715,-0.6086956521739131,-0.8491260349586016,0.0,0,-0.6666666666666666,0,0
-0.21094730006936144,-0.5134105369808463,-0.2826086956521739,-0.576816927322907,0.0,0,0.0,0,1
-0.2479597408538835,-0.01901307117087636,-0.45652173913043476,-0.09015639374425008,0.0,0,0.3333333333333333,1,0
1.1342365077256829,0.04432542248725497,0.9347826086956522,0.0735970561177553,2.0,0,1.0,1,0
0.18823512049704108,0.3322953777284703,-0.13043478260869565,0.23643054277828904,0.0,1,0.3333333333333333,0,0
-0.17867209751922195,-0.8274384494192415,0.043478260869565216,-0.8344066237350506,0.0,0,-0.6666666666666666,0,0
0.03860627794749191,-0.5367323033138697,0.17391304347826086,-0.5547378104875804,1.0,0,0.3333333333333333,1,0
0.41613907705022063,0.4267070914171707,0.021739130434782608,0.4369825206991721,0.0,1,0.3333333333333333,0,1
0.6881834683667598,0.6660138908123397,0.13043478260869565,0.6991720331186754,1.0,1,1.0,1,0
0.07601717802275644,0.027525115418391043,-0.13043478260869565,-0.015639374425022896,0.0,0,0.3333333333333333,0,0
0.057319106860878696,0.16777594924118766,-0.1956521739130435,0.10395584176632947,1.0,0,0.3333333333333333,0,0
0.5818981419990852,0.4270707084011798,0.15217391304347827,0.4277828886844527,0.0,1,0.3333333333333333,1,0
-0.18194831835421554,0.4964140036614264,-0.45652173913043476,0.46550137994480245,0.0,1,0.0,0,1
1.688050648603179,0.5504555951123732,0.9130434782608695,0.5556577736890526,1.0,1,0.3333333333333333,0,0
0.8774368737179205,0.31360274819977846,0.45652173913043476,0.32566697332106725,0.0,1,0.0,1,1
-0.11847522911409218,-0.8709782051889914,0.30434782608695654,-0.8445262189512419,1.0,0,-0.6666666666666666,0,0
1.0678118681837636,0.32446144569732216,0.6086956521739131,0.35326586936522547,2.0,0,1.3333333333333333,0,0
0.39375156801109784,-0.06980734098185193,0.2608695652173913,-0.07083716651333936,1.0,0,0.3333333333333333,0,1
0.2062690928410148,0.13266898550344824,-0.043478260869565216,0.10579576816927325,0.0,1,-0.3333333333333333,1,0
-0.11297058780124261,0.13815278660572416,-0.34782608695652173,0.18675252989880417,0.0,1,-0.3333333333333333,1,0
-0.3800711323622733,-0.6401451396642939,-0.5652173913043478,-0.6421343146274148,0.0,0,0.0,0,1
-0.015097179793686594,-0.9271327298388968,0.8260869565217391,-0.9162833486660534,1.0,0,-0.6666666666666666,1,0
-0.3732087779105976,-0.4972590290467988,-0.5652173913043478,-0.3762649494020239,0.0,0,-0.3333333333333333,0,1
1.593896193975886,0.6606033962953807,0.7608695652173914,0.644894204231831,2.0,1,0.6666666666666666,0,0
-0.10981242897832086,-0.5717394483281432,-0.06521739130434782,-0.6366145354185833,0.0,0,0.0,1,0
0.6778678000619826,0.49409725942306115,0.1956521739130435,0.4553817847286109,0.0,1,0.3333333333333333,0,0
-0.2681040716636413,-0.9070662807607814,-0.13043478260869565,-0.939282428702852,1.0,0,-0.6666666666666666,0,0
0.779888136243562,0.5638700755610083,0.2391304347826087,0.628334866605336,0.0,1,0.6666666666666666,0,1
0.9713552043210697,-0.09698586809386435,0.9347826086956522,-0.13339466421343135,2.0,0,1.3333333333333333,0,0
-0.3359749708534408,0.278013351787481,-0.5652173913043478,0.08647654093836253,0.0,1,-0.6666666666666666,0,1
0.15423326102035093,0.23995046921158147,-0.13043478260869565,0.19595216191352358,0.0,1,-0.3333333333333333,1,1
-0.3896341553400924,0.07582182321476749,-0.6086956521739131,0.07543698252069933,0.0,1,-0.6666666666666666,1,1
-0.33128200587358514,-0.042404910247772945,-0.5434782608695652,-0.18307267709291622,0.0,0,0.3333333333333333,0,1
1.1086022933545845,0.23481049968020715,0.717391304347826,0.268629254829807,2.0,0,1.0,1,0
0.6971119080296928,0.4346042377459228,0.2391304347826087,0.4241030358785651,0.0,1,0.3333333333333333,0,0
0.6644530039403197,0.3426175098531934,0.2608695652173913,0.346826126954922,0.0,1,0.0,1,0
0.43679992916279275,0.26189912438514085,0.10869565217391304,0.2732290708371667,0.0,1,0.0,0,0
-0.39686545357949266,-0.3758826555115073,-0.6086956521739131,-0.37534498620055184,0.0,0,-0.3333333333333333,1,0
-0.11032895028113517,-0.9277972034678128,0.4782608695652174,-0.9144434222631095,2.0,0,-0.6666666666666666,0,0
-0.39075574445477484,0.005761536718447383,-0.6086956521739131,0.005519779208831856,0.0,1,-0.6666666666666666,0,1
-0.16781039240861262,-0.9063222267881338,0.21739130434782608,-0.9236430542778289,2.0,0,-0.6666666666666666,0,0
-0.3410663951240389,-0.9296047443990904,-0.3695652173913043,-0.9411223551057957,0.0,0,-0.6666666666666666,1,0
-0.19679461637224954,-0.17860763827186898,-0.3695652173913043,-0.19411223551057954,1.0,0,0.0,1,1
1.8151296468470066,0.6350493805222003,0.9347826086956522,0.6366145354185835,1.0,1,0.6666666666666666,1,0
1.5008190552087484,0.5993863827646488,0.7391304347826086,0.6099356025758972,0.0,1,0.6666666666666666,1,0
0.6587269963548354,0.22270958297125698,0.32608695652173914,0.26586936522539106,0.0,1,0.0,0,0
0.08407491034665963,0.42335771807151373,-0.2391304347826087,0.454461821527139,0.0,1,0.3333333333333333,0,0
-0.2925576659140213,-0.4705254986732029,-0.43478260869565216,-0.4811407543698251,0.0,0,-0.6666666666666666,0,1
-0.13665677897315567,0.024340276659779017,-0.34782608695652173,0.055197792088316475,0.0,0,0.6666666666666666,0,0
0.8653060019775387,-0.12382559149717272,0.8478260869565217,-0.11499540018399265,2.0,0,0.3333333333333333,0,0
-0.3339679166482195,-0.4885014932347588,-0.5,-0.4774609015639374,0.0,0,0.0,1,0
-0.4000236124024144,-0.9349821786696413,-0.5869565217391305,-0.9254829806807728,0.0,0,-0.6666666666666666,0,0
0.567155148241614,-0.18519464606925032,0.5652173913043478,-0.19043238270469173,1.0,0,0.0,0,0
-0.38925045380085893,0.09978981596350855,-0.6086956521739131,0.09935602575896976,0.0,1,-0.6666666666666666,1,1
0.363247295642036,-0.02308253552674814,0.1956521739130435,-0.015639374425022896,0.0,1,-0.6666666666666666,0,0
1.6209028792373195,0.598136944183602,0.8260869565217391,0.5998160073597059,0.0,1,0.6666666666666666,0,1
0.029677838284558954,0.15398464976987256,-0.21739130434782608,0.15363385464581433,0.0,1,-0.3333333333333333,0,0
-0.1922197134044657,-0.15479328650228652,-0.3695652173913043,-0.17847286108555652,1.0,0,1.0,1,0
0.007334602499963146,-0.9333433415586163,0.9347826086956522,-0.9052437902483901,2.0,0,-0.6666666666666666,0,0
0.17589764023553375,0.23230516048779834,-0.10869565217391304,0.26586936522539106,1.0,0,1.0,0,0
1.7615885243724265,0.5885985911565843,0.9347826086956522,0.6044158233670656,1.0,1,0.6666666666666666,0,0
-0.3093519871312407,-0.7161275875390908,-0.391304347826087,-0.749770009199632,0.0,0,-0.3333333333333333,1,0
-0.3211139150838978,0.11638304171263712,-0.5434782608695652,0.07451701931922745,0.0,1,-0.6666666666666666,0,1
1.608580156727321,0.6151854642318926,0.8043478260869565,0.6494940202391907,2.0,1,1.0,0,0
